Format Version,1.25,Take Name,Take 2025-11-28 07.50.09 PM,Take Notes,,Capture Frame Rate,120.000000,Export Frame Rate,120.000000,Capture Start Time,2025-11-28 07.50.10.342 PM,Capture Start Frame,3630650,Total Frames in Take,1139,Total Exported Frames,1139,Rotation Type,Quaternion,Length Units,Centimeters,Coordinate Space,Global

,Type,Rigid Body,Rigid Body,Rigid Body,Rigid Body,Rigid Body,Rigid Body,Rigid Body
,Name,SEE_large,SEE_large,SEE_large,SEE_large,SEE_large,SEE_large,SEE_large
,ID,B4680608301811F031C44B617C10C291,B4680608301811F031C44B617C10C291,B4680608301811F031C44B617C10C291,B4680608301811F031C44B617C10C291,B4680608301811F031C44B617C10C291,B4680608301811F031C44B617C10C291,B4680608301811F031C44B617C10C291
,Parent,,,,,,,
,,Rotation,Rotation,Rotation,Rotation,Position,Position,Position
Frame,Time (Seconds),X,Y,Z,W,X,Y,Z
0,0.000000,-0.014040,-0.361477,0.002027,0.932273,-215.843582,92.212296,83.379623
1,0.008333,-0.013734,-0.361491,0.002017,0.932272,-215.853195,92.213272,83.383804
2,0.016667,-0.013858,-0.361522,0.002158,0.932258,-215.860779,92.213287,83.381828
3,0.025000,-0.013917,-0.361897,0.002170,0.932112,-215.864182,92.213524,83.380348
4,0.033333,-0.013797,-0.362635,0.002134,0.931827,-215.864349,92.213150,83.380684
5,0.041667,-0.013836,-0.363259,0.001935,0.931583,-215.861221,92.214249,83.381416
6,0.050000,-0.013925,-0.363424,0.001927,0.931518,-215.858887,92.215607,83.380249
7,0.058333,-0.013942,-0.363425,0.001991,0.931517,-215.858932,92.214783,83.381226
8,0.066667,-0.013711,-0.363385,0.002082,0.931536,-215.858368,92.214752,83.383003
9,0.075000,-0.013928,-0.363393,0.002062,0.931529,-215.858292,92.215019,83.382484
10,0.083333,-0.013864,-0.363460,0.002089,0.931504,-215.859802,92.214394,83.382088
11,0.091667,-0.013709,-0.363521,0.002070,0.931483,-215.859985,92.213516,83.383217
12,0.100000,-0.013797,-0.363545,0.002262,0.931472,-215.860703,92.213715,83.382553
13,0.108333,-0.013735,-0.363550,0.002299,0.931470,-215.860016,92.213570,83.383644
14,0.116667,-0.013749,-0.363577,0.002312,0.931460,-215.861649,92.213730,83.383972
15,0.125000,-0.013817,-0.363611,0.002201,0.931446,-215.862183,92.212952,83.384392
16,0.133333,-0.013621,-0.363553,0.002248,0.931471,-215.865875,92.214172,83.383659
17,0.141667,-0.013598,-0.363499,0.002256,0.931493,-215.867096,92.214699,83.383301
18,0.150000,-0.013668,-0.363528,0.002375,0.931480,-215.871811,92.214561,83.381729
19,0.158333,-0.013816,-0.363596,0.002340,0.931452,-215.875412,92.214485,83.382187
20,0.166667,-0.013929,-0.363554,0.002410,0.931466,-215.877701,92.214180,83.381859
21,0.175000,-0.013927,-0.363537,0.002686,0.931472,-215.881317,92.214409,83.380669
22,0.183333,-0.013834,-0.363582,0.002750,0.931455,-215.882584,92.214478,83.381104
23,0.191667,-0.013780,-0.363588,0.002709,0.931454,-215.886871,92.214851,83.380058
24,0.200000,-0.013780,-0.363588,0.002815,0.931454,-215.889923,92.214706,83.379501
25,0.208333,-0.013787,-0.363533,0.002812,0.931475,-215.891388,92.214455,83.379822
26,0.216667,-0.013774,-0.363490,0.002887,0.931492,-215.891144,92.214928,83.380852
27,0.225000,-0.013725,-0.363459,0.002785,0.931505,-215.889572,92.214294,83.381706
28,0.233333,-0.013789,-0.363447,0.002934,0.931508,-215.887314,92.213890,83.381638
29,0.241667,-0.013778,-0.363514,0.002802,0.931483,-215.886063,92.214401,83.381699
30,0.250000,-0.013581,-0.363448,0.002852,0.931511,-215.885895,92.215004,83.382607
31,0.258333,-0.013642,-0.363438,0.002746,0.931514,-215.885635,92.215202,83.383598
32,0.266667,-0.013728,-0.363424,0.002725,0.931519,-215.884979,92.215286,83.383469
33,0.275000,-0.013725,-0.363442,0.002825,0.931511,-215.884949,92.215324,83.383636
34,0.283333,-0.013772,-0.363458,0.002879,0.931505,-215.886108,92.215057,83.383842
35,0.291667,-0.013702,-0.363434,0.002891,0.931515,-215.886810,92.214203,83.383812
36,0.300000,-0.013793,-0.363442,0.002781,0.931511,-215.885880,92.213692,83.383179
37,0.308333,-0.013760,-0.363498,0.002601,0.931490,-215.886398,92.213226,83.381996
38,0.316667,-0.013679,-0.363446,0.002767,0.931511,-215.887741,92.213066,83.381355
39,0.325000,-0.013724,-0.363466,0.002773,0.931502,-215.887329,92.214600,83.380051
40,0.333333,-0.013714,-0.363494,0.002766,0.931492,-215.886993,92.213814,83.380638
41,0.341667,-0.013636,-0.363487,0.002652,0.931496,-215.885071,92.214378,83.381203
42,0.350000,-0.013743,-0.363513,0.002774,0.931484,-215.885254,92.213287,83.380928
43,0.358333,-0.013821,-0.363450,0.002709,0.931507,-215.884827,92.213509,83.380783
44,0.366667,-0.013732,-0.363516,0.002705,0.931483,-215.884232,92.215057,83.381165
45,0.375000,-0.013696,-0.363522,0.002756,0.931481,-215.883377,92.214760,83.381783
46,0.383333,-0.013630,-0.363502,0.002776,0.931490,-215.883469,92.214226,83.382378
47,0.391667,-0.013732,-0.363427,0.002731,0.931518,-215.883209,92.214661,83.382820
48,0.400000,-0.013760,-0.363470,0.002640,0.931501,-215.882828,92.214668,83.383354
49,0.408333,-0.013772,-0.363439,0.002623,0.931512,-215.882736,92.213005,83.383766
50,0.416667,-0.013734,-0.363430,0.002699,0.931517,-215.882874,92.214279,83.383270
51,0.425000,-0.013742,-0.363425,0.002630,0.931518,-215.882523,92.213562,83.385094
52,0.433333,-0.013747,-0.363447,0.002718,0.931510,-215.882202,92.212158,83.384560
53,0.441667,-0.013709,-0.363393,0.002733,0.931531,-215.882370,92.212074,83.383751
54,0.450000,-0.013820,-0.363457,0.002693,0.931504,-215.883179,92.213509,83.383148
55,0.458333,-0.013841,-0.363453,0.002572,0.931506,-215.884659,92.214569,83.382881
56,0.466667,-0.013787,-0.363454,0.002804,0.931506,-215.885635,92.214020,83.382004
57,0.475000,-0.013751,-0.363466,0.002778,0.931502,-215.885330,92.213364,83.381493
58,0.483333,-0.013741,-0.363472,0.002607,0.931500,-215.885132,92.213272,83.380806
59,0.491667,-0.013784,-0.363388,0.002611,0.931532,-215.885025,92.213821,83.380463
60,0.500000,-0.013846,-0.363420,0.002687,0.931519,-215.883331,92.213158,83.381668
61,0.508333,-0.013797,-0.363445,0.002635,0.931510,-215.881638,92.214554,83.380913
62,0.516667,-0.013735,-0.363499,0.002615,0.931490,-215.881348,92.214378,83.381096
63,0.525000,-0.013707,-0.363491,0.002750,0.931493,-215.882370,92.213188,83.380981
64,0.533333,-0.013678,-0.363452,0.002651,0.931509,-215.882065,92.213646,83.382256
65,0.541667,-0.013779,-0.363445,0.002689,0.931510,-215.880875,92.214020,83.381973
66,0.550000,-0.013782,-0.363431,0.002688,0.931515,-215.882141,92.214027,83.384232
67,0.558333,-0.013804,-0.363384,0.002864,0.931533,-215.886734,92.214211,83.383591
68,0.566667,-0.013806,-0.363419,0.002863,0.931519,-215.888763,92.214188,83.384163
69,0.575000,-0.013759,-0.363401,0.002780,0.931527,-215.889694,92.215034,83.383492
70,0.583333,-0.013857,-0.363398,0.002914,0.931526,-215.889328,92.213387,83.383820
71,0.591667,-0.013773,-0.363357,0.002709,0.931544,-215.887161,92.214783,83.383247
72,0.600000,-0.013769,-0.363393,0.002735,0.931530,-215.887634,92.215317,83.381729
73,0.608333,-0.013853,-0.363464,0.002849,0.931501,-215.889099,92.213097,83.382881
74,0.616667,-0.013699,-0.363357,0.002761,0.931545,-215.889816,92.214752,83.382904
75,0.625000,-0.013792,-0.363415,0.002742,0.931521,-215.889450,92.214073,83.380875
76,0.633333,-0.013828,-0.363441,0.002745,0.931511,-215.889481,92.213882,83.379562
77,0.641667,-0.013763,-0.363426,0.002787,0.931517,-215.888458,92.213394,83.380577
78,0.650000,-0.013737,-0.363433,0.002865,0.931515,-215.887238,92.214493,83.381355
79,0.658333,-0.013802,-0.363408,0.002852,0.931524,-215.886658,92.213707,83.380806
80,0.666667,-0.013874,-0.363453,0.002801,0.931505,-215.886902,92.214432,83.380692
81,0.675000,-0.013899,-0.363421,0.002802,0.931517,-215.886444,92.215042,83.381531
82,0.683333,-0.013751,-0.363375,0.002828,0.931537,-215.885452,92.214996,83.383224
83,0.691667,-0.013758,-0.363400,0.002807,0.931527,-215.884949,92.213860,83.384056
84,0.700000,-0.013746,-0.363433,0.002745,0.931515,-215.884705,92.215019,83.382942
85,0.708333,-0.013749,-0.363401,0.002715,0.931528,-215.885117,92.213326,83.383987
86,0.716667,-0.013681,-0.363374,0.002789,0.931539,-215.886353,92.213509,83.384483
87,0.725000,-0.013647,-0.363337,0.002776,0.931554,-215.886826,92.214409,83.384033
88,0.733333,-0.013793,-0.363404,0.002688,0.931526,-215.887207,92.214241,83.384331
89,0.741667,-0.013835,-0.363350,0.002667,0.931546,-215.888245,92.215096,83.384064
90,0.750000,-0.013857,-0.363397,0.002609,0.931528,-215.888138,92.214806,83.383682
91,0.758333,-0.013858,-0.363358,0.002780,0.931543,-215.888260,92.214798,83.382660
92,0.766667,-0.013912,-0.363387,0.002709,0.931531,-215.887787,92.215576,83.380783
93,0.775000,-0.013872,-0.363408,0.002841,0.931523,-215.888504,92.214088,83.381752
94,0.783333,-0.013840,-0.363395,0.002720,0.931528,-215.887527,92.214874,83.381798
95,0.791667,-0.013832,-0.363378,0.002836,0.931535,-215.887665,92.214302,83.381302
96,0.800000,-0.013756,-0.363458,0.002917,0.931504,-215.887146,92.213371,83.381302
97,0.808333,-0.013872,-0.363401,0.002724,0.931526,-215.886856,92.214249,83.380928
98,0.816667,-0.013964,-0.363421,0.002738,0.931516,-215.887115,92.214798,83.381989
99,0.825000,-0.013953,-0.363344,0.002827,0.931546,-215.886734,92.215767,83.382576
100,0.833333,-0.013934,-0.363418,0.002833,0.931518,-215.884781,92.214546,83.382812
101,0.841667,-0.013819,-0.363391,0.002690,0.931530,-215.884537,92.214462,83.383018
102,0.850000,-0.013750,-0.363371,0.002632,0.931539,-215.885132,92.215195,83.383995
103,0.858333,-0.013770,-0.363350,0.002660,0.931547,-215.885208,92.214012,83.385483
104,0.866667,-0.013737,-0.363336,0.002782,0.931553,-215.886276,92.213715,83.384476
105,0.875000,-0.013860,-0.363369,0.002715,0.931538,-215.886566,92.213654,83.383163
106,0.883333,-0.013715,-0.363372,0.002714,0.931539,-215.887863,92.213531,83.384659
107,0.891667,-0.013653,-0.363382,0.002689,0.931536,-215.887802,92.215034,83.385185
108,0.900000,-0.013811,-0.363372,0.002716,0.931538,-215.888519,92.214767,83.382614
109,0.908333,-0.013726,-0.363399,0.002721,0.931529,-215.889313,92.213913,83.382774
110,0.916667,-0.013697,-0.363388,0.002800,0.931533,-215.889709,92.214600,83.383011
111,0.925000,-0.013698,-0.363307,0.002737,0.931565,-215.889221,92.214890,83.382706
112,0.933333,-0.013823,-0.363298,0.002686,0.931566,-215.887695,92.214706,83.382431
113,0.941667,-0.013900,-0.363394,0.002711,0.931528,-215.887146,92.214943,83.380447
114,0.950000,-0.013798,-0.363411,0.002825,0.931522,-215.887756,92.215851,83.382103
115,0.958333,-0.013827,-0.363334,0.002788,0.931552,-215.887283,92.214874,83.381943
116,0.966667,-0.013813,-0.363361,0.002787,0.931542,-215.886993,92.214661,83.381989
117,0.975000,-0.013904,-0.363437,0.002741,0.931511,-215.887283,92.214462,83.382103
118,0.983333,-0.013781,-0.363416,0.002768,0.931521,-215.892822,92.214996,83.383492
119,0.991667,-0.013655,-0.363409,0.002767,0.931525,-215.897675,92.215355,83.384804
120,1.000000,-0.013627,-0.363390,0.002804,0.931533,-215.898254,92.215599,83.384102
121,1.008333,-0.013711,-0.363453,0.002901,0.931507,-215.900116,92.215225,83.385429
122,1.016667,-0.013645,-0.363348,0.002967,0.931549,-215.897949,92.216263,83.386086
123,1.025000,-0.013632,-0.363333,0.002991,0.931555,-215.896866,92.215919,83.385788
124,1.033333,-0.013551,-0.363353,0.002826,0.931549,-215.897232,92.215363,83.384857
125,1.041667,-0.013533,-0.363379,0.002840,0.931539,-215.899277,92.215431,83.385056
126,1.050000,-0.013505,-0.363395,0.002644,0.931534,-215.899994,92.215309,83.383713
127,1.058333,-0.013520,-0.363440,0.002888,0.931515,-215.900284,92.214737,83.383041
128,1.066667,-0.013540,-0.363396,0.002863,0.931532,-215.901367,92.215828,83.382751
129,1.075000,-0.013545,-0.363333,0.002809,0.931557,-215.901352,92.216042,83.383781
130,1.083333,-0.013643,-0.363364,0.002850,0.931543,-215.900131,92.215286,83.384186
131,1.091667,-0.013737,-0.363385,0.002998,0.931533,-215.898544,92.215355,83.382744
132,1.100000,-0.013634,-0.363348,0.002906,0.931549,-215.898209,92.214706,83.382484
133,1.108333,-0.013414,-0.363300,0.002861,0.931571,-215.897400,92.214050,83.383217
134,1.116667,-0.013478,-0.363335,0.002810,0.931557,-215.898636,92.213928,83.382294
135,1.125000,-0.013439,-0.363348,0.002825,0.931552,-215.898590,92.216156,83.383163
136,1.133333,-0.013376,-0.363374,0.002949,0.931543,-215.898468,92.214615,83.385208
137,1.141667,-0.013680,-0.363385,0.002889,0.931534,-215.898132,92.215164,83.384552
138,1.150000,-0.013664,-0.363310,0.002823,0.931564,-215.897888,92.215462,83.384476
139,1.158333,-0.013599,-0.363342,0.002881,0.931552,-215.898804,92.214165,83.385376
140,1.166667,-0.013652,-0.363331,0.002986,0.931555,-215.898712,92.214302,83.385101
141,1.175000,-0.013590,-0.363321,0.002883,0.931560,-215.899963,92.215454,83.383553
142,1.183333,-0.013498,-0.363382,0.002793,0.931538,-215.900085,92.215225,83.384689
143,1.191667,-0.013560,-0.363370,0.002749,0.931542,-215.899277,92.215691,83.385139
144,1.200000,-0.013643,-0.363376,0.002839,0.931538,-215.900467,92.214325,83.384773
145,1.208333,-0.013674,-0.363438,0.002786,0.931514,-215.901276,92.215004,83.383568
146,1.216667,-0.013585,-0.363387,0.002863,0.931535,-215.901443,92.215324,83.383057
147,1.225000,-0.013650,-0.363363,0.002829,0.931543,-215.900665,92.215767,83.383141
148,1.233333,-0.013610,-0.363364,0.002845,0.931544,-215.900467,92.214546,83.382896
149,1.241667,-0.013539,-0.363393,0.002861,0.931533,-215.899689,92.215721,83.382919
150,1.250000,-0.013564,-0.363426,0.002931,0.931520,-215.898972,92.215012,83.383156
151,1.258333,-0.013503,-0.363400,0.002792,0.931531,-215.898544,92.215866,83.383003
152,1.266667,-0.013646,-0.363350,0.002829,0.931548,-215.897797,92.215675,83.383041
153,1.275000,-0.013694,-0.363378,0.002894,0.931536,-215.898346,92.215889,83.381882
154,1.283333,-0.013620,-0.363377,0.002901,0.931538,-215.897247,92.214844,83.382599
155,1.291667,-0.013613,-0.363349,0.002812,0.931549,-215.898102,92.215797,83.383957
156,1.300000,-0.013587,-0.363348,0.002840,0.931550,-215.898315,92.215393,83.384094
157,1.308333,-0.013537,-0.363362,0.002729,0.931546,-215.897842,92.216339,83.384499
158,1.316667,-0.013511,-0.363379,0.002901,0.931539,-215.898544,92.215790,83.384613
159,1.325000,-0.013667,-0.363381,0.002665,0.931536,-215.899750,92.217407,83.384392
160,1.333333,-0.013616,-0.363365,0.002805,0.931543,-215.900467,92.216225,83.383965
161,1.341667,-0.013684,-0.363438,0.002825,0.931514,-215.900238,92.215805,83.383675
162,1.350000,-0.013559,-0.363434,0.002928,0.931517,-215.900085,92.214485,83.383064
163,1.358333,-0.013649,-0.363412,0.002963,0.931524,-215.899796,92.214897,83.383301
164,1.366667,-0.013720,-0.363376,0.002888,0.931537,-215.900665,92.215065,83.383492
165,1.375000,-0.013627,-0.363362,0.002861,0.931544,-215.899734,92.216171,83.384460
166,1.383333,-0.013612,-0.363387,0.002869,0.931535,-215.899826,92.215988,83.383217
167,1.391667,-0.013644,-0.363383,0.002830,0.931536,-215.899155,92.216751,83.382317
168,1.400000,-0.013611,-0.363361,0.002945,0.931544,-215.899063,92.215294,83.383514
169,1.408333,-0.013656,-0.363317,0.002954,0.931561,-215.898315,92.214272,83.383163
170,1.416667,-0.013636,-0.363336,0.002854,0.931554,-215.898926,92.215630,83.383438
171,1.425000,-0.013631,-0.363413,0.002815,0.931524,-215.898178,92.216148,83.383606
172,1.433333,-0.013715,-0.363398,0.002939,0.931528,-215.897400,92.216484,83.382965
173,1.441667,-0.013651,-0.363414,0.002880,0.931523,-215.896942,92.215965,83.383987
174,1.450000,-0.013693,-0.363410,0.002797,0.931525,-215.897507,92.215691,83.383347
175,1.458333,-0.013636,-0.363371,0.002887,0.931540,-215.898178,92.214828,83.383896
176,1.466667,-0.013516,-0.363341,0.002806,0.931554,-215.899063,92.215736,83.384743
177,1.475000,-0.013655,-0.363391,0.002902,0.931532,-215.899063,92.215118,83.383789
178,1.483333,-0.013521,-0.363397,0.002905,0.931532,-215.899368,92.214813,83.383324
179,1.491667,-0.013486,-0.363366,0.002996,0.931544,-215.899796,92.215034,83.383125
180,1.500000,-0.013527,-0.363378,0.002835,0.931539,-215.900238,92.215294,83.384445
181,1.508333,-0.013610,-0.363368,0.002811,0.931542,-215.900467,92.215096,83.384026
182,1.516667,-0.013640,-0.363341,0.002852,0.931552,-215.901062,92.215187,83.383644
183,1.525000,-0.013686,-0.363400,0.002848,0.931528,-215.899582,92.215408,83.382568
184,1.533333,-0.013664,-0.363443,0.002876,0.931512,-215.899612,92.214981,83.382278
185,1.541667,-0.013649,-0.363418,0.002871,0.931522,-215.898346,92.215500,83.382889
186,1.550000,-0.013603,-0.363382,0.002903,0.931536,-215.898849,92.215591,83.383217
187,1.558333,-0.013717,-0.363389,0.002949,0.931532,-215.898178,92.215378,83.382736
188,1.566667,-0.013699,-0.363391,0.002865,0.931531,-215.898590,92.215034,83.383942
189,1.575000,-0.013581,-0.363411,0.002764,0.931526,-215.896790,92.217499,83.384346
190,1.583333,-0.013517,-0.363402,0.002845,0.931530,-215.896729,92.216042,83.384895
191,1.591667,-0.013443,-0.363336,0.002958,0.931557,-215.896637,92.215515,83.384552
192,1.600000,-0.013664,-0.363337,0.002938,0.931553,-215.896530,92.214676,83.383301
193,1.608333,-0.013693,-0.363371,0.002795,0.931540,-215.897339,92.214745,83.384239
194,1.616667,-0.013688,-0.363379,0.002842,0.931537,-215.897949,92.215057,83.384445
195,1.625000,-0.013738,-0.363396,0.002942,0.931529,-215.898651,92.215569,83.384178
196,1.633333,-0.013699,-0.363401,0.002834,0.931528,-215.899155,92.215042,83.384361
197,1.641667,-0.013748,-0.363442,0.002899,0.931511,-215.899948,92.215057,83.383781
198,1.650000,-0.013648,-0.363422,0.002852,0.931520,-215.900238,92.214638,83.383804
199,1.658333,-0.013537,-0.363378,0.002909,0.931539,-215.900467,92.214836,83.384140
200,1.666667,-0.013530,-0.363369,0.002862,0.931543,-215.900345,92.215187,83.383942
201,1.675000,-0.013639,-0.363426,0.002803,0.931519,-215.899475,92.215004,83.382347
202,1.683333,-0.013511,-0.363356,0.002785,0.931548,-215.899414,92.215332,83.383812
203,1.691667,-0.013517,-0.363407,0.002728,0.931528,-215.898895,92.215973,83.384079
204,1.700000,-0.013717,-0.363398,0.002742,0.931529,-215.898270,92.216934,83.383247
205,1.708333,-0.013697,-0.363387,0.002819,0.931533,-215.897705,92.215027,83.383904
206,1.716667,-0.013614,-0.363352,0.002882,0.931548,-215.897232,92.214165,83.382751
207,1.725000,-0.013550,-0.363353,0.002959,0.931548,-215.897369,92.214706,83.383331
208,1.733333,-0.013583,-0.363370,0.002918,0.931541,-215.897583,92.214821,83.383453
209,1.741667,-0.013521,-0.363397,0.002877,0.931532,-215.897720,92.214569,83.384102
210,1.750000,-0.013700,-0.363363,0.002918,0.931542,-215.897552,92.214256,83.384071
211,1.758333,-0.013613,-0.363352,0.002767,0.931548,-215.897919,92.215782,83.384674
212,1.766667,-0.013658,-0.363336,0.002847,0.931554,-215.898895,92.215271,83.385048
213,1.775000,-0.013591,-0.363426,0.002934,0.931519,-215.898438,92.215607,83.384804
214,1.783333,-0.013658,-0.363399,0.002982,0.931529,-215.899078,92.215218,83.384453
215,1.791667,-0.013582,-0.363362,0.002977,0.931544,-215.900391,92.214928,83.384979
216,1.800000,-0.013546,-0.363331,0.002731,0.931558,-215.899734,92.214874,83.385162
217,1.808333,-0.013581,-0.363334,0.002769,0.931556,-215.900040,92.214600,83.383926
218,1.816667,-0.013565,-0.363398,0.002831,0.931531,-215.900635,92.215797,83.383575
219,1.825000,-0.013637,-0.363362,0.002812,0.931544,-215.900635,92.216240,83.384499
220,1.833333,-0.013613,-0.363316,0.002905,0.931562,-215.900116,92.215668,83.383835
221,1.841667,-0.013665,-0.363366,0.002828,0.931542,-215.898926,92.215637,83.382866
222,1.850000,-0.013658,-0.363364,0.002743,0.931543,-215.898819,92.216606,83.383057
223,1.858333,-0.013598,-0.363316,0.002826,0.931562,-215.898224,92.215767,83.383820
224,1.866667,-0.013627,-0.363373,0.002938,0.931539,-215.897552,92.215027,83.383041
225,1.875000,-0.013648,-0.363435,0.002940,0.931515,-215.897079,92.214485,83.382568
226,1.883333,-0.013517,-0.363393,0.002926,0.931534,-215.896103,92.215302,83.383331
227,1.891667,-0.013615,-0.363450,0.002846,0.931510,-215.896515,92.215523,83.384094
228,1.900000,-0.013538,-0.363393,0.002800,0.931533,-215.897232,92.214294,83.385834
229,1.908333,-0.013487,-0.363358,0.002802,0.931548,-215.898056,92.214630,83.387642
230,1.916667,-0.013516,-0.363357,0.002799,0.931548,-215.898758,92.214966,83.388321
231,1.925000,-0.013440,-0.363332,0.002798,0.931559,-215.898300,92.214996,83.389656
232,1.933333,-0.013361,-0.363296,0.002836,0.931574,-215.897705,92.215637,83.390137
233,1.941667,-0.013582,-0.363245,0.002838,0.931590,-215.895386,92.215462,83.388809
234,1.950000,-0.013607,-0.363228,0.002656,0.931597,-215.891953,92.214928,83.387772
235,1.958333,-0.013680,-0.363231,0.002543,0.931595,-215.887039,92.214119,83.387039
236,1.966667,-0.013676,-0.363148,0.002531,0.931628,-215.880722,92.213699,83.388588
237,1.975000,-0.013634,-0.363134,0.002359,0.931634,-215.876694,92.214371,83.393471
238,1.983333,-0.013269,-0.363120,0.002227,0.931645,-215.872772,92.215599,83.401497
239,1.991667,-0.012932,-0.362990,0.002215,0.931701,-215.865921,92.214951,83.415855
240,2.000000,-0.012301,-0.362720,0.001753,0.931815,-215.860962,92.217636,83.432266
241,2.008333,-0.012007,-0.362560,0.001450,0.931882,-215.855499,92.218620,83.447525
242,2.016667,-0.011555,-0.362149,0.001181,0.932048,-215.856247,92.220535,83.469818
243,2.025000,-0.010389,-0.361934,0.000454,0.932146,-215.849884,92.222435,83.494255
244,2.033333,-0.009279,-0.361826,-0.000319,0.932200,-215.840576,92.228783,83.519714
245,2.041667,-0.008461,-0.361931,-0.000461,0.932167,-215.831680,92.229431,83.543640
246,2.050000,-0.008364,-0.362190,-0.000855,0.932067,-215.833542,92.238235,83.570312
247,2.058333,-0.007974,-0.362302,-0.001377,0.932026,-215.834854,92.244530,83.604187
248,2.066667,-0.007115,-0.362462,-0.002202,0.931969,-215.831497,92.247238,83.637726
249,2.075000,-0.005108,-0.362343,-0.002829,0.932027,-215.826675,92.240112,83.675102
250,2.083333,-0.003884,-0.362095,-0.003328,0.932127,-215.819794,92.238159,83.704689
251,2.091667,-0.003146,-0.362106,-0.003591,0.932125,-215.812759,92.237251,83.726364
252,2.100000,-0.002796,-0.362112,-0.003745,0.932123,-215.808411,92.237511,83.743874
253,2.108333,-0.002491,-0.362175,-0.003823,0.932099,-215.804703,92.237091,83.756828
254,2.116667,-0.002812,-0.362542,-0.004691,0.931951,-215.800293,92.234451,83.769142
255,2.125000,-0.002500,-0.362663,-0.005227,0.931902,-215.796066,92.231346,83.781120
256,2.133333,-0.002163,-0.362631,-0.005434,0.931915,-215.792175,92.231369,83.790901
257,2.141667,-0.001860,-0.362543,-0.006020,0.931946,-215.786621,92.237419,83.805946
258,2.150000,-0.001556,-0.362582,-0.006196,0.931930,-215.783997,92.240654,83.815781
259,2.158333,-0.001282,-0.362575,-0.006245,0.931933,-215.781525,92.241821,83.823227
260,2.166667,-0.001047,-0.362635,-0.006483,0.931908,-215.782547,92.243347,83.830978
261,2.175000,-0.000848,-0.362689,-0.006629,0.931886,-215.783569,92.244598,83.842087
262,2.183333,-0.000541,-0.363083,-0.006142,0.931737,-215.781235,92.241417,83.850029
263,2.191667,-0.000308,-0.363089,-0.006396,0.931732,-215.779190,92.242371,83.864243
264,2.200000,-0.000093,-0.363014,-0.006550,0.931761,-215.773148,92.244057,83.887360
265,2.208333,0.000194,-0.362568,-0.007481,0.931927,-215.772064,92.251213,83.908752
266,2.216667,0.000442,-0.362399,-0.007720,0.931991,-215.772217,92.254280,83.921410
267,2.225000,0.000689,-0.362489,-0.007757,0.931955,-215.772720,92.255440,83.929131
268,2.233333,0.000797,-0.362643,-0.007667,0.931896,-215.773895,92.254715,83.933319
269,2.241667,0.000775,-0.362523,-0.007527,0.931944,-215.774399,92.255028,83.929146
270,2.250000,0.000473,-0.362433,-0.007484,0.931980,-215.774612,92.254379,83.920303
271,2.258333,-0.000034,-0.362569,-0.006564,0.931934,-215.780228,92.247025,83.893936
272,2.266667,-0.000596,-0.362754,-0.005704,0.931867,-215.788528,92.241058,83.855972
273,2.275000,-0.001477,-0.362376,-0.005607,0.932014,-215.795303,92.240372,83.811142
274,2.283333,-0.002443,-0.361888,-0.004400,0.932208,-215.806168,92.242340,83.762756
275,2.291667,-0.003530,-0.361866,-0.003566,0.932217,-215.814789,92.239868,83.717476
276,2.300000,-0.004013,-0.361998,-0.002866,0.932166,-215.824646,92.238014,83.695572
277,2.308333,-0.003000,-0.362220,-0.002630,0.932084,-215.834976,92.241821,83.714256
278,2.316667,-0.001098,-0.362324,-0.002764,0.932048,-215.839035,92.262909,83.754173
279,2.325000,0.000118,-0.362313,-0.003815,0.932049,-215.830475,92.303123,83.788071
280,2.333333,-0.000371,-0.362150,-0.002604,0.932116,-215.828079,92.339287,83.797089
281,2.341667,-0.001358,-0.362190,-0.003190,0.932098,-215.814514,92.402962,83.801682
282,2.350000,-0.002077,-0.362138,-0.002932,0.932118,-215.809326,92.457573,83.815361
283,2.358333,-0.002579,-0.362342,-0.004235,0.932032,-215.812729,92.533760,83.831917
284,2.366667,-0.002870,-0.362475,-0.004578,0.931978,-215.811615,92.591064,83.850487
285,2.375000,-0.003094,-0.362569,-0.004573,0.931941,-215.808624,92.633698,83.861816
286,2.383333,-0.003108,-0.362555,-0.004443,0.931947,-215.805771,92.676514,83.869553
287,2.391667,-0.003176,-0.362536,-0.004297,0.931955,-215.802139,92.721725,83.876648
288,2.400000,-0.003117,-0.362608,-0.003900,0.931928,-215.801865,92.766098,83.883247
289,2.408333,-0.001895,-0.362502,-0.003342,0.931975,-215.802979,92.827591,83.895020
290,2.416667,-0.001566,-0.362435,-0.003190,0.932002,-215.801407,92.875099,83.904205
291,2.425000,-0.001628,-0.362455,-0.002827,0.931996,-215.802902,92.919365,83.909103
292,2.433333,-0.002203,-0.362523,-0.002310,0.931969,-215.799789,92.968346,83.916298
293,2.441667,-0.003055,-0.362525,-0.002072,0.931967,-215.798904,93.029388,83.921494
294,2.450000,-0.003764,-0.362112,-0.001945,0.932125,-215.804596,93.090958,83.929878
295,2.458333,-0.005024,-0.362080,-0.003795,0.932126,-215.803833,93.178139,83.924118
296,2.466667,-0.006211,-0.362090,-0.001966,0.932120,-215.813034,93.221024,83.918404
297,2.475000,-0.005909,-0.362119,-0.002445,0.932110,-215.806747,93.284409,83.916977
298,2.483333,-0.005335,-0.361992,-0.002652,0.932162,-215.796844,93.345184,83.922134
299,2.491667,-0.005250,-0.361865,-0.002733,0.932212,-215.788895,93.399841,83.927284
300,2.500000,-0.005193,-0.361743,-0.001570,0.932262,-215.784744,93.453552,83.933411
301,2.508333,-0.005829,-0.361660,-0.001254,0.932291,-215.783218,93.502518,83.941238
302,2.516667,-0.006564,-0.361527,-0.001277,0.932338,-215.783112,93.555481,83.951607
303,2.525000,-0.007732,-0.361546,-0.001227,0.932322,-215.780167,93.604019,83.958206
304,2.533333,-0.009153,-0.361645,-0.000182,0.932271,-215.784332,93.640839,83.956894
305,2.541667,-0.009275,-0.361679,-0.000744,0.932257,-215.783859,93.691238,83.956161
306,2.550000,-0.008121,-0.362252,-0.003825,0.932037,-215.767639,93.764862,83.953796
307,2.558333,-0.007434,-0.362239,-0.005020,0.932042,-215.758682,93.820724,83.958473
308,2.566667,-0.007146,-0.362006,-0.004493,0.932137,-215.753006,93.863983,83.961555
309,2.575000,-0.007177,-0.361842,-0.003158,0.932207,-215.746140,93.908432,83.960854
310,2.583333,-0.007762,-0.361508,-0.001504,0.932335,-215.747025,93.958534,83.969566
311,2.591667,-0.008325,-0.361049,-0.000429,0.932510,-215.741562,94.015076,83.971107
312,2.600000,-0.008921,-0.360848,0.000170,0.932582,-215.740463,94.065781,83.971268
313,2.608333,-0.009356,-0.360897,0.000339,0.932559,-215.737946,94.115379,83.967186
314,2.616667,-0.011056,-0.361035,0.000305,0.932487,-215.736053,94.169655,83.955292
315,2.625000,-0.012116,-0.361082,0.000360,0.932455,-215.735703,94.224472,83.945847
316,2.633333,-0.012472,-0.361235,-0.000728,0.932391,-215.735840,94.290695,83.938576
317,2.641667,-0.012733,-0.361181,-0.001076,0.932408,-215.732437,94.347694,83.937393
318,2.650000,-0.012924,-0.361458,-0.001006,0.932298,-215.727829,94.400879,83.925766
319,2.658333,-0.013196,-0.361454,0.000379,0.932296,-215.726120,94.443359,83.913124
320,2.666667,-0.013418,-0.361041,0.001610,0.932452,-215.730255,94.482513,83.913490
321,2.675000,-0.013501,-0.360798,0.001098,0.932546,-215.732224,94.539139,83.916054
322,2.683333,-0.013994,-0.360659,0.001533,0.932592,-215.730103,94.593346,83.917282
323,2.691667,-0.015546,-0.360682,0.001957,0.932557,-215.727615,94.644318,83.918663
324,2.700000,-0.016844,-0.360802,0.002276,0.932487,-215.725662,94.688210,83.919136
325,2.708333,-0.017582,-0.360812,0.002525,0.932469,-215.723465,94.725716,83.918747
326,2.716667,-0.018135,-0.360950,0.002721,0.932405,-215.720490,94.761574,83.911423
327,2.725000,-0.018331,-0.361114,0.002934,0.932337,-215.717392,94.794182,83.902893
328,2.733333,-0.018396,-0.361198,0.003205,0.932302,-215.714996,94.826683,83.896202
329,2.741667,-0.018427,-0.361208,0.002370,0.932300,-215.712769,94.875969,83.886765
330,2.750000,-0.019032,-0.361229,0.002266,0.932280,-215.710205,94.915810,83.880547
331,2.758333,-0.019936,-0.361221,0.002626,0.932263,-215.707703,94.950836,83.875351
332,2.766667,-0.020418,-0.361253,0.003005,0.932239,-215.702271,94.984665,83.877876
333,2.775000,-0.020770,-0.361729,0.002930,0.932047,-215.694855,95.020782,83.869995
334,2.783333,-0.021252,-0.361504,0.003603,0.932121,-215.697098,95.047775,83.868721
335,2.791667,-0.021797,-0.361480,0.004887,0.932112,-215.699142,95.068764,83.858887
336,2.800000,-0.022473,-0.361319,0.005804,0.932153,-215.701172,95.096252,83.850243
337,2.808333,-0.022041,-0.360854,0.005884,0.932343,-215.708206,95.134422,83.845222
338,2.816667,-0.021845,-0.360764,0.005762,0.932384,-215.706329,95.159821,83.846054
339,2.825000,-0.021799,-0.360702,0.005599,0.932409,-215.704926,95.178848,83.849617
340,2.833333,-0.021827,-0.360797,0.004687,0.932377,-215.696884,95.204674,83.856133
341,2.841667,-0.021721,-0.360681,0.004216,0.932427,-215.692993,95.227867,83.864937
342,2.850000,-0.021773,-0.360601,0.004194,0.932457,-215.691208,95.248100,83.871284
343,2.858333,-0.021726,-0.360566,0.004416,0.932470,-215.689728,95.267654,83.872574
344,2.866667,-0.021969,-0.360483,0.004679,0.932495,-215.686920,95.287521,83.872780
345,2.875000,-0.022004,-0.360459,0.004478,0.932505,-215.682129,95.313766,83.874031
346,2.883333,-0.022141,-0.360335,0.004456,0.932549,-215.681747,95.342850,83.869209
347,2.891667,-0.022584,-0.360339,0.004563,0.932537,-215.681915,95.369095,83.862808
348,2.900000,-0.022877,-0.360254,0.004851,0.932561,-215.680435,95.392227,83.857658
349,2.908333,-0.023156,-0.360201,0.004915,0.932574,-215.680511,95.412300,83.854607
350,2.916667,-0.023080,-0.360246,0.003750,0.932564,-215.679337,95.442963,83.852798
351,2.925000,-0.022997,-0.360191,0.003344,0.932589,-215.677902,95.464119,83.853241
352,2.933333,-0.023017,-0.360216,0.003393,0.932579,-215.675934,95.479362,83.851799
353,2.941667,-0.022812,-0.360234,0.003498,0.932577,-215.672882,95.496231,83.849686
354,2.950000,-0.022722,-0.360219,0.003752,0.932583,-215.668945,95.513466,83.848572
355,2.958333,-0.022872,-0.360269,0.003767,0.932561,-215.664368,95.536034,83.845985
356,2.966667,-0.023273,-0.360313,0.003986,0.932533,-215.662033,95.561005,83.842644
357,2.975000,-0.023644,-0.360299,0.004241,0.932527,-215.659790,95.585228,83.840530
358,2.983333,-0.023973,-0.360332,0.004478,0.932505,-215.657547,95.610085,83.839256
359,2.991667,-0.025073,-0.360285,0.004858,0.932493,-215.657211,95.638687,83.837120
360,3.000000,-0.024934,-0.360901,0.004268,0.932261,-215.648361,95.672981,83.831909
361,3.008333,-0.024586,-0.360836,0.005366,0.932290,-215.643692,95.695641,83.833488
362,3.016667,-0.025266,-0.360072,0.006813,0.932557,-215.652679,95.704628,83.837936
363,3.025000,-0.025582,-0.359546,0.007291,0.932748,-215.656372,95.720093,83.843803
364,3.033333,-0.025689,-0.359483,0.007103,0.932771,-215.654846,95.741882,83.845695
365,3.041667,-0.025802,-0.359482,0.007050,0.932769,-215.653641,95.764671,83.845917
366,3.050000,-0.026141,-0.359618,0.007211,0.932706,-215.652008,95.786057,83.843735
367,3.058333,-0.026361,-0.359759,0.007396,0.932643,-215.650818,95.805969,83.839104
368,3.066667,-0.026552,-0.359818,0.007466,0.932615,-215.647598,95.820648,83.836334
369,3.075000,-0.026546,-0.359702,0.007278,0.932661,-215.640610,95.833672,83.832619
370,3.083333,-0.026552,-0.359543,0.007191,0.932723,-215.632385,95.846649,83.830154
371,3.091667,-0.026542,-0.359398,0.007177,0.932779,-215.619873,95.864487,83.825661
372,3.100000,-0.026578,-0.359189,0.007113,0.932859,-215.607315,95.894325,83.823952
373,3.108333,-0.026885,-0.358839,0.007172,0.932985,-215.587311,95.947556,83.819427
374,3.116667,-0.027232,-0.358639,0.005709,0.933062,-215.565582,96.033340,83.798317
375,3.125000,-0.028369,-0.358654,0.005437,0.933024,-215.543655,96.104149,83.775635
376,3.133333,-0.030194,-0.358836,0.005896,0.932894,-215.525864,96.165802,83.757919
377,3.141667,-0.031218,-0.358650,0.006650,0.932926,-215.509613,96.216011,83.750298
378,3.150000,-0.031099,-0.357958,0.008610,0.933180,-215.494507,96.262207,83.745003
379,3.158333,-0.031132,-0.357618,0.009552,0.933300,-215.483063,96.297722,83.739578
380,3.166667,-0.031584,-0.357549,0.010187,0.933305,-215.476685,96.329025,83.733589
381,3.175000,-0.031986,-0.357630,0.010348,0.933258,-215.476700,96.364952,83.725685
382,3.183333,-0.032388,-0.357777,0.010073,0.933191,-215.481064,96.401871,83.716789
383,3.191667,-0.033313,-0.357868,0.010157,0.933122,-215.484360,96.434448,83.706581
384,3.200000,-0.034101,-0.357917,0.010404,0.933072,-215.490585,96.462471,83.697952
385,3.208333,-0.034755,-0.357832,0.010488,0.933080,-215.494034,96.481850,83.692871
386,3.216667,-0.035031,-0.357580,0.010327,0.933168,-215.496368,96.497131,83.696274
387,3.225000,-0.035094,-0.357331,0.010136,0.933263,-215.498215,96.508911,83.696335
388,3.233333,-0.035107,-0.357158,0.009896,0.933331,-215.499237,96.521187,83.690819
389,3.241667,-0.035071,-0.357213,0.009843,0.933312,-215.500595,96.531151,83.687210
390,3.250000,-0.036091,-0.357385,0.010202,0.933204,-215.502960,96.543640,83.681740
391,3.258333,-0.036599,-0.357452,0.010444,0.933156,-215.505508,96.551552,83.678833
392,3.266667,-0.036575,-0.357479,0.010656,0.933144,-215.506500,96.552605,83.679649
393,3.275000,-0.036622,-0.357468,0.010580,0.933147,-215.506439,96.550140,83.680450
394,3.283333,-0.036478,-0.357511,0.010442,0.933138,-215.505096,96.543678,83.683578
395,3.291667,-0.035621,-0.357410,0.010151,0.933213,-215.502197,96.534225,83.691933
396,3.300000,-0.035169,-0.357310,0.010028,0.933270,-215.498947,96.530838,83.695236
397,3.308333,-0.034970,-0.357258,0.009885,0.933298,-215.496872,96.534470,83.695824
398,3.316667,-0.036191,-0.357430,0.010061,0.933184,-215.495270,96.546021,83.690819
399,3.325000,-0.036546,-0.357494,0.010162,0.933145,-215.495422,96.552193,83.689270
400,3.333333,-0.036430,-0.357476,0.010350,0.933154,-215.495728,96.548470,83.691422
401,3.341667,-0.036244,-0.357480,0.010202,0.933162,-215.495804,96.543488,83.691628
402,3.350000,-0.035349,-0.357287,0.009884,0.933273,-215.495544,96.535995,83.695808
403,3.358333,-0.034992,-0.357256,0.009748,0.933300,-215.495758,96.534340,83.694214
404,3.366667,-0.034895,-0.357319,0.009846,0.933278,-215.496735,96.537285,83.689514
405,3.375000,-0.036282,-0.357447,0.010299,0.933172,-215.499786,96.547539,83.682259
406,3.383333,-0.036847,-0.357445,0.010513,0.933148,-215.502747,96.550598,83.679840
407,3.391667,-0.036558,-0.357383,0.010559,0.933183,-215.504379,96.546913,83.680199
408,3.400000,-0.035545,-0.357360,0.010253,0.933234,-215.504593,96.539078,83.685669
409,3.408333,-0.036040,-0.357359,0.010323,0.933214,-215.505249,96.538750,83.684990
410,3.416667,-0.036268,-0.357424,0.010207,0.933182,-215.504333,96.541519,83.684143
411,3.425000,-0.036373,-0.357387,0.010212,0.933192,-215.503784,96.544006,83.683792
412,3.433333,-0.036404,-0.357454,0.010263,0.933165,-215.501495,96.546791,83.684296
413,3.441667,-0.036351,-0.357461,0.010252,0.933164,-215.500732,96.549400,83.685135
414,3.450000,-0.036368,-0.357437,0.010509,0.933170,-215.498947,96.546104,83.686539
415,3.458333,-0.035624,-0.357389,0.010173,0.933221,-215.497971,96.538925,83.693687
416,3.466667,-0.035133,-0.357299,0.009950,0.933276,-215.495270,96.535217,83.697357
417,3.475000,-0.034950,-0.357298,0.009830,0.933285,-215.492767,96.535484,83.697212
418,3.483333,-0.034990,-0.357352,0.009718,0.933264,-215.492874,96.537849,83.696213
419,3.491667,-0.036245,-0.357446,0.010117,0.933176,-215.494583,96.545235,83.689804
420,3.500000,-0.036671,-0.357532,0.010339,0.933123,-215.496094,96.548531,83.687386
421,3.508333,-0.035705,-0.357467,0.010200,0.933187,-215.497040,96.542671,83.691963
422,3.516667,-0.036039,-0.357369,0.010267,0.933211,-215.498001,96.542198,83.689476
423,3.525000,-0.036282,-0.357414,0.010238,0.933185,-215.499741,96.542694,83.684799
424,3.533333,-0.036269,-0.357459,0.010174,0.933169,-215.501617,96.543877,83.682533
425,3.541667,-0.036394,-0.357432,0.010403,0.933172,-215.502808,96.544464,83.680359
426,3.550000,-0.036454,-0.357427,0.010488,0.933170,-215.504211,96.546143,83.678818
427,3.558333,-0.036436,-0.357474,0.010526,0.933153,-215.504410,96.545883,83.678535
428,3.566667,-0.036461,-0.357491,0.010536,0.933145,-215.504044,96.544037,83.679893
429,3.575000,-0.036328,-0.357456,0.010461,0.933165,-215.503006,96.542015,83.682297
430,3.583333,-0.036296,-0.357404,0.010414,0.933186,-215.501450,96.540817,83.685005
431,3.591667,-0.036283,-0.357447,0.010295,0.933172,-215.498611,96.542068,83.686615
432,3.600000,-0.036301,-0.357503,0.010216,0.933150,-215.497177,96.545364,83.686615
433,3.608333,-0.036445,-0.357523,0.010291,0.933136,-215.495972,96.546135,83.688004
434,3.616667,-0.036367,-0.357492,0.010208,0.933152,-215.495255,96.545509,83.689713
435,3.625000,-0.036349,-0.357480,0.010101,0.933158,-215.494614,96.544983,83.690201
436,3.633333,-0.035475,-0.357294,0.009998,0.933265,-215.494186,96.537926,83.695839
437,3.641667,-0.035075,-0.357323,0.009769,0.933271,-215.494110,96.537338,83.694946
438,3.650000,-0.034958,-0.357333,0.009854,0.933271,-215.493896,96.537178,83.692902
439,3.658333,-0.035081,-0.357320,0.009994,0.933270,-215.496185,96.537766,83.690933
440,3.666667,-0.036116,-0.357457,0.010265,0.933175,-215.498260,96.543533,83.685806
441,3.675000,-0.036490,-0.357440,0.010337,0.933166,-215.500671,96.545914,83.683792
442,3.683333,-0.036455,-0.357422,0.010357,0.933174,-215.501663,96.544708,83.681992
443,3.691667,-0.035479,-0.357286,0.010253,0.933265,-215.501862,96.538750,83.686882
444,3.700000,-0.036052,-0.357322,0.010336,0.933228,-215.502411,96.542152,83.684036
445,3.708333,-0.036373,-0.357436,0.010314,0.933172,-215.502213,96.543655,83.680984
446,3.716667,-0.036359,-0.357427,0.010338,0.933176,-215.502045,96.544472,83.681503
447,3.725000,-0.036384,-0.357414,0.010502,0.933178,-215.501648,96.544327,83.682793
448,3.733333,-0.036345,-0.357450,0.010485,0.933166,-215.500061,96.543724,83.684471
449,3.741667,-0.035451,-0.357359,0.010228,0.933238,-215.498383,96.538086,83.691902
450,3.750000,-0.035069,-0.357317,0.010003,0.933271,-215.495163,96.536133,83.693901
451,3.758333,-0.036039,-0.357415,0.010073,0.933196,-215.495178,96.542267,83.689842
452,3.766667,-0.036516,-0.357484,0.010177,0.933150,-215.494415,96.545143,83.689445
453,3.775000,-0.035890,-0.357470,0.010050,0.933181,-215.493805,96.543381,83.694633
454,3.783333,-0.036415,-0.357508,0.010303,0.933143,-215.494461,96.544785,83.691818
455,3.791667,-0.036540,-0.357514,0.010471,0.933134,-215.495636,96.545464,83.689865
456,3.800000,-0.036532,-0.357532,0.010413,0.933128,-215.496613,96.547066,83.689247
457,3.808333,-0.036540,-0.357533,0.010429,0.933127,-215.498520,96.549721,83.688240
458,3.816667,-0.036730,-0.357560,0.010484,0.933109,-215.500977,96.553810,83.687439
459,3.825000,-0.036918,-0.357550,0.010677,0.933103,-215.504333,96.559731,83.686302
460,3.833333,-0.036855,-0.357578,0.010695,0.933095,-215.509079,96.566216,83.686790
461,3.841667,-0.037020,-0.357576,0.010777,0.933088,-215.514206,96.574821,83.689171
462,3.850000,-0.037134,-0.357789,0.011027,0.932999,-215.520935,96.581436,83.692535
463,3.858333,-0.037173,-0.357894,0.011329,0.932953,-215.531540,96.583694,83.699646
464,3.866667,-0.036949,-0.358127,0.011484,0.932871,-215.544052,96.580528,83.713005
465,3.875000,-0.036203,-0.359092,0.010570,0.932540,-215.550308,96.584068,83.720955
466,3.883333,-0.035949,-0.359835,0.010415,0.932265,-215.560028,96.571388,83.739151
467,3.891667,-0.036074,-0.359592,0.010240,0.932356,-215.578049,96.553864,83.777908
468,3.900000,-0.035150,-0.359589,0.010371,0.932391,-215.603424,96.521812,83.824364
469,3.908333,-0.034354,-0.360226,0.010168,0.932177,-215.634018,96.491714,83.860794
470,3.916667,-0.034010,-0.360994,0.010091,0.931893,-215.668137,96.464760,83.894341
471,3.925000,-0.034924,-0.361311,0.010237,0.931735,-215.711121,96.455070,83.933243
472,3.933333,-0.034336,-0.361667,0.010067,0.931621,-215.749573,96.441360,83.971283
473,3.941667,-0.034081,-0.362052,0.010459,0.931476,-215.794067,96.427567,83.998749
474,3.950000,-0.033466,-0.362826,0.010008,0.931202,-215.843887,96.413147,84.022095
475,3.958333,-0.033092,-0.363564,0.009430,0.930934,-215.893097,96.394142,84.058205
476,3.966667,-0.032712,-0.364546,0.008916,0.930568,-215.946747,96.373337,84.097397
477,3.975000,-0.032810,-0.365170,0.010246,0.930306,-216.012238,96.342377,84.140877
478,3.983333,-0.033211,-0.366058,0.010140,0.929944,-216.077347,96.313843,84.188484
479,3.991667,-0.034141,-0.367171,0.008923,0.929484,-216.144394,96.286392,84.230545
480,4.000000,-0.034526,-0.368409,0.008681,0.928982,-216.209824,96.267532,84.264732
481,4.008333,-0.034742,-0.369260,0.008512,0.928637,-216.283875,96.253227,84.311172
482,4.016667,-0.034483,-0.370111,0.006849,0.928322,-216.360123,96.242287,84.361305
483,4.025000,-0.035366,-0.371056,0.007591,0.927906,-216.429443,96.210243,84.411430
484,4.033333,-0.035830,-0.372503,0.008496,0.927300,-216.497757,96.185104,84.458832
485,4.041667,-0.035861,-0.373898,0.007829,0.926743,-216.570801,96.167953,84.497955
486,4.050000,-0.036172,-0.374741,0.007677,0.926392,-216.645477,96.147583,84.544739
487,4.058333,-0.036679,-0.375126,0.008655,0.926208,-216.721817,96.127083,84.596214
488,4.066667,-0.036746,-0.376025,0.009259,0.925834,-216.797546,96.114540,84.643448
489,4.075000,-0.036191,-0.377698,0.007923,0.925187,-216.881943,96.114059,84.689369
490,4.083333,-0.036818,-0.379002,0.007793,0.924630,-216.959290,96.109962,84.737656
491,4.091667,-0.037972,-0.379861,0.008978,0.924221,-217.040894,96.098724,84.789894
492,4.100000,-0.040688,-0.380511,0.009834,0.923829,-217.147400,96.099411,84.845482
493,4.108333,-0.040597,-0.381228,0.010090,0.923534,-217.236664,96.103218,84.896484
494,4.116667,-0.039921,-0.382691,0.010335,0.922956,-217.330353,96.117897,84.946777
495,4.125000,-0.041180,-0.384107,0.010465,0.922311,-217.415268,96.131042,84.988907
496,4.133333,-0.042437,-0.384859,0.009686,0.921948,-217.510101,96.150665,85.044464
497,4.141667,-0.043118,-0.386869,0.009509,0.921077,-217.593842,96.177574,85.080475
498,4.150000,-0.044200,-0.388129,0.011081,0.920478,-217.683502,96.195259,85.124382
499,4.158333,-0.045410,-0.389738,0.011833,0.919730,-217.778702,96.212929,85.174095
500,4.166667,-0.047206,-0.390163,0.013118,0.919441,-217.877121,96.216438,85.221184
501,4.175000,-0.047543,-0.391971,0.012760,0.918660,-217.968231,96.234085,85.258263
502,4.183333,-0.049173,-0.392210,0.013876,0.918455,-218.082474,96.235634,85.311897
503,4.191667,-0.050177,-0.392957,0.013841,0.918083,-218.186111,96.244057,85.358452
504,4.200000,-0.048756,-0.394741,0.011583,0.917425,-218.284821,96.285110,85.397743
505,4.208333,-0.049534,-0.396138,0.012502,0.916769,-218.372269,96.284134,85.438728
506,4.216667,-0.049774,-0.397764,0.012113,0.916057,-218.476822,96.280754,85.476692
507,4.225000,-0.051443,-0.398966,0.012976,0.915430,-218.573761,96.269798,85.519333
508,4.233333,-0.051451,-0.400371,0.013166,0.914813,-218.681213,96.256134,85.553970
509,4.241667,-0.051884,-0.401711,0.012551,0.914209,-218.792206,96.241943,85.595703
510,4.250000,-0.052274,-0.402912,0.012538,0.913659,-218.896393,96.221794,85.631287
511,4.258333,-0.052669,-0.403941,0.012404,0.913183,-219.011993,96.197983,85.661766
512,4.266667,-0.052926,-0.405217,0.012190,0.912606,-219.125580,96.173355,85.695847
513,4.275000,-0.053202,-0.406523,0.012044,0.912011,-219.235611,96.153275,85.725143
514,4.283333,-0.054142,-0.407964,0.012368,0.911308,-219.352203,96.130058,85.758278
515,4.291667,-0.054863,-0.409339,0.012951,0.910639,-219.466782,96.104324,85.786186
516,4.300000,-0.055278,-0.410962,0.012736,0.909886,-219.571930,96.074577,85.816803
517,4.308333,-0.055116,-0.412264,0.012820,0.909305,-219.688828,96.044655,85.852585
518,4.316667,-0.054828,-0.413580,0.012773,0.908726,-219.795822,96.012131,85.889389
519,4.325000,-0.054539,-0.415168,0.012559,0.908022,-219.904160,95.976761,85.924065
520,4.333333,-0.054209,-0.417009,0.012391,0.907200,-220.012878,95.944885,85.958466
521,4.341667,-0.054326,-0.418056,0.012231,0.906713,-220.116898,95.918121,85.982292
522,4.350000,-0.054418,-0.419320,0.012303,0.906122,-220.225784,95.895294,86.008873
523,4.358333,-0.054435,-0.420647,0.012740,0.905500,-220.338898,95.876503,86.034416
524,4.366667,-0.054589,-0.422165,0.012285,0.904790,-220.447876,95.855553,86.062241
525,4.375000,-0.054983,-0.422842,0.012252,0.904451,-220.566910,95.823959,86.097359
526,4.383333,-0.055053,-0.424020,0.011857,0.903900,-220.681458,95.791283,86.129524
527,4.391667,-0.054658,-0.425339,0.011787,0.903305,-220.799255,95.759216,86.156723
528,4.400000,-0.054528,-0.427020,0.011749,0.902520,-220.923187,95.726028,86.181595
529,4.408333,-0.054808,-0.428905,0.012166,0.901603,-221.050766,95.694122,86.206497
530,4.416667,-0.054853,-0.430627,0.012365,0.900777,-221.179443,95.660576,86.227295
531,4.425000,-0.054900,-0.432075,0.012007,0.900085,-221.302444,95.629623,86.238083
532,4.433333,-0.055073,-0.433352,0.012227,0.899457,-221.438553,95.598206,86.250381
533,4.441667,-0.055403,-0.434295,0.012214,0.898983,-221.583649,95.571808,86.279037
534,4.450000,-0.055102,-0.436431,0.012074,0.897968,-221.706863,95.557549,86.314407
535,4.458333,-0.055600,-0.437717,0.011981,0.897312,-221.838333,95.526810,86.342270
536,4.466667,-0.055312,-0.439025,0.011809,0.896693,-221.969940,95.494072,86.361748
537,4.475000,-0.054938,-0.440405,0.011461,0.896044,-222.108154,95.460220,86.370262
538,4.483333,-0.054576,-0.442475,0.012183,0.895036,-222.256165,95.419510,86.388039
539,4.491667,-0.054664,-0.444422,0.011938,0.894068,-222.393066,95.385559,86.403503
540,4.500000,-0.054778,-0.445921,0.012338,0.893309,-222.520279,95.356834,86.422821
541,4.508333,-0.055018,-0.446919,0.012430,0.892795,-222.654678,95.334366,86.446304
542,4.516667,-0.055421,-0.448324,0.011873,0.892072,-222.770996,95.312996,86.471367
543,4.525000,-0.056963,-0.449946,0.012236,0.891153,-222.909882,95.292206,86.494987
544,4.533333,-0.057175,-0.451689,0.011847,0.890263,-223.039871,95.269363,86.512329
545,4.541667,-0.056063,-0.453069,0.011726,0.889634,-223.171204,95.232834,86.530235
546,4.550000,-0.055204,-0.454211,0.011205,0.889111,-223.301147,95.195686,86.535431
547,4.558333,-0.055025,-0.455650,0.010930,0.888389,-223.439499,95.160172,86.531601
548,4.566667,-0.055366,-0.457165,0.011219,0.887586,-223.580856,95.127228,86.535919
549,4.575000,-0.055431,-0.458567,0.011201,0.886859,-223.716553,95.110260,86.549873
550,4.583333,-0.056452,-0.460013,0.011294,0.886044,-223.839447,95.090797,86.559662
551,4.591667,-0.056804,-0.461458,0.011044,0.885273,-223.954086,95.069687,86.568512
552,4.600000,-0.056714,-0.462908,0.010677,0.884526,-224.070740,95.040520,86.569580
553,4.608333,-0.056298,-0.463893,0.010523,0.884038,-224.201752,95.000542,86.573196
554,4.616667,-0.055789,-0.465435,0.009970,0.883266,-224.335403,94.960564,86.580292
555,4.625000,-0.055545,-0.467214,0.009716,0.882344,-224.473068,94.921967,86.589584
556,4.633333,-0.055059,-0.468744,0.009741,0.881563,-224.600937,94.884750,86.591354
557,4.641667,-0.054560,-0.470043,0.009699,0.880902,-224.725479,94.849579,86.596581
558,4.650000,-0.054673,-0.471296,0.009450,0.880228,-224.856750,94.813828,86.604477
559,4.658333,-0.055577,-0.471527,0.009976,0.880042,-225.003128,94.771782,86.622871
560,4.666667,-0.054701,-0.474203,0.009649,0.878662,-225.116821,94.757515,86.630615
561,4.675000,-0.054950,-0.476260,0.009886,0.877530,-225.251633,94.726257,86.636444
562,4.683333,-0.055388,-0.477020,0.010731,0.877080,-225.397278,94.691788,86.634705
563,4.691667,-0.054897,-0.478603,0.009912,0.876257,-225.530960,94.669899,86.622772
564,4.700000,-0.054675,-0.480033,0.008989,0.875499,-225.667404,94.644203,86.613937
565,4.708333,-0.055319,-0.481140,0.009294,0.874848,-225.806076,94.604156,86.616478
566,4.716667,-0.054348,-0.483323,0.008398,0.873713,-225.925034,94.582542,86.611977
567,4.725000,-0.055044,-0.484107,0.009975,0.873219,-226.072189,94.533340,86.623741
568,4.733333,-0.053923,-0.486372,0.006697,0.872061,-226.186996,94.529541,86.605408
569,4.741667,-0.053751,-0.487689,0.006742,0.871335,-226.309235,94.494377,86.592758
570,4.750000,-0.054202,-0.488433,0.007489,0.870884,-226.443771,94.452438,86.583298
571,4.758333,-0.053380,-0.489840,0.006178,0.870155,-226.562546,94.436440,86.572441
572,4.766667,-0.052861,-0.490864,0.004263,0.869621,-226.678329,94.419853,86.565300
573,4.775000,-0.054798,-0.491769,0.006019,0.868979,-226.795837,94.369522,86.567513
574,4.783333,-0.055078,-0.493600,0.006317,0.867920,-226.907990,94.344017,86.550377
575,4.791667,-0.054874,-0.496072,0.006556,0.866521,-226.994186,94.311195,86.526169
576,4.800000,-0.055712,-0.496516,0.007939,0.866201,-227.106293,94.267975,86.509224
577,4.808333,-0.056713,-0.497012,0.008198,0.865850,-227.214462,94.239647,86.485466
578,4.816667,-0.054957,-0.499691,0.006419,0.864435,-227.284698,94.229248,86.485016
579,4.825000,-0.054384,-0.500572,0.006103,0.863963,-227.378265,94.200668,86.464714
580,4.833333,-0.054820,-0.500314,0.007516,0.864074,-227.490616,94.151718,86.447891
581,4.841667,-0.055213,-0.500531,0.007269,0.863926,-227.586746,94.113708,86.416367
582,4.850000,-0.053851,-0.503184,0.005257,0.862484,-227.649139,94.092300,86.405296
583,4.858333,-0.054491,-0.503801,0.006285,0.862077,-227.757187,94.037010,86.367584
584,4.866667,-0.054887,-0.503897,0.007363,0.861987,-227.861694,93.984039,86.356728
585,4.875000,-0.054062,-0.505062,0.006001,0.861367,-227.949661,93.955193,86.342545
586,4.883333,-0.053496,-0.505922,0.006427,0.860895,-228.040985,93.914734,86.324242
587,4.891667,-0.051447,-0.506898,0.005091,0.860454,-228.131348,93.890366,86.297729
588,4.900000,-0.049809,-0.507934,0.005121,0.859940,-228.218384,93.851318,86.277100
589,4.908333,-0.048123,-0.509219,0.004227,0.859280,-228.297974,93.826797,86.251740
590,4.916667,-0.047920,-0.510117,0.004740,0.858756,-228.372406,93.790390,86.245987
591,4.925000,-0.048106,-0.511377,0.004269,0.857998,-228.444977,93.765572,86.224739
592,4.933333,-0.049665,-0.511585,0.005256,0.857780,-228.528183,93.724701,86.207939
593,4.941667,-0.050109,-0.512350,0.004779,0.857300,-228.601288,93.705017,86.186363
594,4.950000,-0.050312,-0.512920,0.005831,0.856941,-228.685379,93.673798,86.173264
595,4.958333,-0.049886,-0.513416,0.005639,0.856670,-228.773712,93.648933,86.162399
596,4.966667,-0.049146,-0.514509,0.005229,0.856059,-228.855087,93.626968,86.152954
597,4.975000,-0.049074,-0.515425,0.004919,0.855514,-228.935928,93.605431,86.139984
598,4.983333,-0.048827,-0.517290,0.004431,0.854405,-229.014374,93.601753,86.128876
599,4.991667,-0.049151,-0.518068,0.004866,0.853912,-229.101807,93.587837,86.128273
600,5.000000,-0.047928,-0.518563,0.003862,0.853687,-229.188843,93.589279,86.120239
601,5.008333,-0.047233,-0.519492,0.003275,0.853163,-229.276566,93.577888,86.110191
602,5.016667,-0.046684,-0.521132,0.002408,0.852195,-229.351715,93.567795,86.099388
603,5.025000,-0.046842,-0.521905,0.002905,0.851712,-229.440277,93.543724,86.083778
604,5.033333,-0.046578,-0.522629,0.002571,0.851283,-229.527634,93.527397,86.067314
605,5.041667,-0.046826,-0.523311,0.002498,0.850851,-229.617432,93.505516,86.044662
606,5.050000,-0.047635,-0.524342,0.001793,0.850173,-229.699890,93.489746,86.025635
607,5.058333,-0.048534,-0.525019,0.002526,0.849702,-229.791397,93.469368,86.013626
608,5.066667,-0.048685,-0.526035,0.002916,0.849063,-229.881836,93.456696,85.997368
609,5.075000,-0.048911,-0.526973,0.003561,0.848466,-229.972198,93.441788,85.975670
610,5.083333,-0.048725,-0.528369,0.003298,0.847609,-230.049088,93.430679,85.956558
611,5.091667,-0.048832,-0.529537,0.003717,0.846872,-230.122131,93.417305,85.940712
612,5.100000,-0.049192,-0.530191,0.004136,0.846440,-230.209732,93.402176,85.926208
613,5.108333,-0.049852,-0.530920,0.004291,0.845944,-230.296082,93.391022,85.904594
614,5.116667,-0.050598,-0.531758,0.004605,0.845371,-230.376526,93.374550,85.889618
615,5.125000,-0.050696,-0.532644,0.004457,0.844808,-230.452087,93.359802,85.870148
616,5.133333,-0.050384,-0.533872,0.003515,0.844056,-230.511978,93.351852,85.858826
617,5.141667,-0.050392,-0.533970,0.004392,0.843989,-230.602692,93.328842,85.840691
618,5.150000,-0.050453,-0.534323,0.004854,0.843759,-230.686615,93.309044,85.821571
619,5.158333,-0.050452,-0.535282,0.004946,0.843151,-230.763916,93.297325,85.806702
620,5.166667,-0.050410,-0.536507,0.004843,0.842375,-230.841400,93.288620,85.793564
621,5.175000,-0.048429,-0.538607,0.001783,0.841163,-230.899338,93.308846,85.789803
622,5.183333,-0.048704,-0.538913,0.001785,0.840950,-230.982086,93.288956,85.766281
623,5.191667,-0.049207,-0.539091,0.001995,0.840807,-231.063599,93.264168,85.741768
624,5.200000,-0.049346,-0.539652,0.002038,0.840439,-231.142899,93.243103,85.720749
625,5.208333,-0.049450,-0.540416,0.002148,0.839941,-231.220535,93.220177,85.703445
626,5.216667,-0.049466,-0.541239,0.002142,0.839410,-231.300476,93.200722,85.685555
627,5.225000,-0.049313,-0.542085,0.002432,0.838872,-231.373184,93.183197,85.667587
628,5.233333,-0.049261,-0.542775,0.002207,0.838429,-231.438782,93.168053,85.648941
629,5.241667,-0.049345,-0.543376,0.002479,0.838034,-231.507370,93.150047,85.627777
630,5.250000,-0.049410,-0.544021,0.002233,0.837612,-231.571152,93.130432,85.610352
631,5.258333,-0.049275,-0.544634,0.001714,0.837223,-231.633408,93.111610,85.592247
632,5.266667,-0.048741,-0.545530,0.001523,0.836671,-231.690765,93.094048,85.575218
633,5.275000,-0.048180,-0.546072,0.001342,0.836351,-231.751038,93.074158,85.559479
634,5.283333,-0.047693,-0.546695,0.001606,0.835971,-231.812927,93.051964,85.539726
635,5.291667,-0.047383,-0.547343,0.001726,0.835564,-231.872635,93.034836,85.524452
636,5.300000,-0.047775,-0.548189,0.001495,0.834987,-231.935623,93.019554,85.513489
637,5.308333,-0.048088,-0.548983,0.001135,0.834448,-231.993912,93.006065,85.497719
638,5.316667,-0.048362,-0.549730,0.000808,0.833941,-232.057159,92.992172,85.478607
639,5.325000,-0.048573,-0.550229,0.000699,0.833600,-232.132980,92.964050,85.451553
640,5.333333,-0.047695,-0.551211,0.002269,0.832998,-232.215973,92.936066,85.420090
641,5.341667,-0.046892,-0.552218,0.002408,0.832376,-232.299469,92.892441,85.386368
642,5.350000,-0.046399,-0.553281,0.000852,0.831701,-232.393600,92.832039,85.357132
643,5.358333,-0.045924,-0.554184,-0.000060,0.831127,-232.483765,92.775284,85.326263
644,5.366667,-0.045256,-0.555334,-0.000091,0.830395,-232.593887,92.717316,85.291794
645,5.375000,-0.044401,-0.556647,-0.000290,0.829562,-232.695953,92.667671,85.256142
646,5.383333,-0.043750,-0.557926,-0.000229,0.828737,-232.794449,92.632751,85.218315
647,5.391667,-0.043301,-0.559089,-0.000073,0.827976,-232.910782,92.603775,85.160706
648,5.400000,-0.042250,-0.560297,0.000158,0.827214,-233.016159,92.577911,85.110115
649,5.408333,-0.041727,-0.561752,0.000484,0.826253,-233.128571,92.558159,85.056984
650,5.416667,-0.040280,-0.562934,-0.000806,0.825519,-233.252258,92.563538,85.006569
651,5.425000,-0.039431,-0.564862,-0.001199,0.824242,-233.368500,92.554131,84.962730
652,5.433333,-0.038727,-0.566440,-0.001459,0.823191,-233.495193,92.534760,84.907913
653,5.441667,-0.038910,-0.567808,-0.001918,0.822239,-233.618195,92.516586,84.858727
654,5.450000,-0.038894,-0.568887,-0.001677,0.821494,-233.741791,92.506973,84.796890
655,5.458333,-0.039405,-0.569975,-0.000281,0.820717,-233.856293,92.501877,84.739243
656,5.466667,-0.039669,-0.571224,-0.001079,0.819835,-233.968521,92.524406,84.679779
657,5.475000,-0.041094,-0.572259,-0.001176,0.819042,-234.073944,92.532990,84.624847
658,5.483333,-0.042467,-0.573527,-0.001102,0.818084,-234.170792,92.533943,84.578819
659,5.491667,-0.042836,-0.574661,-0.001239,0.817269,-234.251053,92.529289,84.540390
660,5.500000,-0.042429,-0.575531,-0.001565,0.816677,-234.327835,92.518578,84.504356
661,5.508333,-0.042076,-0.576330,-0.001315,0.816132,-234.409149,92.510101,84.467819
662,5.516667,-0.041544,-0.577167,-0.000999,0.815568,-234.486725,92.508041,84.431854
663,5.525000,-0.040046,-0.578088,-0.002138,0.814989,-234.564453,92.530037,84.400490
664,5.533333,-0.039634,-0.579096,-0.002530,0.814291,-234.629486,92.549911,84.364540
665,5.541667,-0.039946,-0.580162,-0.002240,0.813518,-234.689575,92.561806,84.327538
666,5.550000,-0.040810,-0.580835,-0.002044,0.812995,-234.756500,92.558197,84.295341
667,5.558333,-0.041116,-0.581382,-0.001287,0.812590,-234.814545,92.547234,84.268776
668,5.566667,-0.041025,-0.581789,-0.001145,0.812303,-234.871887,92.532166,84.239357
669,5.575000,-0.040507,-0.582214,-0.001647,0.812024,-234.923737,92.524406,84.216988
670,5.583333,-0.039925,-0.582918,-0.001427,0.811549,-234.966965,92.521942,84.190468
671,5.591667,-0.040132,-0.583374,-0.001183,0.811211,-235.011719,92.525383,84.166527
672,5.600000,-0.040338,-0.583666,-0.000904,0.810991,-235.057663,92.527893,84.146996
673,5.608333,-0.039937,-0.584096,-0.002713,0.810697,-235.101273,92.548248,84.116699
674,5.616667,-0.039981,-0.584437,-0.003309,0.810447,-235.134583,92.548027,84.095955
675,5.625000,-0.040260,-0.584769,-0.003404,0.810193,-235.168808,92.538292,84.081459
676,5.633333,-0.040318,-0.585086,-0.003403,0.809962,-235.198593,92.528511,84.070534
677,5.641667,-0.042425,-0.585453,-0.003885,0.809586,-235.226135,92.535263,84.059570
678,5.650000,-0.043240,-0.585399,-0.004154,0.809581,-235.243683,92.541862,84.046959
679,5.658333,-0.043658,-0.585581,-0.004299,0.809426,-235.258392,92.547920,84.034119
680,5.666667,-0.043621,-0.585690,-0.004200,0.809350,-235.269501,92.550301,84.026627
681,5.675000,-0.043250,-0.585835,-0.004117,0.809265,-235.273926,92.543404,84.024292
682,5.683333,-0.042577,-0.585882,-0.004427,0.809265,-235.272049,92.532715,84.021057
683,5.691667,-0.041966,-0.585929,-0.004714,0.809261,-235.263153,92.520378,84.017059
684,5.700000,-0.041942,-0.586204,-0.004614,0.809064,-235.250717,92.498283,84.007202
685,5.708333,-0.042923,-0.586894,-0.003401,0.808518,-235.232498,92.440567,84.002335
686,5.716667,-0.042392,-0.587015,-0.002534,0.808462,-235.220673,92.418083,83.999290
687,5.725000,-0.041893,-0.587040,-0.002279,0.808470,-235.211090,92.395744,84.011551
688,5.733333,-0.040680,-0.587068,-0.003071,0.808509,-235.204987,92.386787,84.038383
689,5.741667,-0.039504,-0.587448,-0.004054,0.808287,-235.194901,92.382538,84.072220
690,5.750000,-0.038317,-0.586845,-0.006506,0.808766,-235.197281,92.388748,84.130943
691,5.758333,-0.038179,-0.586766,-0.007923,0.808817,-235.195679,92.396858,84.167900
692,5.766667,-0.038448,-0.586964,-0.008642,0.808653,-235.196213,92.401314,84.202957
693,5.775000,-0.038524,-0.586957,-0.007374,0.808667,-235.209412,92.406151,84.242691
694,5.783333,-0.038160,-0.587067,-0.007395,0.808605,-235.224075,92.410286,84.280098
695,5.791667,-0.037665,-0.587179,-0.008636,0.808534,-235.245987,92.407623,84.323708
696,5.800000,-0.036662,-0.587003,-0.009451,0.808699,-235.271957,92.403366,84.370964
697,5.808333,-0.033742,-0.586842,-0.010971,0.808924,-235.305954,92.412041,84.429428
698,5.816667,-0.031425,-0.587152,-0.011260,0.808789,-235.336441,92.409012,84.500290
699,5.825000,-0.028886,-0.587101,-0.011557,0.808916,-235.372635,92.400124,84.568497
700,5.833333,-0.026259,-0.586603,-0.011877,0.809361,-235.404449,92.391624,84.653687
701,5.841667,-0.023583,-0.586204,-0.011864,0.809733,-235.423752,92.384277,84.727409
702,5.850000,-0.020560,-0.585251,-0.012712,0.810492,-235.441071,92.388878,84.793465
703,5.858333,-0.018950,-0.583342,-0.013760,0.811889,-235.452225,92.397934,84.846657
704,5.866667,-0.017628,-0.580829,-0.015270,0.813692,-235.453934,92.417892,84.886047
705,5.875000,-0.017546,-0.578939,-0.016161,0.815022,-235.449951,92.424950,84.909828
706,5.883333,-0.018177,-0.577526,-0.016388,0.816005,-235.448196,92.430115,84.915634
707,5.891667,-0.018918,-0.576259,-0.016205,0.816887,-235.457870,92.433044,84.905968
708,5.900000,-0.019545,-0.575406,-0.015516,0.817487,-235.469025,92.430244,84.886574
709,5.908333,-0.019911,-0.574808,-0.014884,0.817911,-235.472961,92.421516,84.857285
710,5.916667,-0.020020,-0.574568,-0.014540,0.818083,-235.464401,92.411812,84.822548
711,5.925000,-0.021117,-0.574676,-0.013826,0.817992,-235.443237,92.393875,84.777267
712,5.933333,-0.022425,-0.574683,-0.013464,0.817958,-235.417816,92.384506,84.727463
713,5.941667,-0.025071,-0.575219,-0.013097,0.817510,-235.394196,92.385254,84.667305
714,5.950000,-0.027304,-0.575762,-0.012637,0.817064,-235.381180,92.398361,84.605347
715,5.958333,-0.029116,-0.576010,-0.011682,0.816840,-235.381790,92.406731,84.547302
716,5.966667,-0.030353,-0.576312,-0.010891,0.816593,-235.393570,92.414299,84.495369
717,5.975000,-0.031145,-0.576762,-0.009104,0.816267,-235.408691,92.418144,84.449860
718,5.983333,-0.031548,-0.577172,-0.007867,0.815975,-235.421799,92.415207,84.414978
719,5.991667,-0.031570,-0.577279,-0.007125,0.815905,-235.428162,92.409500,84.387291
720,6.000000,-0.031524,-0.577485,-0.006422,0.815767,-235.432556,92.401665,84.374001
721,6.008333,-0.031384,-0.577633,-0.005968,0.815671,-235.431763,92.395248,84.375198
722,6.016667,-0.031256,-0.578026,-0.006257,0.815395,-235.426285,92.391769,84.394783
723,6.025000,-0.031010,-0.578192,-0.007754,0.815274,-235.412476,92.390213,84.427574
724,6.033333,-0.030765,-0.578262,-0.008966,0.815222,-235.395172,92.387436,84.465187
725,6.041667,-0.029686,-0.577813,-0.011020,0.815555,-235.383087,92.395363,84.525948
726,6.050000,-0.028542,-0.577911,-0.012628,0.815503,-235.374542,92.399361,84.582947
727,6.058333,-0.028606,-0.578206,-0.013832,0.815272,-235.379608,92.404152,84.641899
728,6.066667,-0.027191,-0.578243,-0.014276,0.815286,-235.394714,92.407265,84.698143
729,6.075000,-0.024770,-0.577911,-0.014135,0.815601,-235.425903,92.406982,84.749222
730,6.083333,-0.022242,-0.577978,-0.013810,0.815632,-235.454910,92.404869,84.791664
731,6.091667,-0.019513,-0.578144,-0.014329,0.815576,-235.478043,92.411407,84.823814
732,6.100000,-0.018466,-0.578267,-0.014719,0.815506,-235.481262,92.411530,84.845200
733,6.108333,-0.018554,-0.578358,-0.014934,0.815435,-235.471558,92.409607,84.860519
734,6.116667,-0.018735,-0.578432,-0.015570,0.815367,-235.456589,92.412941,84.867455
735,6.125000,-0.019042,-0.578529,-0.016042,0.815282,-235.441940,92.416878,84.860046
736,6.133333,-0.020002,-0.578671,-0.015831,0.815162,-235.432312,92.413086,84.837883
737,6.141667,-0.020996,-0.578580,-0.015386,0.815210,-235.430908,92.405609,84.801857
738,6.150000,-0.022306,-0.578502,-0.014340,0.815250,-235.430527,92.399361,84.752495
739,6.158333,-0.024266,-0.578656,-0.013481,0.815099,-235.421967,92.391037,84.688118
740,6.166667,-0.025979,-0.578650,-0.012426,0.815067,-235.414047,92.386200,84.625992
741,6.175000,-0.027200,-0.578590,-0.011715,0.815081,-235.416870,92.397934,84.561554
742,6.183333,-0.028865,-0.578623,-0.010602,0.815015,-235.420181,92.404686,84.509628
743,6.191667,-0.030117,-0.578760,-0.009664,0.814884,-235.419724,92.408447,84.465439
744,6.200000,-0.030907,-0.578793,-0.008294,0.814847,-235.412338,92.408562,84.432892
745,6.208333,-0.031368,-0.578727,-0.007612,0.814882,-235.399918,92.405403,84.409149
746,6.216667,-0.032121,-0.578508,-0.007609,0.815009,-235.383636,92.406570,84.396599
747,6.225000,-0.032982,-0.578058,-0.007811,0.815292,-235.362595,92.407379,84.397652
748,6.233333,-0.033501,-0.577709,-0.008446,0.815511,-235.343887,92.411697,84.411598
749,6.241667,-0.033491,-0.577617,-0.009932,0.815560,-235.332962,92.408279,84.441177
750,6.250000,-0.032508,-0.577404,-0.011001,0.815737,-235.332733,92.403198,84.467995
751,6.258333,-0.031039,-0.577192,-0.011345,0.815940,-235.344315,92.398903,84.500793
752,6.266667,-0.029589,-0.576959,-0.011805,0.816151,-235.366745,92.398590,84.544907
753,6.275000,-0.027785,-0.577082,-0.012336,0.816120,-235.396744,92.396126,84.592018
754,6.283333,-0.027682,-0.577411,-0.012291,0.815892,-235.436127,92.399643,84.637978
755,6.291667,-0.025673,-0.577200,-0.012111,0.816109,-235.473602,92.404900,84.677872
756,6.300000,-0.023591,-0.576930,-0.011710,0.816369,-235.503052,92.406410,84.713654
757,6.308333,-0.021702,-0.576907,-0.011563,0.816440,-235.521027,92.400749,84.742149
758,6.316667,-0.020557,-0.576929,-0.011383,0.816456,-235.526413,92.395210,84.755936
759,6.325000,-0.020184,-0.576831,-0.011653,0.816531,-235.515457,92.391197,84.763222
760,6.333333,-0.020659,-0.576770,-0.012047,0.816557,-235.488556,92.386642,84.764359
761,6.341667,-0.021440,-0.576714,-0.012982,0.816561,-235.446411,92.384109,84.758087
762,6.350000,-0.022368,-0.576531,-0.013989,0.816649,-235.401611,92.383965,84.745422
763,6.358333,-0.023748,-0.576618,-0.014843,0.816534,-235.361526,92.385712,84.725395
764,6.366667,-0.025904,-0.576892,-0.015676,0.816259,-235.328552,92.391434,84.694519
765,6.375000,-0.027712,-0.577047,-0.016012,0.816084,-235.308426,92.400703,84.651062
766,6.383333,-0.029150,-0.577056,-0.015517,0.816037,-235.299438,92.407784,84.612152
767,6.391667,-0.030079,-0.577040,-0.014751,0.816028,-235.302063,92.411842,84.577133
768,6.400000,-0.030455,-0.577228,-0.014101,0.815893,-235.310623,92.412277,84.547440
769,6.408333,-0.030361,-0.577514,-0.012800,0.815716,-235.332153,92.411736,84.523506
770,6.416667,-0.030296,-0.577877,-0.011347,0.815483,-235.365631,92.408913,84.503571
771,6.425000,-0.030100,-0.578206,-0.010162,0.815272,-235.410355,92.406754,84.488365
772,6.433333,-0.029588,-0.578541,-0.008830,0.815069,-235.455139,92.403465,84.481148
773,6.441667,-0.028689,-0.578557,-0.007609,0.815102,-235.495499,92.402954,84.489334
774,6.450000,-0.027929,-0.578545,-0.007028,0.815142,-235.522217,92.400208,84.502892
775,6.458333,-0.027379,-0.578488,-0.007279,0.815199,-235.539749,92.389366,84.530159
776,6.466667,-0.027227,-0.578572,-0.007837,0.815139,-235.550720,92.389595,84.571457
777,6.475000,-0.026722,-0.578690,-0.008442,0.815066,-235.543365,92.390396,84.607704
778,6.483333,-0.025379,-0.578865,-0.009473,0.814974,-235.518188,92.387077,84.643753
779,6.491667,-0.023698,-0.579168,-0.010783,0.814793,-235.472839,92.379539,84.670761
780,6.500000,-0.023536,-0.579396,-0.012565,0.814609,-235.422226,92.378235,84.687637
781,6.508333,-0.024466,-0.579459,-0.014180,0.814511,-235.373718,92.382454,84.694763
782,6.516667,-0.026130,-0.579575,-0.015533,0.814352,-235.329025,92.391418,84.697510
783,6.525000,-0.027193,-0.579646,-0.016770,0.814242,-235.291641,92.404327,84.684494
784,6.533333,-0.027985,-0.579713,-0.017342,0.814155,-235.267212,92.410980,84.671242
785,6.541667,-0.028709,-0.579762,-0.017385,0.814094,-235.256439,92.413727,84.654488
786,6.550000,-0.029251,-0.579756,-0.016908,0.814090,-235.259109,92.413155,84.638802
787,6.558333,-0.029601,-0.579717,-0.016394,0.814115,-235.277252,92.411514,84.625084
788,6.566667,-0.029469,-0.579876,-0.015589,0.814022,-235.306931,92.408630,84.614861
789,6.575000,-0.028883,-0.580181,-0.014441,0.813847,-235.348419,92.404892,84.612236
790,6.583333,-0.027886,-0.580472,-0.013130,0.813696,-235.393311,92.400566,84.613136
791,6.591667,-0.026696,-0.580872,-0.011455,0.813476,-235.444260,92.396515,84.619431
792,6.600000,-0.026428,-0.581238,-0.010651,0.813235,-235.496780,92.404297,84.615730
793,6.608333,-0.026221,-0.581409,-0.009626,0.813132,-235.531662,92.405151,84.603287
794,6.616667,-0.026177,-0.581447,-0.008818,0.813115,-235.549789,92.403732,84.586983
795,6.625000,-0.025772,-0.581325,-0.007743,0.813226,-235.550720,92.399055,84.561790
796,6.633333,-0.026001,-0.581377,-0.008042,0.813179,-235.537247,92.389854,84.538063
797,6.641667,-0.026852,-0.581244,-0.008187,0.813245,-235.514206,92.386002,84.522881
798,6.650000,-0.027733,-0.580956,-0.008906,0.813413,-235.480621,92.386765,84.519501
799,6.658333,-0.028318,-0.580790,-0.010046,0.813499,-235.435837,92.388779,84.533516
800,6.666667,-0.028732,-0.580751,-0.011749,0.813489,-235.393066,92.393150,84.552200
801,6.675000,-0.028856,-0.580716,-0.013012,0.813491,-235.354782,92.396317,84.572174
802,6.683333,-0.028710,-0.580503,-0.014337,0.813625,-235.329910,92.400642,84.601898
803,6.691667,-0.028463,-0.580490,-0.015537,0.813622,-235.318726,92.403259,84.634682
804,6.700000,-0.028082,-0.580666,-0.016016,0.813500,-235.316330,92.405838,84.670311
805,6.708333,-0.027743,-0.580787,-0.016014,0.813425,-235.323196,92.404305,84.703461
806,6.716667,-0.026858,-0.580862,-0.015995,0.813401,-235.335968,92.401680,84.724403
807,6.725000,-0.025600,-0.580768,-0.015549,0.813518,-235.357330,92.401360,84.737061
808,6.733333,-0.024528,-0.580625,-0.014828,0.813666,-235.387604,92.401382,84.738365
809,6.741667,-0.023720,-0.580535,-0.013581,0.813777,-235.426376,92.399178,84.728600
810,6.750000,-0.022823,-0.580467,-0.012388,0.813870,-235.459183,92.395554,84.711273
811,6.758333,-0.024439,-0.580660,-0.011587,0.813697,-235.482651,92.403702,84.681793
812,6.766667,-0.025773,-0.580633,-0.010881,0.813684,-235.490326,92.403587,84.649750
813,6.775000,-0.027164,-0.580254,-0.010637,0.813913,-235.482208,92.396019,84.606895
814,6.783333,-0.027464,-0.579908,-0.010104,0.814156,-235.462738,92.391930,84.561493
815,6.791667,-0.027959,-0.579594,-0.009911,0.814365,-235.443069,92.388710,84.531166
816,6.800000,-0.028738,-0.579696,-0.009777,0.814268,-235.418671,92.388496,84.505798
817,6.808333,-0.029639,-0.579802,-0.010008,0.814157,-235.388214,92.389977,84.489571
818,6.816667,-0.030202,-0.579704,-0.010546,0.814199,-235.365387,92.394394,84.481247
819,6.825000,-0.030729,-0.579438,-0.011019,0.814362,-235.350800,92.396423,84.479645
820,6.833333,-0.031012,-0.579333,-0.011255,0.814423,-235.347488,92.398842,84.483986
821,6.841667,-0.030736,-0.579194,-0.011343,0.814531,-235.357330,92.402412,84.494522
822,6.850000,-0.030371,-0.579204,-0.011242,0.814539,-235.378052,92.402748,84.509773
823,6.858333,-0.029403,-0.579159,-0.011182,0.814608,-235.411453,92.404922,84.536385
824,6.866667,-0.028076,-0.579245,-0.011126,0.814594,-235.436172,92.402145,84.564110
825,6.875000,-0.027629,-0.579491,-0.010958,0.814436,-235.460068,92.399422,84.603485
826,6.883333,-0.026635,-0.579623,-0.011012,0.814375,-235.475632,92.401695,84.639221
827,6.891667,-0.024783,-0.579496,-0.011252,0.814521,-235.481598,92.398087,84.671989
828,6.900000,-0.023067,-0.579471,-0.011647,0.814583,-235.473114,92.390099,84.697250
829,6.908333,-0.022561,-0.579382,-0.012422,0.814649,-235.451691,92.384804,84.711143
830,6.916667,-0.022826,-0.579448,-0.013366,0.814580,-235.421921,92.382576,84.716354
831,6.925000,-0.023971,-0.579521,-0.014089,0.814483,-235.391586,92.384270,84.713730
832,6.933333,-0.025443,-0.579561,-0.014897,0.814395,-235.363602,92.392212,84.706619
833,6.941667,-0.026867,-0.579649,-0.015477,0.814276,-235.346039,92.399445,84.690361
834,6.950000,-0.027494,-0.579698,-0.015463,0.814221,-235.338776,92.405609,84.658173
835,6.958333,-0.027932,-0.579590,-0.014829,0.814295,-235.340302,92.404289,84.628609
836,6.966667,-0.028372,-0.579572,-0.014063,0.814306,-235.353729,92.401634,84.603134
837,6.975000,-0.028566,-0.579800,-0.013144,0.814152,-235.377243,92.402306,84.582542
838,6.983333,-0.028369,-0.580074,-0.012149,0.813979,-235.409927,92.402473,84.566422
839,6.991667,-0.027679,-0.580217,-0.011005,0.813917,-235.445435,92.404488,84.554642
840,7.000000,-0.027032,-0.580457,-0.009973,0.813781,-235.478500,92.402725,84.550865
841,7.008333,-0.026475,-0.580528,-0.009417,0.813755,-235.508102,92.397133,84.557930
842,7.016667,-0.025699,-0.580450,-0.009183,0.813838,-235.527893,92.393196,84.577087
843,7.025000,-0.026071,-0.580511,-0.009080,0.813784,-235.533142,92.394455,84.588150
844,7.033333,-0.026805,-0.580512,-0.009130,0.813759,-235.515930,92.392273,84.592873
845,7.041667,-0.026773,-0.580365,-0.009791,0.813857,-235.481552,92.384819,84.600853
846,7.050000,-0.026348,-0.580447,-0.011222,0.813794,-235.433365,92.381371,84.597672
847,7.058333,-0.026463,-0.580297,-0.012435,0.813880,-235.391190,92.383125,84.603500
848,7.066667,-0.026750,-0.580217,-0.013694,0.813907,-235.356995,92.387260,84.612564
849,7.075000,-0.027149,-0.580293,-0.014897,0.813819,-235.332748,92.393372,84.624710
850,7.083333,-0.027691,-0.580285,-0.015761,0.813790,-235.321182,92.400627,84.642960
851,7.091667,-0.027911,-0.580293,-0.016030,0.813771,-235.319107,92.405075,84.662430
852,7.100000,-0.028796,-0.580366,-0.015677,0.813695,-235.330276,92.405754,84.682693
853,7.108333,-0.028306,-0.580354,-0.015129,0.813731,-235.345963,92.404221,84.689346
854,7.116667,-0.027215,-0.580231,-0.014319,0.813871,-235.370163,92.400322,84.686172
855,7.125000,-0.026136,-0.580064,-0.013551,0.814039,-235.401367,92.394112,84.672615
856,7.133333,-0.026786,-0.580285,-0.012360,0.813879,-235.433716,92.398605,84.653397
857,7.141667,-0.027351,-0.580260,-0.011345,0.813893,-235.462219,92.403259,84.622612
858,7.150000,-0.026714,-0.580069,-0.010640,0.814060,-235.476974,92.401695,84.582039
859,7.158333,-0.026489,-0.580000,-0.009651,0.814129,-235.486313,92.396576,84.551003
860,7.166667,-0.026446,-0.579936,-0.008973,0.814184,-235.493057,92.393982,84.530434
861,7.175000,-0.026864,-0.579841,-0.008753,0.814239,-235.492798,92.391548,84.521744
862,7.183333,-0.027181,-0.579689,-0.008907,0.814336,-235.483902,92.391426,84.526024
863,7.191667,-0.027376,-0.579500,-0.009424,0.814458,-235.464890,92.387772,84.542542
864,7.200000,-0.027291,-0.579422,-0.010499,0.814503,-235.441971,92.384590,84.569336
865,7.208333,-0.027024,-0.579447,-0.011803,0.814476,-235.417419,92.384529,84.603432
866,7.216667,-0.027964,-0.579577,-0.013105,0.814332,-235.401398,92.394112,84.645691
867,7.225000,-0.027715,-0.579636,-0.013874,0.814286,-235.389084,92.399834,84.680260
868,7.233333,-0.026519,-0.579506,-0.014708,0.814404,-235.386688,92.403458,84.708244
869,7.241667,-0.025385,-0.579449,-0.014870,0.814478,-235.392426,92.403091,84.725754
870,7.250000,-0.024286,-0.579404,-0.014421,0.814551,-235.407227,92.399834,84.735344
871,7.258333,-0.023361,-0.579300,-0.013840,0.814662,-235.428879,92.398712,84.734497
872,7.266667,-0.022968,-0.579330,-0.013156,0.814664,-235.446838,92.396477,84.719986
873,7.275000,-0.023071,-0.579513,-0.012452,0.814541,-235.452454,92.390862,84.698853
874,7.283333,-0.023563,-0.579449,-0.012004,0.814579,-235.443909,92.384125,84.668694
875,7.291667,-0.027211,-0.579403,-0.012197,0.814495,-235.426407,92.389091,84.634499
876,7.300000,-0.028571,-0.579249,-0.012436,0.814555,-235.405685,92.397636,84.598160
877,7.308333,-0.029069,-0.579097,-0.012457,0.814645,-235.392303,92.402763,84.572777
878,7.316667,-0.029225,-0.579056,-0.012131,0.814674,-235.387451,92.406754,84.549713
879,7.325000,-0.029444,-0.579256,-0.011676,0.814530,-235.395691,92.408440,84.527252
880,7.333333,-0.029386,-0.579364,-0.011090,0.814463,-235.410522,92.408005,84.512436
881,7.341667,-0.029334,-0.579398,-0.010403,0.814450,-235.420700,92.404594,84.508034
882,7.350000,-0.029014,-0.579257,-0.010147,0.814565,-235.428665,92.400185,84.516182
883,7.358333,-0.028580,-0.579208,-0.010507,0.814611,-235.429199,92.395531,84.532738
884,7.366667,-0.027976,-0.579232,-0.011063,0.814607,-235.425232,92.391495,84.558014
885,7.375000,-0.026981,-0.579191,-0.011662,0.814662,-235.419006,92.389748,84.593979
886,7.383333,-0.026251,-0.579161,-0.012339,0.814697,-235.419800,92.385956,84.637047
887,7.391667,-0.025055,-0.579230,-0.012856,0.814678,-235.426117,92.389496,84.675224
888,7.400000,-0.023824,-0.579337,-0.013305,0.814631,-235.430649,92.392975,84.707191
889,7.408333,-0.023112,-0.579467,-0.013609,0.814554,-235.427948,92.391792,84.729797
890,7.416667,-0.022804,-0.579366,-0.014082,0.814627,-235.424667,92.391548,84.741112
891,7.425000,-0.022546,-0.579409,-0.014179,0.814601,-235.427383,92.394806,84.746071
892,7.433333,-0.022610,-0.579335,-0.014028,0.814655,-235.431747,92.396095,84.741417
893,7.441667,-0.023005,-0.579457,-0.013645,0.814564,-235.429199,92.392838,84.727585
894,7.450000,-0.023753,-0.579498,-0.013391,0.814517,-235.422043,92.389481,84.703461
895,7.458333,-0.024709,-0.579594,-0.013262,0.814423,-235.417648,92.391930,84.673141
896,7.466667,-0.027195,-0.579578,-0.012729,0.814364,-235.417389,92.396263,84.638603
897,7.475000,-0.027904,-0.579518,-0.012216,0.814390,-235.421722,92.402802,84.596336
898,7.483333,-0.028327,-0.579448,-0.011468,0.814436,-235.428619,92.403290,84.563812
899,7.491667,-0.028504,-0.579406,-0.010793,0.814469,-235.433746,92.402046,84.541550
900,7.500000,-0.028235,-0.579296,-0.010503,0.814561,-235.436676,92.401993,84.530327
901,7.508333,-0.028217,-0.579310,-0.010341,0.814553,-235.433319,92.398453,84.529030
902,7.516667,-0.028363,-0.579208,-0.010563,0.814618,-235.425735,92.395279,84.535919
903,7.525000,-0.028366,-0.579092,-0.011068,0.814693,-235.415009,92.393097,84.553207
904,7.533333,-0.027976,-0.579108,-0.011778,0.814685,-235.405823,92.392876,84.577171
905,7.541667,-0.027283,-0.579057,-0.012335,0.814737,-235.403442,92.393173,84.606316
906,7.550000,-0.026495,-0.579006,-0.012677,0.814794,-235.410690,92.390213,84.642731
907,7.558333,-0.026644,-0.579141,-0.013087,0.814687,-235.426590,92.400749,84.670998
908,7.566667,-0.025836,-0.579131,-0.012951,0.814722,-235.436249,92.402702,84.697792
909,7.575000,-0.024659,-0.579117,-0.013263,0.814764,-235.436005,92.398735,84.710258
910,7.583333,-0.023856,-0.579192,-0.013208,0.814735,-235.425323,92.390709,84.715523
911,7.591667,-0.023622,-0.579245,-0.013527,0.814699,-235.414078,92.387581,84.712975
912,7.600000,-0.023961,-0.579318,-0.013902,0.814630,-235.406784,92.388382,84.702911
913,7.608333,-0.024737,-0.579361,-0.013896,0.814577,-235.405823,92.390373,84.684189
914,7.616667,-0.026880,-0.579485,-0.013288,0.814431,-235.414459,92.400322,84.656197
915,7.625000,-0.027457,-0.579434,-0.012744,0.814457,-235.423325,92.404465,84.614197
916,7.633333,-0.027626,-0.579282,-0.011813,0.814573,-235.433014,92.399956,84.581413
917,7.641667,-0.027463,-0.579212,-0.010987,0.814640,-235.440567,92.398117,84.556801
918,7.650000,-0.027424,-0.579193,-0.010403,0.814663,-235.444595,92.395668,84.545418
919,7.658333,-0.027533,-0.579148,-0.010191,0.814693,-235.444504,92.394051,84.540138
920,7.666667,-0.027632,-0.579059,-0.010208,0.814754,-235.439117,92.391876,84.547600
921,7.675000,-0.027580,-0.578994,-0.010723,0.814795,-235.429565,92.392555,84.561790
922,7.683333,-0.027527,-0.578940,-0.011615,0.814823,-235.416077,92.389694,84.585693
923,7.691667,-0.027204,-0.578902,-0.012240,0.814851,-235.409958,92.388649,84.621071
924,7.700000,-0.026478,-0.578954,-0.012854,0.814829,-235.410721,92.391602,84.654434
925,7.708333,-0.025455,-0.579051,-0.013240,0.814786,-235.421753,92.397392,84.680473
926,7.716667,-0.024517,-0.579056,-0.013127,0.814814,-235.429733,92.397484,84.699417
927,7.725000,-0.023768,-0.579181,-0.013350,0.814743,-235.428497,92.394493,84.705147
928,7.733333,-0.023921,-0.579225,-0.013352,0.814707,-235.419205,92.389465,84.705025
929,7.741667,-0.024195,-0.579234,-0.013504,0.814690,-235.412506,92.391533,84.695831
930,7.750000,-0.025034,-0.579257,-0.013308,0.814652,-235.411545,92.392517,84.679756
931,7.758333,-0.025588,-0.579189,-0.013032,0.814687,-235.416107,92.394157,84.655617
932,7.766667,-0.026122,-0.579313,-0.012674,0.814588,-235.418915,92.395340,84.620041
933,7.775000,-0.026933,-0.579353,-0.011875,0.814545,-235.423782,92.396271,84.586472
934,7.783333,-0.027603,-0.579260,-0.011444,0.814595,-235.428040,92.397629,84.565063
935,7.791667,-0.028167,-0.579228,-0.010983,0.814605,-235.427567,92.397217,84.554230
936,7.800000,-0.028347,-0.579156,-0.010998,0.814650,-235.423355,92.397293,84.552063
937,7.808333,-0.028336,-0.579082,-0.011373,0.814697,-235.415009,92.395164,84.561516
938,7.816667,-0.028070,-0.578981,-0.011837,0.814772,-235.408478,92.394875,84.575882
939,7.825000,-0.027505,-0.579035,-0.012264,0.814746,-235.409119,92.395866,84.595215
940,7.833333,-0.028016,-0.579180,-0.012414,0.814624,-235.420914,92.399635,84.620728
941,7.841667,-0.027451,-0.579275,-0.012345,0.814576,-235.435196,92.403702,84.641869
942,7.850000,-0.026031,-0.579159,-0.012588,0.814702,-235.442383,92.400795,84.655617
943,7.858333,-0.024461,-0.579187,-0.012465,0.814732,-235.438354,92.392021,84.661255
944,7.866667,-0.024649,-0.579242,-0.012486,0.814687,-235.423157,92.384094,84.654251
945,7.875000,-0.027317,-0.579318,-0.012786,0.814543,-235.407043,92.390671,84.642853
946,7.883333,-0.028150,-0.579227,-0.013323,0.814571,-235.389618,92.398933,84.625397
947,7.891667,-0.027999,-0.579124,-0.013490,0.814647,-235.383255,92.402634,84.619347
948,7.900000,-0.027656,-0.579113,-0.013281,0.814670,-235.386520,92.399719,84.618027
949,7.908333,-0.027028,-0.579144,-0.013124,0.814671,-235.401886,92.399887,84.616913
950,7.916667,-0.028006,-0.579335,-0.012196,0.814517,-235.429794,92.400322,84.623878
951,7.925000,-0.027747,-0.579532,-0.011664,0.814394,-235.452576,92.403336,84.622749
952,7.933333,-0.027447,-0.579609,-0.011420,0.814353,-235.467316,92.402977,84.614601
953,7.941667,-0.026674,-0.579487,-0.011080,0.814469,-235.467316,92.397156,84.596558
954,7.950000,-0.026349,-0.579307,-0.010763,0.814612,-235.457535,92.389381,84.581062
955,7.958333,-0.026303,-0.579113,-0.010996,0.814748,-235.444733,92.384941,84.578316
956,7.966667,-0.026324,-0.579068,-0.011496,0.814773,-235.427277,92.383766,84.586464
957,7.975000,-0.026468,-0.579014,-0.012095,0.814798,-235.411285,92.384445,84.601013
958,7.983333,-0.026447,-0.579006,-0.012833,0.814793,-235.402847,92.389442,84.618301
959,7.991667,-0.027870,-0.579263,-0.013186,0.814557,-235.406570,92.399147,84.643730
960,8.000000,-0.027621,-0.579218,-0.013235,0.814597,-235.414795,92.402939,84.658142
961,8.008333,-0.026346,-0.579077,-0.013093,0.814742,-235.423996,92.400330,84.666931
962,8.016667,-0.025302,-0.579091,-0.012845,0.814769,-235.427124,92.394600,84.667061
963,8.025000,-0.024825,-0.579231,-0.012740,0.814686,-235.419540,92.386467,84.656433
964,8.033333,-0.024710,-0.579221,-0.012906,0.814694,-235.408661,92.386192,84.635719
965,8.041667,-0.025381,-0.579219,-0.012845,0.814675,-235.402054,92.388084,84.617935
966,8.050000,-0.026179,-0.579212,-0.012525,0.814660,-235.405991,92.391762,84.609970
967,8.058333,-0.026778,-0.579200,-0.012061,0.814656,-235.418579,92.395645,84.604057
968,8.066667,-0.026930,-0.579173,-0.011792,0.814675,-235.435562,92.399406,84.600189
969,8.075000,-0.027717,-0.579281,-0.011353,0.814578,-235.453461,92.399826,84.611038
970,8.083333,-0.027602,-0.579435,-0.011208,0.814474,-235.459274,92.401489,84.613403
971,8.091667,-0.027005,-0.579267,-0.011056,0.814615,-235.453674,92.393776,84.610413
972,8.100000,-0.026180,-0.579225,-0.011612,0.814665,-235.439301,92.388000,84.600166
973,8.108333,-0.025766,-0.579222,-0.011796,0.814677,-235.422424,92.383476,84.600502
974,8.116667,-0.025674,-0.579170,-0.012210,0.814711,-235.410187,92.385773,84.604469
975,8.125000,-0.025932,-0.579117,-0.012813,0.814731,-235.405441,92.390076,84.613609
976,8.133333,-0.027847,-0.579235,-0.012620,0.814587,-235.412415,92.398438,84.630569
977,8.141667,-0.027951,-0.579256,-0.012596,0.814569,-235.422348,92.402077,84.643433
978,8.150000,-0.026906,-0.579172,-0.012513,0.814665,-235.427811,92.398193,84.650505
979,8.158333,-0.025759,-0.579166,-0.012431,0.814708,-235.423630,92.389450,84.646873
980,8.166667,-0.025352,-0.579196,-0.012511,0.814698,-235.412018,92.382210,84.635620
981,8.175000,-0.025125,-0.579318,-0.012848,0.814613,-235.402542,92.384132,84.624451
982,8.183333,-0.025588,-0.579314,-0.012940,0.814600,-235.400345,92.386070,84.622398
983,8.191667,-0.026076,-0.579125,-0.012675,0.814723,-235.408920,92.386925,84.630493
984,8.200000,-0.027470,-0.579251,-0.012480,0.814591,-235.424881,92.398468,84.632965
985,8.208333,-0.027613,-0.579299,-0.012122,0.814557,-235.436752,92.400970,84.633026
986,8.216667,-0.027800,-0.579303,-0.011932,0.814551,-235.441254,92.400208,84.624069
987,8.225000,-0.027044,-0.579322,-0.011984,0.814562,-235.433319,92.397583,84.607216
988,8.233333,-0.026377,-0.579225,-0.012046,0.814652,-235.422485,92.391472,84.599052
989,8.241667,-0.026086,-0.579180,-0.012291,0.814689,-235.415268,92.388527,84.595787
990,8.250000,-0.025900,-0.579205,-0.012342,0.814677,-235.415024,92.388687,84.598701
991,8.258333,-0.025976,-0.579217,-0.012120,0.814669,-235.424164,92.392471,84.604126
992,8.266667,-0.027499,-0.579384,-0.011942,0.814503,-235.437271,92.401543,84.611198
993,8.275000,-0.028077,-0.579370,-0.011864,0.814494,-235.443420,92.400620,84.621834
994,8.283333,-0.027213,-0.579257,-0.011966,0.814603,-235.435608,92.395409,84.619980
995,8.291667,-0.026238,-0.579318,-0.012232,0.814587,-235.421280,92.392220,84.608963
996,8.300000,-0.025827,-0.579338,-0.012241,0.814586,-235.412216,92.389542,84.605827
997,8.308333,-0.025738,-0.579388,-0.012279,0.814553,-235.410995,92.389656,84.606133
998,8.316667,-0.025911,-0.579332,-0.012309,0.814587,-235.419601,92.390678,84.610565
999,8.325000,-0.026170,-0.579184,-0.012119,0.814686,-235.433960,92.389160,84.624496
1000,8.333333,-0.027182,-0.579360,-0.011879,0.814532,-235.441803,92.397095,84.626312
1001,8.341667,-0.027946,-0.579465,-0.011783,0.814432,-235.437729,92.397133,84.620049
1002,8.350000,-0.027448,-0.579409,-0.012110,0.814485,-235.426208,92.396980,84.612106
1003,8.358333,-0.026780,-0.579240,-0.012244,0.814625,-235.416870,92.393204,84.610374
1004,8.366667,-0.026231,-0.579144,-0.012541,0.814707,-235.413742,92.389961,84.614388
1005,8.375000,-0.026046,-0.579059,-0.012440,0.814774,-235.420959,92.387794,84.628334
1006,8.383333,-0.027107,-0.579212,-0.012289,0.814633,-235.431747,92.397903,84.634178
1007,8.391667,-0.027642,-0.579245,-0.012345,0.814591,-235.433655,92.400185,84.632339
1008,8.400000,-0.027745,-0.579275,-0.012682,0.814561,-235.424210,92.401001,84.619110
1009,8.408333,-0.027175,-0.579129,-0.012473,0.814687,-235.414368,92.396370,84.612289
1010,8.416667,-0.026651,-0.579120,-0.012486,0.814711,-235.414001,92.393463,84.609077
1011,8.425000,-0.026207,-0.579169,-0.012424,0.814692,-235.420746,92.392601,84.607544
1012,8.433333,-0.026039,-0.579248,-0.011790,0.814650,-235.433609,92.390831,84.617386
1013,8.441667,-0.025793,-0.579301,-0.011672,0.814622,-235.441559,92.389915,84.618088
1014,8.450000,-0.025929,-0.579300,-0.011667,0.814619,-235.438919,92.386154,84.611824
1015,8.458333,-0.025836,-0.579275,-0.011878,0.814636,-235.430008,92.387444,84.603790
1016,8.466667,-0.025988,-0.579224,-0.012076,0.814665,-235.420486,92.388023,84.608398
1017,8.475000,-0.026031,-0.579155,-0.012253,0.814710,-235.416077,92.388023,84.616585
1018,8.483333,-0.027428,-0.579109,-0.012413,0.814694,-235.421875,92.394760,84.633347
1019,8.491667,-0.027781,-0.579243,-0.012760,0.814581,-235.424454,92.400970,84.642105
1020,8.500000,-0.027810,-0.579203,-0.012725,0.814610,-235.418015,92.400917,84.643333
1021,8.508333,-0.028069,-0.579277,-0.012911,0.814545,-235.409470,92.399994,84.640366
1022,8.516667,-0.028384,-0.579230,-0.013000,0.814566,-235.405426,92.399452,84.641701
1023,8.525000,-0.027660,-0.579059,-0.013010,0.814712,-235.408691,92.398491,84.645966
1024,8.533333,-0.027860,-0.579123,-0.012884,0.814662,-235.419006,92.399254,84.643829
1025,8.541667,-0.027830,-0.579196,-0.012468,0.814618,-235.424728,92.399765,84.633530
1026,8.550000,-0.027265,-0.579168,-0.012307,0.814659,-235.425156,92.393753,84.620171
1027,8.558333,-0.026432,-0.579201,-0.012283,0.814664,-235.427261,92.392174,84.606133
1028,8.566667,-0.026108,-0.579285,-0.011661,0.814623,-235.432693,92.389633,84.605484
1029,8.575000,-0.025602,-0.579272,-0.011762,0.814647,-235.435989,92.390251,84.603897
1030,8.583333,-0.025623,-0.579198,-0.011681,0.814700,-235.437683,92.386169,84.615868
1031,8.591667,-0.025710,-0.579167,-0.011981,0.814715,-235.428741,92.382690,84.622589
1032,8.600000,-0.025754,-0.579148,-0.012097,0.814726,-235.418915,92.381897,84.629608
1033,8.608333,-0.025707,-0.579148,-0.012503,0.814721,-235.415833,92.385536,84.637733
1034,8.616667,-0.025417,-0.579148,-0.012675,0.814727,-235.415771,92.390083,84.648918
1035,8.625000,-0.025461,-0.579217,-0.012866,0.814674,-235.412643,92.388222,84.650322
1036,8.633333,-0.027544,-0.579402,-0.012834,0.814476,-235.414459,92.399277,84.642014
1037,8.641667,-0.028527,-0.579320,-0.012762,0.814501,-235.417694,92.402443,84.636078
1038,8.650000,-0.028370,-0.579202,-0.012391,0.814596,-235.423233,92.401146,84.629616
1039,8.658333,-0.027346,-0.579279,-0.012277,0.814578,-235.425156,92.398880,84.615768
1040,8.666667,-0.026490,-0.579284,-0.012231,0.814603,-235.426636,92.392387,84.608711
1041,8.675000,-0.025957,-0.579315,-0.012149,0.814600,-235.426956,92.388382,84.611412
1042,8.683333,-0.027314,-0.579279,-0.012008,0.814583,-235.431366,92.393280,84.622765
1043,8.691667,-0.028012,-0.579265,-0.012405,0.814564,-235.428146,92.398277,84.628212
1044,8.700000,-0.028173,-0.579192,-0.012595,0.814607,-235.420227,92.397476,84.631050
1045,8.708333,-0.028073,-0.579159,-0.012735,0.814631,-235.418839,92.399078,84.636269
1046,8.716667,-0.027946,-0.579256,-0.012643,0.814568,-235.418961,92.400101,84.639252
1047,8.725000,-0.028038,-0.579228,-0.012834,0.814582,-235.416504,92.398720,84.636238
1048,8.733333,-0.028022,-0.579252,-0.012738,0.814567,-235.418289,92.399651,84.634552
1049,8.741667,-0.028136,-0.579265,-0.012646,0.814555,-235.420441,92.399002,84.632027
1050,8.750000,-0.028133,-0.579265,-0.012473,0.814558,-235.421829,92.400620,84.625122
1051,8.758333,-0.027357,-0.579178,-0.012077,0.814653,-235.425919,92.395432,84.624115
1052,8.766667,-0.026645,-0.579215,-0.012023,0.814650,-235.428070,92.389549,84.618660
1053,8.775000,-0.026115,-0.579281,-0.011992,0.814621,-235.429047,92.386879,84.618546
1054,8.783333,-0.025847,-0.579195,-0.011998,0.814691,-235.428284,92.384369,84.625206
1055,8.791667,-0.027346,-0.579250,-0.012274,0.814599,-235.426498,92.393585,84.630173
1056,8.800000,-0.028154,-0.579262,-0.012377,0.814561,-235.421341,92.397224,84.636894
1057,8.808333,-0.028132,-0.579173,-0.012721,0.814620,-235.417694,92.399628,84.639969
1058,8.816667,-0.028179,-0.579226,-0.012777,0.814580,-235.414978,92.401138,84.642395
1059,8.825000,-0.028047,-0.579235,-0.012711,0.814579,-235.415512,92.401062,84.642937
1060,8.833333,-0.028132,-0.579206,-0.012776,0.814595,-235.417984,92.399788,84.637169
1061,8.841667,-0.028110,-0.579233,-0.012561,0.814580,-235.422180,92.400269,84.632202
1062,8.850000,-0.027359,-0.579184,-0.012256,0.814645,-235.425537,92.395523,84.625870
1063,8.858333,-0.026541,-0.579238,-0.011977,0.814638,-235.430176,92.390305,84.619690
1064,8.866667,-0.025833,-0.579288,-0.011853,0.814628,-235.433151,92.390083,84.610840
1065,8.875000,-0.025814,-0.579317,-0.011653,0.814610,-235.434937,92.386368,84.615387
1066,8.883333,-0.025466,-0.579257,-0.012138,0.814657,-235.429031,92.388313,84.613396
1067,8.891667,-0.025677,-0.579175,-0.012085,0.814709,-235.427063,92.385712,84.625862
1068,8.900000,-0.027719,-0.579274,-0.012338,0.814568,-235.423859,92.397552,84.628036
1069,8.908333,-0.028374,-0.579252,-0.012452,0.814560,-235.419937,92.401772,84.632233
1070,8.916667,-0.028447,-0.579184,-0.012818,0.814600,-235.417358,92.402306,84.634644
1071,8.925000,-0.027620,-0.579198,-0.012899,0.814617,-235.415894,92.396629,84.636978
1072,8.933333,-0.027927,-0.579232,-0.012651,0.814586,-235.418060,92.396454,84.636398
1073,8.941667,-0.027336,-0.579203,-0.012566,0.814628,-235.419281,92.395218,84.637566
1074,8.950000,-0.027826,-0.579313,-0.012470,0.814535,-235.421844,92.398483,84.633659
1075,8.958333,-0.028011,-0.579253,-0.012475,0.814571,-235.422699,92.400795,84.629837
1076,8.966667,-0.028216,-0.579191,-0.012232,0.814612,-235.424667,92.398491,84.627167
1077,8.975000,-0.027546,-0.579141,-0.012135,0.814672,-235.426758,92.394958,84.625191
1078,8.983333,-0.026771,-0.579152,-0.011973,0.814692,-235.429596,92.390564,84.622734
1079,8.991667,-0.026121,-0.579145,-0.012103,0.814716,-235.430573,92.387619,84.620544
1080,9.000000,-0.025686,-0.579193,-0.012041,0.814697,-235.429886,92.384827,84.623367
1081,9.008333,-0.025592,-0.579224,-0.012009,0.814678,-235.428116,92.384270,84.624428
1082,9.016667,-0.027372,-0.579297,-0.012063,0.814568,-235.427826,92.392578,84.624687
1083,9.025000,-0.027670,-0.579166,-0.012288,0.814647,-235.425812,92.396866,84.625557
1084,9.033333,-0.027133,-0.579118,-0.012265,0.814700,-235.423828,92.395729,84.625916
1085,9.041667,-0.027868,-0.579211,-0.012139,0.814611,-235.424881,92.399017,84.622978
1086,9.050000,-0.027774,-0.579180,-0.012145,0.814636,-235.425781,92.397484,84.620316
1087,9.058333,-0.027202,-0.579147,-0.012075,0.814680,-235.426498,92.392525,84.620422
1088,9.066667,-0.026470,-0.579109,-0.011978,0.814732,-235.427063,92.388458,84.622391
1089,9.075000,-0.025832,-0.579150,-0.012049,0.814723,-235.426193,92.386223,84.625801
1090,9.083333,-0.025696,-0.579193,-0.011959,0.814698,-235.423615,92.382835,84.628143
1091,9.091667,-0.027413,-0.579264,-0.012318,0.814586,-235.424728,92.395164,84.629913
1092,9.100000,-0.028216,-0.579209,-0.012346,0.814597,-235.423019,92.401115,84.630447
1093,9.108333,-0.028084,-0.579175,-0.012532,0.814623,-235.421722,92.401909,84.632584
1094,9.116667,-0.027912,-0.579184,-0.012497,0.814623,-235.421463,92.401421,84.632866
1095,9.125000,-0.027807,-0.579187,-0.012382,0.814626,-235.422699,92.400642,84.631065
1096,9.133333,-0.027884,-0.579182,-0.012325,0.814628,-235.423828,92.398003,84.629616
1097,9.141667,-0.027236,-0.579123,-0.012211,0.814693,-235.426041,92.394386,84.627060
1098,9.150000,-0.026471,-0.579097,-0.012091,0.814739,-235.427994,92.389626,84.624191
1099,9.158333,-0.025972,-0.579170,-0.012070,0.814704,-235.430695,92.385857,84.619560
1100,9.166667,-0.025877,-0.579174,-0.011999,0.814705,-235.431091,92.383614,84.618584
1101,9.175000,-0.025865,-0.579155,-0.012049,0.814718,-235.429901,92.383270,84.620338
1102,9.183333,-0.025777,-0.579176,-0.012056,0.814706,-235.425751,92.387764,84.617706
1103,9.191667,-0.025868,-0.579117,-0.012404,0.814740,-235.422989,92.389236,84.618446
1104,9.200000,-0.025897,-0.579238,-0.012318,0.814654,-235.421936,92.390862,84.620277
1105,9.208333,-0.026129,-0.579189,-0.012030,0.814686,-235.423416,92.389259,84.625740
1106,9.216667,-0.026070,-0.579134,-0.011995,0.814727,-235.424850,92.388000,84.626656
1107,9.225000,-0.025939,-0.579166,-0.012018,0.814708,-235.426788,92.389862,84.621880
1108,9.233333,-0.025990,-0.579168,-0.011965,0.814706,-235.428268,92.388466,84.622658
1109,9.241667,-0.025972,-0.579109,-0.012169,0.814746,-235.428070,92.386803,84.625504
1110,9.250000,-0.025963,-0.579186,-0.012003,0.814693,-235.426453,92.386833,84.628433
1111,9.258333,-0.025923,-0.579225,-0.012155,0.814664,-235.425705,92.386978,84.629486
1112,9.266667,-0.025680,-0.579220,-0.012321,0.814674,-235.424515,92.389870,84.625671
1113,9.275000,-0.027410,-0.579304,-0.012250,0.814558,-235.426422,92.395493,84.627472
1114,9.283333,-0.028014,-0.579269,-0.012158,0.814564,-235.427170,92.399956,84.624855
1115,9.291667,-0.027679,-0.579205,-0.012253,0.814620,-235.427948,92.396820,84.625328
1116,9.300000,-0.026948,-0.579138,-0.012139,0.814694,-235.429138,92.392639,84.623405
1117,9.308333,-0.026281,-0.579112,-0.012260,0.814732,-235.430450,92.390396,84.621277
1118,9.316667,-0.025720,-0.579218,-0.012375,0.814673,-235.428879,92.389786,84.618385
1119,9.325000,-0.027490,-0.579322,-0.012044,0.814546,-235.429688,92.394814,84.623329
1120,9.333333,-0.027682,-0.579177,-0.012207,0.814640,-235.428040,92.395767,84.621674
1121,9.341667,-0.027209,-0.579127,-0.012213,0.814691,-235.426956,92.393120,84.622780
1122,9.350000,-0.026647,-0.579141,-0.012061,0.814702,-235.426788,92.390160,84.621529
1123,9.358333,-0.026246,-0.579147,-0.012065,0.814711,-235.427979,92.388031,84.621468
1124,9.366667,-0.025938,-0.579178,-0.012184,0.814698,-235.428116,92.386063,84.622437
1125,9.375000,-0.025793,-0.579238,-0.012005,0.814662,-235.426743,92.385307,84.624268
1126,9.383333,-0.025822,-0.579232,-0.011982,0.814666,-235.425400,92.384621,84.624710
1127,9.391667,-0.025868,-0.579195,-0.011889,0.814692,-235.425476,92.385498,84.626915
1128,9.400000,-0.026035,-0.579183,-0.011888,0.814695,-235.425751,92.385361,84.626610
1129,9.408333,-0.027464,-0.579274,-0.012184,0.814579,-235.428696,92.395462,84.624580
1130,9.416667,-0.027844,-0.579210,-0.012206,0.814611,-235.428650,92.397636,84.623718
1131,9.425000,-0.027286,-0.579123,-0.012235,0.814692,-235.428162,92.392723,84.625427
1132,9.433333,-0.026369,-0.579186,-0.012072,0.814680,-235.427734,92.389038,84.625420
1133,9.441667,-0.025869,-0.579211,-0.012068,0.814678,-235.428375,92.385262,84.626213
1134,9.450000,-0.027730,-0.579397,-0.012102,0.814484,-235.430786,92.394981,84.623131
1135,9.458333,-0.028229,-0.579262,-0.012143,0.814562,-235.430725,92.397797,84.621582
1136,9.466667,-0.027640,-0.579146,-0.012080,0.814666,-235.428909,92.396454,84.620483
1137,9.475000,-0.026833,-0.579072,-0.012050,0.814746,-235.428329,92.391838,84.621994
1138,9.483333,-0.026115,-0.579142,-0.012092,0.814719,-235.427734,92.387535,84.622330
