Format Version,1.25,Take Name,Take 2025-11-28 07.13.16 PM,Take Notes,,Capture Frame Rate,120.000000,Export Frame Rate,120.000000,Capture Start Time,2025-11-28 07.13.16.805 PM,Capture Start Frame,3365031,Total Frames in Take,1191,Total Exported Frames,1191,Rotation Type,Quaternion,Length Units,Centimeters,Coordinate Space,Global

,Type,Rigid Body,Rigid Body,Rigid Body,Rigid Body,Rigid Body,Rigid Body,Rigid Body
,Name,SEE_large,SEE_large,SEE_large,SEE_large,SEE_large,SEE_large,SEE_large
,ID,B4680608301811F031C44B617C10C291,B4680608301811F031C44B617C10C291,B4680608301811F031C44B617C10C291,B4680608301811F031C44B617C10C291,B4680608301811F031C44B617C10C291,B4680608301811F031C44B617C10C291,B4680608301811F031C44B617C10C291
,Parent,,,,,,,
,,Rotation,Rotation,Rotation,Rotation,Position,Position,Position
Frame,Time (Seconds),X,Y,Z,W,X,Y,Z
0,0.000000,-0.006450,0.401677,0.014540,0.915643,-215.902405,92.199875,84.157249
1,0.008333,-0.006308,0.401756,0.014429,0.915611,-215.901474,92.200439,84.155380
2,0.016667,-0.006343,0.401727,0.014309,0.915626,-215.902069,92.200294,84.155052
3,0.025000,-0.006344,0.401568,0.014924,0.915686,-215.911652,92.195343,84.157295
4,0.033333,-0.006402,0.401586,0.014704,0.915681,-215.905807,92.197578,84.155342
5,0.041667,-0.006155,0.401468,0.015431,0.915722,-215.912704,92.190918,84.157143
6,0.050000,-0.006171,0.401610,0.014994,0.915667,-215.907761,92.194923,84.158875
7,0.058333,-0.006086,0.401457,0.015414,0.915728,-215.914017,92.192383,84.164070
8,0.066667,-0.006169,0.401572,0.015218,0.915680,-215.915604,92.193893,84.167809
9,0.075000,-0.006308,0.401679,0.014819,0.915639,-215.916794,92.196671,84.171791
10,0.083333,-0.006414,0.401785,0.014387,0.915599,-215.918060,92.199982,84.175438
11,0.091667,-0.006504,0.401880,0.014016,0.915562,-215.919708,92.203178,84.178581
12,0.100000,-0.006566,0.401938,0.013654,0.915541,-215.920547,92.206314,84.182076
13,0.108333,-0.006573,0.402040,0.013373,0.915501,-215.921814,92.209473,84.182724
14,0.116667,-0.006641,0.402079,0.013139,0.915487,-215.922333,92.211823,84.183800
15,0.125000,-0.006478,0.402122,0.012945,0.915472,-215.922546,92.213837,84.182953
16,0.133333,-0.006494,0.402196,0.012923,0.915439,-215.922165,92.214294,84.181274
17,0.141667,-0.006457,0.402161,0.012836,0.915456,-215.922638,92.212860,84.181015
18,0.150000,-0.006475,0.402213,0.012842,0.915433,-215.921875,92.213043,84.179565
19,0.158333,-0.006373,0.402088,0.013018,0.915486,-215.921600,92.212364,84.178802
20,0.166667,-0.006428,0.402124,0.013140,0.915469,-215.921539,92.211815,84.177429
21,0.175000,-0.006477,0.402095,0.013261,0.915479,-215.921600,92.210419,84.176277
22,0.183333,-0.006527,0.402028,0.013237,0.915508,-215.921432,92.209686,84.174850
23,0.191667,-0.006563,0.402034,0.013405,0.915503,-215.921997,92.209229,84.174187
24,0.200000,-0.006591,0.401976,0.013543,0.915526,-215.922592,92.208092,84.174850
25,0.208333,-0.006572,0.401983,0.013630,0.915522,-215.923019,92.206985,84.176781
26,0.216667,-0.006565,0.401967,0.013632,0.915529,-215.923950,92.206276,84.178513
27,0.225000,-0.006447,0.402031,0.013703,0.915501,-215.925354,92.205116,84.179939
28,0.233333,-0.006511,0.402018,0.013647,0.915507,-215.925842,92.205437,84.181061
29,0.241667,-0.006515,0.402004,0.013650,0.915513,-215.926987,92.205124,84.182625
30,0.250000,-0.006371,0.401994,0.013638,0.915519,-215.927124,92.206085,84.183594
31,0.258333,-0.006338,0.402018,0.013720,0.915507,-215.928024,92.207428,84.184990
32,0.266667,-0.006497,0.402034,0.013502,0.915502,-215.928070,92.207146,84.184547
33,0.275000,-0.006576,0.402123,0.013479,0.915463,-215.928299,92.207031,84.184158
34,0.283333,-0.006508,0.402053,0.013405,0.915495,-215.928192,92.207481,84.183426
35,0.291667,-0.006590,0.402097,0.013411,0.915475,-215.928009,92.207649,84.182022
36,0.300000,-0.006670,0.402055,0.013429,0.915493,-215.927551,92.208466,84.181633
37,0.308333,-0.006595,0.402037,0.013317,0.915503,-215.927094,92.208115,84.180473
38,0.316667,-0.006533,0.402058,0.013344,0.915494,-215.926865,92.207771,84.179695
39,0.325000,-0.006493,0.402062,0.013394,0.915492,-215.925690,92.208252,84.180061
40,0.333333,-0.006417,0.402083,0.013422,0.915483,-215.924835,92.207794,84.179642
41,0.341667,-0.006469,0.402059,0.013418,0.915493,-215.924240,92.207687,84.179947
42,0.350000,-0.006493,0.402070,0.013394,0.915488,-215.924286,92.207695,84.180031
43,0.358333,-0.006518,0.402016,0.013409,0.915511,-215.924408,92.207611,84.181732
44,0.366667,-0.006531,0.402017,0.013427,0.915510,-215.924484,92.207771,84.182182
45,0.375000,-0.006551,0.402038,0.013511,0.915500,-215.925003,92.208389,84.182755
46,0.383333,-0.006551,0.402007,0.013571,0.915513,-215.926117,92.208862,84.183762
47,0.391667,-0.006599,0.402027,0.013596,0.915503,-215.926331,92.208382,84.184303
48,0.400000,-0.006482,0.402032,0.013550,0.915502,-215.927856,92.207886,84.184181
49,0.408333,-0.006429,0.402051,0.013456,0.915496,-215.928558,92.207230,84.184509
50,0.416667,-0.006400,0.402057,0.013444,0.915494,-215.928909,92.207405,84.184669
51,0.425000,-0.006419,0.402019,0.013452,0.915510,-215.928604,92.207512,84.183945
52,0.433333,-0.006473,0.402088,0.013485,0.915479,-215.928146,92.208748,84.182648
53,0.441667,-0.006559,0.402091,0.013393,0.915478,-215.928009,92.208954,84.181534
54,0.450000,-0.006439,0.402096,0.013336,0.915478,-215.928436,92.208481,84.181236
55,0.458333,-0.006435,0.402115,0.013274,0.915470,-215.927048,92.207214,84.180664
56,0.466667,-0.006429,0.402088,0.013326,0.915481,-215.926361,92.206650,84.181000
57,0.475000,-0.006389,0.402110,0.013431,0.915470,-215.926407,92.206482,84.180000
58,0.483333,-0.006413,0.402106,0.013482,0.915472,-215.925980,92.206741,84.179787
59,0.491667,-0.006466,0.402095,0.013414,0.915477,-215.925308,92.207047,84.179779
60,0.500000,-0.006527,0.402055,0.013441,0.915493,-215.925095,92.206833,84.179512
61,0.508333,-0.006497,0.401982,0.013473,0.915525,-215.924957,92.206154,84.180771
62,0.516667,-0.006522,0.402057,0.013605,0.915490,-215.925690,92.206757,84.180466
63,0.525000,-0.006480,0.401950,0.013571,0.915538,-215.925842,92.207710,84.183327
64,0.533333,-0.006487,0.401987,0.013570,0.915522,-215.925430,92.207253,84.183891
65,0.541667,-0.006503,0.401976,0.013567,0.915527,-215.927078,92.207024,84.185387
66,0.550000,-0.006450,0.402040,0.013527,0.915499,-215.927551,92.207413,84.185387
67,0.558333,-0.006479,0.402087,0.013463,0.915480,-215.927460,92.206879,84.185173
68,0.566667,-0.006490,0.402109,0.013401,0.915471,-215.928131,92.206100,84.185341
69,0.575000,-0.006529,0.402107,0.013432,0.915471,-215.928406,92.206230,84.184662
70,0.583333,-0.006472,0.402062,0.013367,0.915492,-215.927963,92.207405,84.184166
71,0.591667,-0.006366,0.402049,0.013418,0.915498,-215.927704,92.207512,84.182793
72,0.600000,-0.006404,0.402073,0.013411,0.915487,-215.926743,92.207047,84.181725
73,0.608333,-0.006445,0.402054,0.013386,0.915495,-215.925629,92.207886,84.180771
74,0.616667,-0.006520,0.402077,0.013439,0.915484,-215.924210,92.209198,84.179375
75,0.625000,-0.006552,0.402079,0.013441,0.915483,-215.923691,92.208954,84.179070
76,0.633333,-0.006483,0.402048,0.013452,0.915497,-215.923904,92.208000,84.178749
77,0.641667,-0.006510,0.402058,0.013420,0.915493,-215.923309,92.208153,84.178314
78,0.650000,-0.006469,0.402016,0.013430,0.915511,-215.922714,92.206940,84.179596
79,0.658333,-0.006461,0.401999,0.013508,0.915518,-215.923141,92.207275,84.181091
80,0.666667,-0.006452,0.402042,0.013596,0.915498,-215.923904,92.207771,84.180954
81,0.675000,-0.006402,0.402021,0.013635,0.915507,-215.924744,92.207779,84.181808
82,0.683333,-0.006459,0.402057,0.013606,0.915491,-215.925247,92.206627,84.182442
83,0.691667,-0.006408,0.402059,0.013578,0.915491,-215.926361,92.206589,84.183128
84,0.700000,-0.006508,0.402037,0.013494,0.915501,-215.926987,92.206299,84.183395
85,0.708333,-0.006556,0.402055,0.013459,0.915493,-215.927582,92.206749,84.183868
86,0.716667,-0.006466,0.402053,0.013468,0.915495,-215.928314,92.207779,84.183601
87,0.725000,-0.006499,0.402043,0.013445,0.915499,-215.928787,92.208275,84.183556
88,0.733333,-0.006403,0.402114,0.013456,0.915468,-215.928345,92.208214,84.182945
89,0.741667,-0.006378,0.402078,0.013411,0.915485,-215.928391,92.208717,84.182968
90,0.750000,-0.006535,0.402089,0.013440,0.915479,-215.927536,92.209076,84.181664
91,0.758333,-0.006446,0.402131,0.013300,0.915463,-215.926239,92.209816,84.180481
92,0.766667,-0.006490,0.402053,0.013308,0.915497,-215.925049,92.209564,84.179352
93,0.775000,-0.006525,0.402068,0.013306,0.915490,-215.924362,92.209534,84.178688
94,0.783333,-0.006460,0.402005,0.013316,0.915518,-215.923660,92.209709,84.178978
95,0.791667,-0.006485,0.402025,0.013288,0.915509,-215.923523,92.208916,84.180389
96,0.800000,-0.006523,0.402013,0.013397,0.915513,-215.922577,92.208229,84.180962
97,0.808333,-0.006549,0.402017,0.013527,0.915509,-215.922806,92.208992,84.182259
98,0.816667,-0.006560,0.402017,0.013521,0.915509,-215.923355,92.208572,84.184090
99,0.825000,-0.006524,0.401816,0.013553,0.915597,-215.925385,92.208893,84.187675
100,0.833333,-0.006584,0.401976,0.013544,0.915526,-215.925217,92.209488,84.186363
101,0.841667,-0.006485,0.401991,0.013543,0.915520,-215.926498,92.209442,84.187279
102,0.850000,-0.006495,0.401800,0.013520,0.915605,-215.928650,92.209885,84.191414
103,0.858333,-0.006517,0.402030,0.013509,0.915504,-215.928833,92.210533,84.189316
104,0.866667,-0.006609,0.401864,0.013521,0.915576,-215.930527,92.210381,84.191124
105,0.875000,-0.006592,0.401794,0.013577,0.915606,-215.931625,92.210480,84.192230
106,0.883333,-0.006553,0.401776,0.013353,0.915617,-215.931839,92.211601,84.191887
107,0.891667,-0.006489,0.402061,0.013407,0.915492,-215.929932,92.212112,84.187439
108,0.900000,-0.006586,0.402114,0.013475,0.915467,-215.929672,92.213203,84.185326
109,0.908333,-0.006633,0.402073,0.013353,0.915486,-215.929489,92.212669,84.183792
110,0.916667,-0.006670,0.402038,0.013403,0.915501,-215.928574,92.213509,84.182343
111,0.925000,-0.006672,0.402037,0.013340,0.915502,-215.927200,92.213203,84.181396
112,0.933333,-0.006715,0.402083,0.013369,0.915481,-215.925644,92.212692,84.179764
113,0.941667,-0.006611,0.402060,0.013368,0.915492,-215.923981,92.212967,84.178574
114,0.950000,-0.006546,0.402023,0.013392,0.915508,-215.921829,92.212753,84.179131
115,0.958333,-0.006618,0.402003,0.013444,0.915516,-215.920334,92.211845,84.179535
116,0.966667,-0.006627,0.402022,0.013450,0.915507,-215.918732,92.212013,84.178574
117,0.975000,-0.006588,0.402004,0.013512,0.915515,-215.918045,92.212227,84.178108
118,0.983333,-0.006476,0.401984,0.013441,0.915525,-215.918350,92.212318,84.178581
119,0.991667,-0.006487,0.402015,0.013388,0.915512,-215.919189,92.210938,84.180161
120,1.000000,-0.006622,0.402021,0.013484,0.915507,-215.920395,92.210594,84.180267
121,1.008333,-0.006585,0.401954,0.013467,0.915537,-215.921753,92.210785,84.181908
122,1.016667,-0.006555,0.401971,0.013435,0.915530,-215.921783,92.210617,84.181305
123,1.025000,-0.006605,0.401960,0.013467,0.915534,-215.923233,92.210747,84.182442
124,1.033333,-0.006637,0.401948,0.013379,0.915541,-215.923141,92.210823,84.182449
125,1.041667,-0.006602,0.401972,0.013548,0.915528,-215.923889,92.211014,84.181915
126,1.050000,-0.006573,0.401944,0.013544,0.915541,-215.924713,92.211220,84.181908
127,1.058333,-0.006555,0.401966,0.013533,0.915531,-215.924698,92.212227,84.180977
128,1.066667,-0.006531,0.402020,0.013520,0.915508,-215.925140,92.211464,84.179863
129,1.075000,-0.006520,0.402000,0.013426,0.915518,-215.923447,92.211136,84.179077
130,1.083333,-0.006552,0.402058,0.013478,0.915491,-215.923233,92.212006,84.177322
131,1.091667,-0.006725,0.402097,0.013490,0.915473,-215.922363,92.213120,84.177727
132,1.100000,-0.006692,0.402066,0.013379,0.915488,-215.922195,92.214043,84.176720
133,1.108333,-0.006742,0.402022,0.013415,0.915507,-215.923431,92.214325,84.176720
134,1.116667,-0.006694,0.402036,0.013602,0.915498,-215.925690,92.212799,84.178673
135,1.125000,-0.006597,0.402115,0.013853,0.915461,-215.931396,92.211739,84.178925
136,1.133333,-0.006651,0.402083,0.014021,0.915472,-215.934845,92.210266,84.181602
137,1.141667,-0.006712,0.402163,0.014192,0.915433,-215.939850,92.209534,84.181793
138,1.150000,-0.006670,0.401974,0.014334,0.915515,-215.946884,92.208244,84.185760
139,1.158333,-0.006669,0.401988,0.014433,0.915507,-215.951660,92.207390,84.186432
140,1.166667,-0.006753,0.402172,0.014501,0.915425,-215.953690,92.207321,84.183594
141,1.175000,-0.006880,0.402034,0.014481,0.915484,-215.956039,92.206665,84.186195
142,1.183333,-0.006874,0.402227,0.014404,0.915401,-215.953583,92.207680,84.184929
143,1.191667,-0.006884,0.402045,0.014436,0.915480,-215.954834,92.207825,84.187241
144,1.200000,-0.006826,0.402025,0.014445,0.915489,-215.954498,92.207924,84.187675
145,1.208333,-0.006878,0.402087,0.014433,0.915462,-215.955780,92.208183,84.185951
146,1.216667,-0.006879,0.402296,0.014454,0.915370,-215.953949,92.209000,84.182892
147,1.225000,-0.006979,0.402349,0.014362,0.915347,-215.951874,92.209557,84.180725
148,1.233333,-0.006942,0.402010,0.014340,0.915496,-215.952255,92.211624,84.183754
149,1.241667,-0.006878,0.402210,0.014277,0.915410,-215.949341,92.210709,84.180534
150,1.250000,-0.006842,0.402309,0.014169,0.915369,-215.946960,92.210541,84.179329
151,1.258333,-0.006816,0.402328,0.014218,0.915360,-215.945267,92.211929,84.178802
152,1.266667,-0.006823,0.402273,0.014250,0.915383,-215.944931,92.212273,84.178497
153,1.275000,-0.006787,0.402276,0.014259,0.915382,-215.944427,92.212227,84.179298
154,1.283333,-0.006845,0.402276,0.014164,0.915383,-215.942764,92.211250,84.179535
155,1.291667,-0.006936,0.402263,0.014067,0.915390,-215.942886,92.209709,84.179855
156,1.300000,-0.006972,0.402252,0.014176,0.915393,-215.942810,92.209846,84.180550
157,1.308333,-0.006823,0.402266,0.014286,0.915386,-215.944382,92.209557,84.181755
158,1.316667,-0.006799,0.401997,0.014335,0.915504,-215.947647,92.210037,84.185814
159,1.325000,-0.006889,0.402043,0.014435,0.915481,-215.949341,92.210052,84.186401
160,1.333333,-0.006883,0.402220,0.014467,0.915403,-215.950439,92.209259,84.185883
161,1.341667,-0.006842,0.402354,0.014367,0.915346,-215.951294,92.208275,84.185883
162,1.350000,-0.006815,0.402101,0.014349,0.915458,-215.953033,92.208595,84.188698
163,1.358333,-0.006803,0.402106,0.014363,0.915455,-215.953583,92.209412,84.188995
164,1.366667,-0.006795,0.402074,0.014401,0.915469,-215.953400,92.209167,84.189087
165,1.375000,-0.006807,0.402334,0.014407,0.915354,-215.952164,92.209030,84.185593
166,1.383333,-0.006868,0.402354,0.014380,0.915346,-215.949829,92.209435,84.184059
167,1.391667,-0.006745,0.402319,0.014317,0.915363,-215.948013,92.210976,84.183189
168,1.400000,-0.006798,0.402283,0.014251,0.915379,-215.947220,92.211433,84.181862
169,1.408333,-0.006867,0.402362,0.014249,0.915344,-215.946533,92.211105,84.180305
170,1.416667,-0.006820,0.402247,0.014207,0.915396,-215.945602,92.210945,84.180443
171,1.425000,-0.006759,0.402305,0.014230,0.915370,-215.944595,92.210320,84.179733
172,1.433333,-0.006766,0.402268,0.014302,0.915385,-215.943436,92.211113,84.179626
173,1.441667,-0.006855,0.402284,0.014483,0.915375,-215.944595,92.211472,84.179573
174,1.450000,-0.006903,0.402034,0.014368,0.915486,-215.944260,92.211166,84.182640
175,1.458333,-0.006900,0.402024,0.014323,0.915491,-215.945251,92.210403,84.183144
176,1.466667,-0.006930,0.402253,0.014285,0.915391,-215.944046,92.209915,84.180870
177,1.475000,-0.006886,0.402279,0.014338,0.915379,-215.946365,92.208328,84.181908
178,1.483333,-0.006993,0.401987,0.014394,0.915506,-215.948349,92.208893,84.186134
179,1.491667,-0.006895,0.401986,0.014461,0.915506,-215.948669,92.209351,84.186935
180,1.500000,-0.006892,0.401983,0.014492,0.915507,-215.949707,92.208572,84.188522
181,1.508333,-0.006835,0.402234,0.014592,0.915395,-215.950089,92.208481,84.185181
182,1.516667,-0.006805,0.402036,0.014505,0.915484,-215.951416,92.208656,84.187698
183,1.525000,-0.006847,0.402277,0.014509,0.915377,-215.949844,92.209503,84.185089
184,1.533333,-0.006808,0.402071,0.014462,0.915469,-215.949631,92.209198,84.187004
185,1.541667,-0.006783,0.402017,0.014450,0.915493,-215.948349,92.209885,84.186821
186,1.550000,-0.006748,0.402253,0.014419,0.915390,-215.946609,92.209915,84.183113
187,1.558333,-0.006777,0.402305,0.014406,0.915367,-215.945099,92.209358,84.182098
188,1.566667,-0.006839,0.402283,0.014292,0.915379,-215.944260,92.210175,84.180969
189,1.575000,-0.006914,0.402250,0.014404,0.915390,-215.945526,92.208839,84.180473
190,1.583333,-0.006940,0.402315,0.014509,0.915360,-215.945862,92.208847,84.179680
191,1.591667,-0.006894,0.402324,0.014569,0.915356,-215.945343,92.208588,84.179634
192,1.600000,-0.006891,0.402230,0.014573,0.915397,-215.945648,92.208305,84.180222
193,1.608333,-0.006810,0.402207,0.014596,0.915407,-215.948730,92.207375,84.180984
194,1.616667,-0.006894,0.401991,0.014687,0.915500,-215.954346,92.207718,84.185020
195,1.625000,-0.007001,0.401998,0.014702,0.915496,-215.956833,92.206512,84.185760
196,1.633333,-0.007037,0.401970,0.014677,0.915508,-215.956573,92.206779,84.186813
197,1.641667,-0.006987,0.402025,0.014590,0.915486,-215.955048,92.206558,84.186707
198,1.650000,-0.006859,0.402278,0.014567,0.915376,-215.952927,92.207748,84.184532
199,1.658333,-0.006735,0.402064,0.014547,0.915471,-215.955856,92.209076,84.188393
200,1.666667,-0.006827,0.402142,0.014594,0.915435,-215.955948,92.209312,84.188530
201,1.675000,-0.006962,0.402061,0.014415,0.915473,-215.955521,92.209450,84.188423
202,1.683333,-0.006940,0.402111,0.014412,0.915451,-215.954498,92.208641,84.187943
203,1.691667,-0.006875,0.402374,0.014327,0.915338,-215.952805,92.208969,84.184181
204,1.700000,-0.006828,0.402324,0.014277,0.915361,-215.950394,92.209602,84.184349
205,1.708333,-0.006763,0.402378,0.014232,0.915338,-215.948441,92.209503,84.182312
206,1.716667,-0.006763,0.402422,0.014297,0.915318,-215.949631,92.208817,84.180977
207,1.725000,-0.006761,0.402373,0.014410,0.915338,-215.951843,92.208168,84.181381
208,1.733333,-0.006821,0.402326,0.014434,0.915357,-215.951660,92.208916,84.181007
209,1.741667,-0.006828,0.402309,0.014507,0.915364,-215.951828,92.208107,84.180283
210,1.750000,-0.006844,0.402306,0.014482,0.915365,-215.953278,92.206902,84.179749
211,1.758333,-0.006763,0.402334,0.014525,0.915353,-215.956161,92.205948,84.180672
212,1.766667,-0.006613,0.401805,0.015650,0.915568,-215.947891,92.196747,84.171288
213,1.775000,-0.006632,0.401813,0.015403,0.915568,-215.945099,92.198524,84.171463
214,1.783333,-0.006861,0.401809,0.015279,0.915570,-215.946167,92.200333,84.172859
215,1.791667,-0.007005,0.401792,0.015288,0.915576,-215.947388,92.199013,84.172981
216,1.800000,-0.006848,0.401724,0.015264,0.915608,-215.948273,92.198853,84.173553
217,1.808333,-0.006903,0.401781,0.015419,0.915580,-215.948013,92.198654,84.172821
218,1.816667,-0.006780,0.401591,0.016148,0.915652,-215.956619,92.193985,84.176826
219,1.825000,-0.006681,0.401682,0.015992,0.915615,-215.951248,92.195114,84.176239
220,1.833333,-0.006423,0.401511,0.016429,0.915684,-215.954727,92.189247,84.177078
221,1.841667,-0.006421,0.401544,0.016336,0.915671,-215.953659,92.189812,84.179047
222,1.850000,-0.006477,0.401725,0.016011,0.915597,-215.945557,92.193207,84.175957
223,1.858333,-0.006381,0.401742,0.016576,0.915581,-215.949753,92.190117,84.173561
224,1.866667,-0.006492,0.401766,0.016285,0.915574,-215.949631,92.191177,84.173279
225,1.875000,-0.006550,0.401842,0.015981,0.915546,-215.949432,92.193527,84.173660
226,1.883333,-0.006651,0.401728,0.015505,0.915604,-215.953232,92.197342,84.178909
227,1.891667,-0.006715,0.402115,0.015175,0.915439,-215.954712,92.201080,84.179047
228,1.900000,-0.006656,0.401801,0.015616,0.915570,-215.947083,92.196465,84.172562
229,1.908333,-0.006519,0.401456,0.016889,0.915699,-215.950729,92.186058,84.167206
230,1.916667,-0.006642,0.401721,0.016030,0.915598,-215.947342,92.194351,84.169876
231,1.925000,-0.006711,0.401827,0.015401,0.915561,-215.944885,92.199036,84.172180
232,1.933333,-0.006600,0.401832,0.015876,0.915552,-215.953323,92.193398,84.174606
233,1.941667,-0.006635,0.401887,0.015778,0.915529,-215.946548,92.192932,84.171211
234,1.950000,-0.006735,0.402041,0.015355,0.915468,-215.941803,92.196663,84.170433
235,1.958333,-0.006678,0.401722,0.016008,0.915597,-215.953018,92.193405,84.177299
236,1.966667,-0.006718,0.401683,0.015898,0.915616,-215.947586,92.195816,84.175735
237,1.975000,-0.006670,0.401730,0.016466,0.915586,-215.950775,92.189865,84.172348
238,1.983333,-0.006681,0.401548,0.016413,0.915666,-215.953018,92.190277,84.175560
239,1.991667,-0.006753,0.401683,0.015951,0.915615,-215.946579,92.194931,84.175369
240,2.000000,-0.006634,0.401807,0.015433,0.915570,-215.942200,92.199150,84.175964
241,2.008333,-0.006470,0.401854,0.015974,0.915541,-215.949432,92.194328,84.175827
242,2.016667,-0.006629,0.402062,0.015753,0.915453,-215.949539,92.196602,84.176926
243,2.025000,-0.006820,0.402092,0.015305,0.915446,-215.951874,92.200554,84.180237
244,2.033333,-0.006909,0.402183,0.014939,0.915412,-215.953613,92.204033,84.182327
245,2.041667,-0.006911,0.402070,0.014562,0.915467,-215.955933,92.206848,84.187653
246,2.050000,-0.006950,0.402405,0.014291,0.915324,-215.954926,92.210114,84.186783
247,2.058333,-0.006932,0.402463,0.014023,0.915302,-215.954895,92.212128,84.187508
248,2.066667,-0.006952,0.402281,0.013973,0.915383,-215.957596,92.213463,84.191772
249,2.075000,-0.006959,0.402437,0.014011,0.915314,-215.958496,92.214226,84.190079
250,2.083333,-0.006822,0.401710,0.015808,0.915605,-215.945938,92.197189,84.173416
251,2.091667,-0.006307,0.401310,0.017901,0.915746,-215.945770,92.177238,84.160919
252,2.100000,-0.005955,0.401148,0.018881,0.915799,-215.943115,92.167435,84.155121
253,2.108333,-0.005838,0.401068,0.019264,0.915827,-215.942352,92.163986,84.154312
254,2.116667,-0.005977,0.401185,0.019163,0.915777,-215.943405,92.165604,84.155617
255,2.125000,-0.006118,0.401039,0.018711,0.915850,-215.947647,92.170364,84.162643
256,2.133333,-0.006293,0.401158,0.017846,0.915813,-215.950104,92.178253,84.168152
257,2.141667,-0.006481,0.401405,0.016856,0.915722,-215.950806,92.185989,84.173256
258,2.150000,-0.006693,0.401685,0.015746,0.915618,-215.952545,92.196625,84.179924
259,2.158333,-0.006865,0.402032,0.014854,0.915480,-215.954758,92.205223,84.185722
260,2.166667,-0.006906,0.402411,0.014031,0.915326,-215.957169,92.212730,84.189148
261,2.175000,-0.006989,0.402445,0.013323,0.915321,-215.961594,92.218086,84.194572
262,2.183333,-0.007005,0.402492,0.012921,0.915306,-215.963287,92.221130,84.197952
263,2.191667,-0.006938,0.402751,0.012682,0.915196,-215.962387,92.222725,84.196320
264,2.200000,-0.006919,0.402821,0.012689,0.915165,-215.960983,92.222229,84.194763
265,2.208333,-0.006569,0.402049,0.015383,0.915466,-215.942596,92.198524,84.169762
266,2.216667,-0.006028,0.401302,0.018445,0.915740,-215.942413,92.173698,84.153870
267,2.225000,-0.005683,0.400914,0.020011,0.915879,-215.941483,92.159714,84.147408
268,2.233333,-0.005665,0.400837,0.020444,0.915904,-215.941025,92.154411,84.145042
269,2.241667,-0.005736,0.400901,0.020278,0.915879,-215.941025,92.155197,84.146812
270,2.250000,-0.005710,0.401068,0.019597,0.915821,-215.941269,92.160591,84.150574
271,2.258333,-0.005915,0.401260,0.018704,0.915754,-215.942810,92.169319,84.155502
272,2.266667,-0.006624,0.401948,0.015941,0.915500,-215.940399,92.195145,84.168816
273,2.275000,-0.006719,0.402321,0.014438,0.915360,-215.955444,92.208733,84.185616
274,2.283333,-0.006945,0.402743,0.012883,0.915196,-215.963577,92.222366,84.195374
275,2.291667,-0.007032,0.403024,0.011884,0.915085,-215.966553,92.230980,84.201256
276,2.300000,-0.007143,0.403208,0.011333,0.915010,-215.967728,92.234261,84.203087
277,2.308333,-0.007070,0.403157,0.011153,0.915035,-215.968704,92.236038,84.204094
278,2.316667,-0.007144,0.402892,0.011318,0.915150,-215.969589,92.234161,84.204735
279,2.325000,-0.007058,0.402754,0.011862,0.915204,-215.967606,92.229530,84.202629
280,2.333333,-0.007004,0.402607,0.012629,0.915259,-215.965088,92.225227,84.199570
281,2.341667,-0.007007,0.402685,0.013336,0.915214,-215.960602,92.218925,84.191872
282,2.350000,-0.006654,0.401990,0.015775,0.915484,-215.941452,92.195877,84.166580
283,2.358333,-0.006125,0.401313,0.018321,0.915737,-215.941650,92.173317,84.152283
284,2.366667,-0.005786,0.400914,0.019751,0.915885,-215.939636,92.159805,84.144768
285,2.375000,-0.005674,0.400638,0.020580,0.915988,-215.939743,92.153397,84.144295
286,2.383333,-0.006505,0.401716,0.016786,0.915587,-215.939240,92.187523,84.164482
287,2.391667,-0.006931,0.402437,0.013489,0.915322,-215.959305,92.216759,84.196930
288,2.400000,-0.007044,0.403204,0.011347,0.915013,-215.966507,92.235435,84.206947
289,2.408333,-0.007124,0.403547,0.009901,0.914878,-215.968796,92.247787,84.211037
290,2.416667,-0.007439,0.403621,0.009304,0.914849,-215.970703,92.253830,84.213020
291,2.425000,-0.007426,0.403589,0.009331,0.914863,-215.971024,92.252350,84.212379
292,2.433333,-0.007311,0.403260,0.009892,0.915003,-215.970825,92.247795,84.211716
293,2.441667,-0.007162,0.403045,0.010799,0.915089,-215.969086,92.240784,84.207573
294,2.450000,-0.007221,0.402760,0.011779,0.915202,-215.967178,92.231667,84.203056
295,2.458333,-0.006677,0.401742,0.015751,0.915593,-215.945221,92.196617,84.170792
296,2.466667,-0.005959,0.400776,0.019442,0.915951,-215.945404,92.162315,84.153206
297,2.475000,-0.005359,0.400564,0.021588,0.915999,-215.940674,92.144157,84.141312
298,2.483333,-0.006288,0.401781,0.016942,0.915558,-215.942566,92.184303,84.166496
299,2.491667,-0.006449,0.401736,0.016053,0.915592,-215.942688,92.192627,84.173386
300,2.500000,-0.006348,0.401816,0.016388,0.915552,-215.948074,92.191605,84.171837
301,2.508333,-0.006480,0.401879,0.015955,0.915531,-215.949005,92.194130,84.171814
302,2.516667,-0.006718,0.402021,0.015509,0.915474,-215.949280,92.198433,84.173119
303,2.525000,-0.006702,0.402096,0.015085,0.915448,-215.949463,92.202293,84.176323
304,2.533333,-0.006678,0.401755,0.015669,0.915589,-215.940613,92.197739,84.168610
305,2.541667,-0.006431,0.401560,0.016959,0.915653,-215.944626,92.185768,84.162376
306,2.550000,-0.006320,0.401548,0.017470,0.915649,-215.944504,92.181778,84.160324
307,2.558333,-0.006349,0.401491,0.017596,0.915672,-215.945175,92.179893,84.160553
308,2.566667,-0.006328,0.401505,0.017387,0.915670,-215.945862,92.181732,84.162880
309,2.575000,-0.006517,0.401916,0.015947,0.915515,-215.941452,92.194260,84.168526
310,2.583333,-0.006637,0.402055,0.015494,0.915461,-215.950089,92.198059,84.176598
311,2.591667,-0.006901,0.402269,0.014681,0.915378,-215.954071,92.204811,84.183334
312,2.600000,-0.006658,0.401996,0.015770,0.915481,-215.942505,92.196503,84.167717
313,2.608333,-0.006328,0.401521,0.017369,0.915663,-215.946198,92.183777,84.160309
314,2.616667,-0.006212,0.401320,0.018114,0.915738,-215.945786,92.177399,84.157303
315,2.625000,-0.006199,0.401317,0.018194,0.915738,-215.946655,92.174690,84.156761
316,2.633333,-0.006205,0.401095,0.018082,0.915837,-215.948624,92.175583,84.160698
317,2.641667,-0.006332,0.401210,0.017561,0.915796,-215.949829,92.179161,84.164200
318,2.650000,-0.006648,0.401941,0.015820,0.915505,-215.943146,92.194275,84.168755
319,2.658333,-0.006760,0.402150,0.015213,0.915422,-215.938522,92.200394,84.167847
320,2.666667,-0.006781,0.402126,0.015056,0.915435,-215.937134,92.201546,84.167023
321,2.675000,-0.006831,0.401716,0.015803,0.915603,-215.950012,92.196915,84.171638
322,2.683333,-0.006698,0.401980,0.015668,0.915490,-215.951202,92.199135,84.172020
323,2.691667,-0.006752,0.402121,0.015321,0.915434,-215.952728,92.201981,84.175278
324,2.700000,-0.006621,0.401976,0.015857,0.915489,-215.941925,92.197334,84.165306
325,2.708333,-0.006514,0.401633,0.017072,0.915618,-215.947128,92.185600,84.161575
326,2.716667,-0.006465,0.401506,0.017398,0.915668,-215.947510,92.180824,84.160461
327,2.725000,-0.006271,0.401536,0.017470,0.915655,-215.947601,92.180405,84.160507
328,2.733333,-0.006479,0.401923,0.015811,0.915514,-215.942734,92.194160,84.167816
329,2.741667,-0.006648,0.402043,0.015293,0.915469,-215.951782,92.199898,84.177765
330,2.750000,-0.006780,0.402123,0.014280,0.915449,-215.956360,92.208740,84.188148
331,2.758333,-0.006876,0.402532,0.013549,0.915280,-215.958328,92.216042,84.191170
332,2.766667,-0.007106,0.402743,0.012986,0.915193,-215.958984,92.220947,84.193718
333,2.775000,-0.007128,0.402773,0.012618,0.915185,-215.959579,92.223137,84.195236
334,2.783333,-0.007030,0.402846,0.012558,0.915155,-215.959595,92.223167,84.194702
335,2.791667,-0.006970,0.402777,0.012724,0.915183,-215.958496,92.223106,84.194298
336,2.800000,-0.006983,0.402715,0.013032,0.915206,-215.957932,92.222015,84.192421
337,2.808333,-0.006878,0.402601,0.013199,0.915254,-215.956146,92.219505,84.190681
338,2.816667,-0.006532,0.401964,0.015479,0.915502,-215.940216,92.199722,84.169678
339,2.825000,-0.006073,0.401327,0.018154,0.915735,-215.942139,92.175766,84.155090
340,2.833333,-0.006642,0.401944,0.015829,0.915503,-215.939407,92.195312,84.166458
341,2.841667,-0.006786,0.402313,0.014496,0.915362,-215.949982,92.206482,84.181892
342,2.850000,-0.006962,0.402786,0.013056,0.915175,-215.957672,92.220749,84.192528
343,2.858333,-0.007052,0.402979,0.012059,0.915103,-215.961075,92.228798,84.198326
344,2.866667,-0.007235,0.403120,0.011476,0.915047,-215.963440,92.234489,84.200455
345,2.875000,-0.007235,0.403052,0.011363,0.915078,-215.963669,92.235336,84.202454
346,2.883333,-0.007179,0.403059,0.011537,0.915073,-215.963989,92.234871,84.202744
347,2.891667,-0.007014,0.402989,0.011871,0.915101,-215.962082,92.231865,84.202263
348,2.900000,-0.007061,0.402597,0.012465,0.915265,-215.959961,92.227158,84.204620
349,2.908333,-0.006840,0.402423,0.013052,0.915335,-215.955872,92.221092,84.204865
350,2.916667,-0.006730,0.401487,0.013591,0.915739,-215.955948,92.215492,84.195351
351,2.925000,-0.006698,0.401157,0.013458,0.915886,-215.958908,92.217941,84.191475
352,2.933333,-0.006613,0.401102,0.013252,0.915914,-215.958786,92.219543,84.197083
353,2.941667,-0.006483,0.401187,0.013376,0.915876,-215.955734,92.219727,84.204987
354,2.950000,-0.006350,0.401227,0.013323,0.915860,-215.953537,92.221603,84.218857
355,2.958333,-0.006286,0.401219,0.013186,0.915866,-215.951248,92.223648,84.233971
356,2.966667,-0.006090,0.401217,0.013261,0.915867,-215.945099,92.223587,84.249207
357,2.975000,-0.005829,0.400975,0.012839,0.915980,-215.929504,92.229477,84.261597
358,2.983333,-0.005650,0.400792,0.012072,0.916072,-215.922256,92.236916,84.274178
359,2.991667,-0.005558,0.400463,0.011367,0.916226,-215.923889,92.245491,84.289062
360,3.000000,-0.005793,0.400265,0.010636,0.916319,-215.929367,92.258606,84.308929
361,3.008333,-0.005986,0.400235,0.010714,0.916330,-215.936417,92.263260,84.333679
362,3.016667,-0.005682,0.400233,0.011478,0.916324,-215.943268,92.262741,84.362335
363,3.025000,-0.004853,0.400276,0.012235,0.916300,-215.949081,92.263924,84.388695
364,3.033333,-0.003863,0.400392,0.012719,0.916248,-215.954239,92.266396,84.412506
365,3.041667,-0.003028,0.400529,0.013187,0.916184,-215.955872,92.265060,84.429527
366,3.050000,-0.002504,0.400591,0.013440,0.916155,-215.956238,92.266083,84.444824
367,3.058333,-0.002122,0.400524,0.013480,0.916185,-215.955383,92.266197,84.459015
368,3.066667,-0.001926,0.400625,0.013268,0.916144,-215.954468,92.268837,84.468803
369,3.075000,-0.001948,0.400618,0.013183,0.916148,-215.954178,92.268715,84.473404
370,3.083333,-0.002220,0.400711,0.013106,0.916108,-215.953033,92.268799,84.473877
371,3.091667,-0.002466,0.400732,0.013124,0.916098,-215.952271,92.268539,84.472786
372,3.100000,-0.002548,0.400712,0.013056,0.916108,-215.951401,92.266968,84.472076
373,3.108333,-0.002680,0.400782,0.013160,0.916075,-215.950485,92.266678,84.469566
374,3.116667,-0.002697,0.400899,0.013041,0.916026,-215.950348,92.267319,84.472328
375,3.125000,-0.002623,0.400843,0.012874,0.916052,-215.951462,92.267975,84.478065
376,3.133333,-0.001828,0.400857,0.015377,0.916010,-215.973618,92.248802,84.504227
377,3.141667,-0.000760,0.401203,0.016310,0.915844,-215.973740,92.239525,84.525581
378,3.150000,0.000079,0.401414,0.016965,0.915739,-215.972443,92.234200,84.547592
379,3.158333,0.000658,0.401678,0.017443,0.915615,-215.970947,92.230309,84.564217
380,3.166667,0.001045,0.401833,0.017518,0.915545,-215.970398,92.230072,84.576401
381,3.175000,0.001299,0.401788,0.017483,0.915565,-215.969849,92.231247,84.584770
382,3.183333,0.001444,0.401794,0.017432,0.915563,-215.969772,92.230347,84.591103
383,3.191667,0.001554,0.401731,0.017569,0.915588,-215.968582,92.230705,84.592529
384,3.200000,0.001449,0.401686,0.017712,0.915605,-215.969116,92.230507,84.587906
385,3.208333,0.000914,0.401681,0.017639,0.915609,-215.967804,92.231094,84.572556
386,3.216667,0.000368,0.401585,0.017467,0.915655,-215.965561,92.230141,84.543648
387,3.225000,-0.000820,0.401498,0.017007,0.915702,-215.954926,92.231216,84.494774
388,3.233333,-0.002307,0.401429,0.015798,0.915751,-215.950226,92.234604,84.444603
389,3.241667,-0.004303,0.401202,0.014053,0.915872,-215.942291,92.241318,84.393326
390,3.250000,-0.006083,0.400780,0.011824,0.916078,-215.933899,92.254272,84.356674
391,3.258333,-0.006468,0.400634,0.010716,0.916153,-215.925949,92.265724,84.361855
392,3.266667,-0.005422,0.400650,0.010695,0.916153,-215.916107,92.287354,84.395393
393,3.275000,-0.003074,0.400665,0.011147,0.916152,-215.910202,92.321121,84.430847
394,3.283333,-0.001014,0.401046,0.011991,0.915979,-215.908600,92.360153,84.447884
395,3.291667,0.000128,0.401481,0.012682,0.915780,-215.906281,92.402687,84.459465
396,3.300000,0.000029,0.401814,0.013485,0.915622,-215.910370,92.447823,84.473473
397,3.308333,-0.000585,0.401997,0.014913,0.915519,-215.923264,92.489494,84.496590
398,3.316667,-0.001380,0.401969,0.015081,0.915528,-215.918915,92.540817,84.515152
399,3.325000,-0.002077,0.401934,0.014766,0.915547,-215.901215,92.593918,84.526978
400,3.333333,-0.000758,0.401890,0.014698,0.915569,-215.893036,92.657379,84.534927
401,3.341667,-0.000782,0.401686,0.014038,0.915670,-215.890167,92.718849,84.542175
402,3.350000,-0.001221,0.401766,0.013928,0.915636,-215.890625,92.781189,84.545898
403,3.358333,-0.001469,0.401762,0.013691,0.915641,-215.888550,92.837128,84.551567
404,3.366667,-0.001484,0.401812,0.013441,0.915622,-215.884109,92.884254,84.562164
405,3.375000,-0.001404,0.401893,0.013725,0.915583,-215.878036,92.926613,84.573921
406,3.383333,-0.001471,0.401949,0.014158,0.915552,-215.874832,92.972763,84.585808
407,3.391667,-0.001871,0.402103,0.014488,0.915478,-215.869980,93.026245,84.595131
408,3.400000,-0.002680,0.402085,0.014259,0.915488,-215.866165,93.087097,84.598335
409,3.408333,-0.002958,0.402383,0.016023,0.915326,-215.857193,93.127266,84.602219
410,3.416667,-0.001443,0.402504,0.016487,0.915269,-215.854233,93.194580,84.607994
411,3.425000,-0.001203,0.402408,0.016314,0.915314,-215.856033,93.254318,84.615654
412,3.433333,-0.003033,0.402411,0.015016,0.915331,-215.878342,93.339966,84.626236
413,3.441667,-0.003893,0.401966,0.014511,0.915532,-215.878387,93.402031,84.613388
414,3.450000,-0.004299,0.401712,0.013957,0.915650,-215.875320,93.454140,84.604820
415,3.458333,-0.004442,0.401562,0.013375,0.915724,-215.870087,93.502884,84.603600
416,3.466667,-0.004738,0.401771,0.012389,0.915644,-215.848709,93.555038,84.605026
417,3.475000,-0.004892,0.401955,0.011365,0.915576,-215.836884,93.605629,84.603752
418,3.483333,-0.005224,0.402018,0.010559,0.915556,-215.829300,93.657684,84.604279
419,3.491667,-0.005337,0.403387,0.013248,0.914918,-215.810303,93.684738,84.621841
420,3.500000,-0.006048,0.402933,0.011647,0.915136,-215.809814,93.750153,84.623260
421,3.508333,-0.006632,0.402433,0.010300,0.915367,-215.809845,93.818390,84.620277
422,3.516667,-0.008032,0.402414,0.010927,0.915358,-215.812164,93.883865,84.619415
423,3.525000,-0.008258,0.402292,0.011087,0.915407,-215.816849,93.946686,84.612373
424,3.533333,-0.008689,0.402280,0.010875,0.915411,-215.825943,94.001160,84.608528
425,3.541667,-0.008739,0.402332,0.011172,0.915384,-215.835571,94.044266,84.612846
426,3.550000,-0.008272,0.402332,0.011469,0.915385,-215.842010,94.087303,84.621719
427,3.558333,-0.007701,0.402341,0.011542,0.915385,-215.843918,94.131577,84.628090
428,3.566667,-0.007107,0.402360,0.012142,0.915374,-215.855759,94.175652,84.639305
429,3.575000,-0.007596,0.402374,0.012211,0.915362,-215.843704,94.236847,84.636497
430,3.583333,-0.008507,0.402472,0.012485,0.915308,-215.822952,94.297447,84.634926
431,3.591667,-0.009605,0.402729,0.012224,0.915187,-215.788010,94.357719,84.620056
432,3.600000,-0.011018,0.403559,0.014588,0.914771,-215.758270,94.399147,84.610542
433,3.608333,-0.012532,0.403925,0.014107,0.914598,-215.740158,94.451233,84.603653
434,3.616667,-0.012553,0.403993,0.013571,0.914576,-215.723114,94.505020,84.590073
435,3.625000,-0.012891,0.403664,0.013676,0.914714,-215.724228,94.545609,84.584717
436,3.633333,-0.013755,0.403389,0.010718,0.914862,-215.740707,94.611069,84.585876
437,3.641667,-0.013987,0.402940,0.010213,0.915063,-215.756058,94.652817,84.576233
438,3.650000,-0.014044,0.402736,0.009813,0.915156,-215.770798,94.690323,84.569183
439,3.658333,-0.014393,0.402839,0.009475,0.915109,-215.780762,94.725227,84.562920
440,3.666667,-0.014595,0.403046,0.009475,0.915014,-215.787369,94.762253,84.559776
441,3.675000,-0.014658,0.403413,0.009107,0.914855,-215.778534,94.807587,84.552391
442,3.683333,-0.015072,0.403612,0.008620,0.914766,-215.774918,94.855980,84.546257
443,3.691667,-0.015489,0.403785,0.007859,0.914689,-215.773865,94.908592,84.541496
444,3.700000,-0.016659,0.403885,0.008373,0.914620,-215.774323,94.959679,84.535744
445,3.708333,-0.017920,0.403814,0.008266,0.914628,-215.771347,95.003578,84.533287
446,3.716667,-0.019010,0.403760,0.007509,0.914636,-215.769287,95.045265,84.527496
447,3.725000,-0.020084,0.403542,0.006944,0.914714,-215.769653,95.082108,84.518341
448,3.733333,-0.020674,0.403547,0.007019,0.914698,-215.766312,95.110512,84.513565
449,3.741667,-0.020849,0.403631,0.007318,0.914655,-215.757156,95.135139,84.513351
450,3.750000,-0.020904,0.403624,0.007276,0.914657,-215.749313,95.161415,84.512970
451,3.758333,-0.019548,0.403475,0.007484,0.914751,-215.740799,95.192574,84.504303
452,3.766667,-0.018879,0.403341,0.007178,0.914827,-215.735367,95.221069,84.500137
453,3.775000,-0.018834,0.403424,0.006926,0.914793,-215.733215,95.242065,84.497559
454,3.783333,-0.019144,0.403463,0.006488,0.914773,-215.735321,95.260590,84.497429
455,3.791667,-0.019641,0.403338,0.005888,0.914821,-215.742905,95.277161,84.498405
456,3.800000,-0.020610,0.403385,0.005305,0.914783,-215.753174,95.292824,84.504547
457,3.808333,-0.021115,0.403369,0.005125,0.914779,-215.759583,95.310501,84.507744
458,3.816667,-0.020896,0.403186,0.005348,0.914864,-215.760986,95.335594,84.503029
459,3.825000,-0.020952,0.404347,0.007871,0.914332,-215.753632,95.340607,84.517082
460,3.833333,-0.021065,0.404528,0.007989,0.914248,-215.750793,95.367821,84.520325
461,3.841667,-0.020759,0.404581,0.008549,0.914226,-215.747833,95.395805,84.517265
462,3.850000,-0.021103,0.404876,0.008905,0.914084,-215.745132,95.421227,84.517365
463,3.858333,-0.021403,0.405148,0.008838,0.913958,-215.738083,95.444763,84.514771
464,3.866667,-0.022217,0.405324,0.009590,0.913853,-215.732147,95.472099,84.515404
465,3.875000,-0.021904,0.405387,0.010060,0.913827,-215.724869,95.494858,84.515671
466,3.883333,-0.021837,0.405367,0.010222,0.913836,-215.720016,95.513557,84.516838
467,3.891667,-0.021897,0.405451,0.010360,0.913796,-215.715607,95.527794,84.519165
468,3.900000,-0.021297,0.405434,0.010213,0.913819,-215.708344,95.546890,84.519348
469,3.908333,-0.020828,0.405319,0.010190,0.913881,-215.702194,95.571472,84.519615
470,3.916667,-0.020648,0.405333,0.010193,0.913879,-215.698547,95.598877,84.515533
471,3.925000,-0.020738,0.405310,0.010098,0.913889,-215.696121,95.622101,84.510025
472,3.933333,-0.021217,0.404829,0.008035,0.914111,-215.702820,95.662407,84.503159
473,3.941667,-0.021662,0.404401,0.006095,0.914305,-215.708420,95.701996,84.492928
474,3.950000,-0.022306,0.404121,0.004448,0.914423,-215.710617,95.734787,84.483864
475,3.958333,-0.022992,0.403770,0.003051,0.914566,-215.713806,95.763298,84.473732
476,3.966667,-0.023348,0.403646,0.002528,0.914614,-215.717957,95.783058,84.470970
477,3.975000,-0.023615,0.403680,0.002425,0.914592,-215.720749,95.800621,84.470665
478,3.983333,-0.023580,0.403801,0.002670,0.914539,-215.719864,95.814240,84.471153
479,3.991667,-0.023482,0.403835,0.002847,0.914526,-215.718506,95.827362,84.474808
480,4.000000,-0.023381,0.404024,0.003015,0.914445,-215.713638,95.842232,84.476562
481,4.008333,-0.023460,0.404078,0.002924,0.914419,-215.706848,95.855705,84.477264
482,4.016667,-0.023368,0.404168,0.002923,0.914382,-215.697983,95.868698,84.477875
483,4.025000,-0.023530,0.404358,0.003031,0.914293,-215.686157,95.884369,84.476326
484,4.033333,-0.024005,0.404743,0.005216,0.914100,-215.688705,95.895996,84.478363
485,4.041667,-0.024884,0.405309,0.005593,0.913824,-215.675308,95.935669,84.472816
486,4.050000,-0.025762,0.406149,0.005538,0.913427,-215.644333,95.997658,84.464401
487,4.058333,-0.026142,0.406258,0.006415,0.913362,-215.619415,96.073616,84.448578
488,4.066667,-0.026149,0.406688,0.007787,0.913160,-215.588974,96.129105,84.438499
489,4.075000,-0.027163,0.406654,0.005787,0.913160,-215.580490,96.204971,84.432838
490,4.083333,-0.028498,0.406610,0.004624,0.913145,-215.567703,96.261887,84.421684
491,4.091667,-0.030259,0.406457,0.003326,0.913163,-215.551682,96.310715,84.404305
492,4.100000,-0.031749,0.406174,0.001621,0.913243,-215.549347,96.360741,84.382042
493,4.108333,-0.032353,0.405994,0.000301,0.913303,-215.554550,96.407669,84.369171
494,4.116667,-0.032468,0.405984,0.000275,0.913303,-215.565277,96.449326,84.362541
495,4.125000,-0.032501,0.406001,0.000582,0.913294,-215.574188,96.489616,84.358994
496,4.133333,-0.031649,0.405772,0.001061,0.913426,-215.579651,96.525635,84.350929
497,4.141667,-0.031704,0.406775,0.004487,0.912967,-215.575165,96.541977,84.357262
498,4.150000,-0.032037,0.406889,0.005251,0.912901,-215.571045,96.556648,84.359184
499,4.158333,-0.032202,0.406902,0.005360,0.912888,-215.567596,96.568237,84.359032
500,4.166667,-0.032375,0.406997,0.005310,0.912840,-215.564590,96.579971,84.356636
501,4.175000,-0.032523,0.407019,0.005204,0.912826,-215.562561,96.592926,84.356300
502,4.183333,-0.032668,0.407143,0.005107,0.912766,-215.564804,96.601967,84.353737
503,4.191667,-0.032704,0.407056,0.004950,0.912804,-215.569214,96.607574,84.353401
504,4.200000,-0.032634,0.407015,0.004856,0.912825,-215.571518,96.612144,84.350281
505,4.208333,-0.032653,0.407024,0.004724,0.912821,-215.573807,96.615059,84.348091
506,4.216667,-0.032674,0.406993,0.004764,0.912834,-215.573639,96.613785,84.346802
507,4.225000,-0.032590,0.406974,0.004835,0.912845,-215.572113,96.608910,84.346207
508,4.233333,-0.032525,0.406974,0.004896,0.912847,-215.570908,96.604919,84.347656
509,4.241667,-0.032509,0.407011,0.004862,0.912832,-215.569656,96.603996,84.346634
510,4.250000,-0.032782,0.406985,0.004808,0.912834,-215.569687,96.606331,84.345749
511,4.258333,-0.032846,0.406971,0.004760,0.912838,-215.569778,96.610786,84.345886
512,4.266667,-0.032726,0.407131,0.004840,0.912771,-215.568680,96.612816,84.346405
513,4.275000,-0.032627,0.407113,0.004941,0.912782,-215.566467,96.610954,84.348686
514,4.283333,-0.032612,0.407084,0.005034,0.912794,-215.565308,96.606758,84.351555
515,4.291667,-0.032567,0.407069,0.005043,0.912803,-215.566559,96.604225,84.354706
516,4.300000,-0.032535,0.407056,0.005008,0.912810,-215.567917,96.603355,84.355713
517,4.308333,-0.032570,0.407030,0.005076,0.912820,-215.568802,96.606987,84.354187
518,4.316667,-0.032645,0.407018,0.004970,0.912823,-215.568756,96.609665,84.353210
519,4.325000,-0.032693,0.407072,0.004928,0.912797,-215.567307,96.611336,84.351501
520,4.333333,-0.032716,0.407035,0.004748,0.912814,-215.566803,96.611061,84.351654
521,4.341667,-0.032695,0.406999,0.004815,0.912831,-215.566284,96.608719,84.351494
522,4.350000,-0.032700,0.407015,0.004919,0.912823,-215.567154,96.606430,84.350800
523,4.358333,-0.032581,0.406974,0.004958,0.912845,-215.569122,96.606140,84.350357
524,4.366667,-0.032567,0.407028,0.004937,0.912822,-215.570541,96.608704,84.347130
525,4.375000,-0.032690,0.406972,0.004870,0.912843,-215.570923,96.610886,84.345848
526,4.383333,-0.032761,0.407070,0.004878,0.912796,-215.570450,96.610397,84.344971
527,4.391667,-0.032754,0.407054,0.004882,0.912804,-215.570419,96.609573,84.344894
528,4.400000,-0.032664,0.406978,0.004882,0.912840,-215.569336,96.607391,84.345543
529,4.408333,-0.032739,0.406940,0.004905,0.912855,-215.568466,96.607796,84.345657
530,4.416667,-0.032748,0.406910,0.004724,0.912869,-215.568039,96.608742,84.347054
531,4.425000,-0.032798,0.406984,0.004777,0.912834,-215.566895,96.610527,84.346291
532,4.433333,-0.032806,0.407040,0.004684,0.912809,-215.567108,96.612045,84.346466
533,4.441667,-0.032867,0.406996,0.004762,0.912826,-215.568405,96.612350,84.347801
534,4.450000,-0.032796,0.406992,0.004680,0.912831,-215.570709,96.611420,84.350548
535,4.458333,-0.032597,0.407035,0.004829,0.912818,-215.573746,96.609024,84.352516
536,4.466667,-0.032458,0.407034,0.004929,0.912823,-215.578079,96.607170,84.353477
537,4.475000,-0.032594,0.406995,0.004974,0.912835,-215.580826,96.606071,84.352386
538,4.483333,-0.032506,0.407009,0.004980,0.912832,-215.581207,96.607910,84.353012
539,4.491667,-0.032501,0.407009,0.005056,0.912832,-215.579636,96.608665,84.350334
540,4.500000,-0.032534,0.407016,0.005000,0.912828,-215.576385,96.609299,84.349152
541,4.508333,-0.032448,0.407018,0.004949,0.912830,-215.572311,96.607445,84.348228
542,4.516667,-0.032569,0.406987,0.004922,0.912840,-215.569946,96.607178,84.348801
543,4.525000,-0.032618,0.407013,0.004911,0.912827,-215.568924,96.607521,84.347412
544,4.533333,-0.032654,0.406977,0.004913,0.912841,-215.569260,96.608681,84.346199
545,4.541667,-0.032758,0.406934,0.004837,0.912857,-215.569656,96.610474,84.345886
546,4.550000,-0.032719,0.407027,0.004732,0.912818,-215.569260,96.611832,84.344620
547,4.558333,-0.032799,0.407016,0.004751,0.912820,-215.568192,96.611526,84.345070
548,4.566667,-0.032825,0.407033,0.004762,0.912811,-215.566940,96.610313,84.345779
549,4.575000,-0.032828,0.406980,0.004755,0.912835,-215.566437,96.610634,84.348709
550,4.583333,-0.032731,0.406936,0.004902,0.912857,-215.567825,96.609024,84.350281
551,4.591667,-0.032615,0.407006,0.004973,0.912829,-215.570450,96.608406,84.350815
552,4.600000,-0.032640,0.407004,0.004961,0.912829,-215.573578,96.609322,84.351402
553,4.608333,-0.032616,0.407058,0.004849,0.912807,-215.575333,96.609047,84.351524
554,4.616667,-0.032547,0.407022,0.004955,0.912825,-215.577835,96.609535,84.353432
555,4.625000,-0.032502,0.407047,0.005167,0.912814,-215.579987,96.607780,84.353653
556,4.633333,-0.032417,0.407031,0.005086,0.912825,-215.582565,96.605469,84.353806
557,4.641667,-0.032418,0.407015,0.005199,0.912831,-215.584686,96.604988,84.354088
558,4.650000,-0.032294,0.407079,0.005190,0.912807,-215.584015,96.605164,84.352470
559,4.658333,-0.032330,0.406977,0.005248,0.912851,-215.582794,96.605652,84.352943
560,4.666667,-0.032325,0.407041,0.005196,0.912823,-215.580460,96.605659,84.351471
561,4.675000,-0.032426,0.407066,0.005161,0.912808,-215.577667,96.606010,84.349510
562,4.683333,-0.032608,0.406922,0.004901,0.912868,-215.575317,96.607689,84.348045
563,4.691667,-0.032707,0.406947,0.004662,0.912854,-215.572937,96.609749,84.346832
564,4.700000,-0.032720,0.406887,0.004632,0.912881,-215.572021,96.611443,84.346664
565,4.708333,-0.032676,0.406920,0.004657,0.912868,-215.571289,96.610817,84.347298
566,4.716667,-0.032736,0.406963,0.004754,0.912845,-215.571503,96.611038,84.347946
567,4.725000,-0.032647,0.406970,0.004824,0.912845,-215.571854,96.610504,84.349976
568,4.733333,-0.032568,0.407016,0.004907,0.912827,-215.571808,96.609047,84.350845
569,4.741667,-0.032548,0.407004,0.005023,0.912832,-215.573074,96.608231,84.352623
570,4.750000,-0.032743,0.407027,0.005111,0.912815,-215.573532,96.608017,84.352524
571,4.758333,-0.032719,0.407041,0.005015,0.912810,-215.574738,96.608215,84.353600
572,4.766667,-0.032583,0.407032,0.005012,0.912819,-215.576767,96.608513,84.353012
573,4.775000,-0.032577,0.407040,0.005003,0.912816,-215.578674,96.608925,84.352882
574,4.783333,-0.032574,0.407028,0.004902,0.912821,-215.580154,96.609093,84.351257
575,4.791667,-0.032615,0.407016,0.004897,0.912826,-215.580505,96.608810,84.350700
576,4.800000,-0.032741,0.406938,0.004991,0.912855,-215.581039,96.608398,84.350380
577,4.808333,-0.032735,0.406950,0.004956,0.912850,-215.580124,96.608505,84.349022
578,4.816667,-0.032744,0.406995,0.004822,0.912831,-215.578751,96.608810,84.348145
579,4.825000,-0.032759,0.406953,0.004789,0.912849,-215.576523,96.609673,84.348618
580,4.833333,-0.032671,0.406960,0.004827,0.912849,-215.573578,96.609589,84.346268
581,4.841667,-0.032638,0.406984,0.004705,0.912840,-215.571014,96.610527,84.347221
582,4.850000,-0.032629,0.406989,0.004682,0.912838,-215.569000,96.608223,84.346733
583,4.858333,-0.032661,0.406973,0.004787,0.912844,-215.569473,96.607841,84.347794
584,4.866667,-0.032653,0.407002,0.004865,0.912831,-215.570618,96.610031,84.350533
585,4.875000,-0.032677,0.407031,0.004711,0.912818,-215.571121,96.611282,84.352661
586,4.883333,-0.032777,0.407032,0.004916,0.912812,-215.574738,96.614006,84.354408
587,4.891667,-0.032664,0.407035,0.004999,0.912815,-215.577316,96.616951,84.356270
588,4.900000,-0.032691,0.407032,0.004888,0.912816,-215.579300,96.620033,84.358490
589,4.908333,-0.032860,0.407072,0.004930,0.912792,-215.580826,96.625237,84.361992
590,4.916667,-0.032815,0.407059,0.004779,0.912800,-215.582397,96.630432,84.367180
591,4.925000,-0.033164,0.406520,0.003414,0.913033,-215.589767,96.649590,84.365395
592,4.933333,-0.032994,0.407050,0.004259,0.912800,-215.582458,96.650307,84.375504
593,4.941667,-0.033191,0.407154,0.004423,0.912746,-215.578552,96.656029,84.382614
594,4.950000,-0.033566,0.407165,0.005013,0.912724,-215.586548,96.653854,84.395187
595,4.958333,-0.033974,0.407380,0.004676,0.912614,-215.576126,96.661469,84.405014
596,4.966667,-0.034277,0.407484,0.004116,0.912560,-215.567474,96.671127,84.417419
597,4.975000,-0.034493,0.407605,0.004036,0.912498,-215.559982,96.678535,84.430695
598,4.983333,-0.034874,0.407529,0.003929,0.912518,-215.555954,96.685150,84.445213
599,4.991667,-0.035263,0.407400,0.003844,0.912561,-215.551041,96.692101,84.461884
600,5.000000,-0.035642,0.407442,0.003889,0.912527,-215.547089,96.698082,84.477051
601,5.008333,-0.036168,0.407478,0.003639,0.912491,-215.542847,96.700279,84.494423
602,5.016667,-0.037090,0.407275,0.001578,0.912551,-215.542221,96.716759,84.513336
603,5.025000,-0.037847,0.407246,0.000737,0.912534,-215.532272,96.722725,84.535316
604,5.033333,-0.038701,0.407297,0.000286,0.912475,-215.519714,96.722229,84.554672
605,5.041667,-0.037854,0.407454,0.000196,0.912441,-215.505692,96.718414,84.579865
606,5.050000,-0.037658,0.407297,-0.000520,0.912519,-215.485641,96.704803,84.613731
607,5.058333,-0.038359,0.406925,-0.002137,0.912653,-215.462662,96.674553,84.659103
608,5.066667,-0.037892,0.407239,-0.001979,0.912533,-215.432007,96.629295,84.704048
609,5.075000,-0.036279,0.409118,0.001633,0.911758,-215.390137,96.560440,84.768364
610,5.083333,-0.034631,0.410280,0.003384,0.911295,-215.357544,96.503967,84.824158
611,5.091667,-0.033808,0.410066,0.001999,0.911427,-215.331619,96.476028,84.871124
612,5.100000,-0.033329,0.409826,0.001789,0.911553,-215.296295,96.444931,84.917358
613,5.108333,-0.032428,0.410931,0.004310,0.911080,-215.246414,96.380623,84.976768
614,5.116667,-0.031365,0.411678,0.004984,0.910776,-215.200012,96.319641,85.034737
615,5.125000,-0.030041,0.412038,0.005161,0.910657,-215.154343,96.246681,85.115486
616,5.133333,-0.028845,0.411852,0.003833,0.910786,-215.115067,96.189301,85.182800
617,5.141667,-0.027781,0.412136,0.004995,0.910685,-215.091782,96.116302,85.247002
618,5.150000,-0.027775,0.411875,0.005495,0.910800,-215.053604,96.050575,85.314575
619,5.158333,-0.026980,0.412390,0.006881,0.910582,-215.008331,95.978577,85.398117
620,5.166667,-0.025381,0.413225,0.007261,0.910246,-214.969330,95.900215,85.479805
621,5.175000,-0.024489,0.413813,0.006320,0.910011,-214.911530,95.843491,85.544434
622,5.183333,-0.024721,0.413642,0.004755,0.910092,-214.863968,95.808800,85.603722
623,5.191667,-0.023885,0.415680,0.007624,0.909165,-214.809586,95.751740,85.685951
624,5.200000,-0.024087,0.415437,0.006717,0.909278,-214.771652,95.732040,85.748383
625,5.208333,-0.024309,0.415259,0.006550,0.909355,-214.728516,95.712318,85.810204
626,5.216667,-0.023758,0.415635,0.005470,0.909205,-214.685913,95.690628,85.867157
627,5.225000,-0.023089,0.416199,0.006854,0.908955,-214.670013,95.655891,85.929962
628,5.233333,-0.023586,0.416075,0.006566,0.909000,-214.630035,95.645920,85.991463
629,5.241667,-0.022353,0.417492,0.008597,0.908365,-214.554550,95.617271,86.071815
630,5.250000,-0.022122,0.417927,0.006471,0.908188,-214.510849,95.629311,86.129929
631,5.258333,-0.023401,0.418542,0.004750,0.907884,-214.469620,95.638344,86.186989
632,5.266667,-0.024998,0.418907,0.003848,0.907677,-214.418121,95.654411,86.245850
633,5.275000,-0.025907,0.419266,0.003345,0.907488,-214.365799,95.678612,86.303337
634,5.283333,-0.026655,0.419740,0.003408,0.907247,-214.320724,95.707222,86.358467
635,5.291667,-0.027734,0.420311,0.002993,0.906951,-214.277557,95.745598,86.416519
636,5.300000,-0.028389,0.421197,0.003319,0.906519,-214.219833,95.768936,86.488770
637,5.308333,-0.029596,0.421609,0.003593,0.906287,-214.164520,95.789558,86.560005
638,5.316667,-0.030812,0.422248,0.003863,0.905948,-214.118225,95.818779,86.620239
639,5.325000,-0.032468,0.423121,0.004021,0.905482,-214.087173,95.850685,86.682907
640,5.333333,-0.034718,0.424402,0.003695,0.904801,-214.026947,95.890617,86.759163
641,5.341667,-0.036929,0.424291,0.002432,0.904769,-213.965424,95.943184,86.806145
642,5.350000,-0.037545,0.424968,0.001226,0.904429,-213.896912,96.003250,86.872261
643,5.358333,-0.037572,0.426077,0.002759,0.903902,-213.840134,96.041397,86.937386
644,5.366667,-0.038880,0.425879,0.001572,0.903943,-213.798981,96.105659,86.982635
645,5.375000,-0.040422,0.425887,0.000614,0.903873,-213.742477,96.167305,87.031975
646,5.383333,-0.041195,0.426399,-0.000189,0.903596,-213.684891,96.216347,87.089066
647,5.391667,-0.041747,0.427605,0.001680,0.903000,-213.621658,96.239563,87.147308
648,5.400000,-0.043321,0.427965,0.000224,0.902757,-213.571899,96.280823,87.196121
649,5.408333,-0.045038,0.428254,-0.001960,0.902533,-213.521240,96.318077,87.237396
650,5.416667,-0.046912,0.428433,-0.003716,0.902347,-213.468033,96.355370,87.276039
651,5.425000,-0.047722,0.430126,-0.001413,0.901506,-213.400223,96.359894,87.337448
652,5.433333,-0.048640,0.430192,-0.002067,0.901424,-213.341232,96.388512,87.395363
653,5.441667,-0.049000,0.430449,-0.002189,0.901281,-213.288498,96.406136,87.437454
654,5.450000,-0.050021,0.431463,-0.002382,0.900740,-213.238876,96.408707,87.482468
655,5.458333,-0.051075,0.432100,-0.002809,0.900374,-213.183899,96.416382,87.529411
656,5.466667,-0.051696,0.432162,-0.003480,0.900307,-213.129562,96.427261,87.578217
657,5.475000,-0.051532,0.433481,-0.001824,0.899687,-213.074142,96.421364,87.635109
658,5.483333,-0.051642,0.434159,-0.000930,0.899355,-213.021606,96.419472,87.682114
659,5.491667,-0.051559,0.434830,0.000339,0.899035,-212.960556,96.410400,87.729515
660,5.500000,-0.051998,0.435030,-0.000661,0.898913,-212.907593,96.416451,87.779297
661,5.508333,-0.052241,0.435831,0.000601,0.898511,-212.842941,96.403221,87.827095
662,5.516667,-0.052309,0.436832,0.001252,0.898020,-212.781311,96.389656,87.871185
663,5.525000,-0.052049,0.437907,0.001541,0.897511,-212.727142,96.372734,87.910774
664,5.533333,-0.051966,0.438468,0.001356,0.897242,-212.665268,96.351387,87.956894
665,5.541667,-0.051166,0.438581,0.000693,0.897234,-212.598297,96.322250,88.006088
666,5.550000,-0.051020,0.438781,-0.000885,0.897144,-212.543488,96.306801,88.037994
667,5.558333,-0.050782,0.439720,-0.000160,0.896698,-212.486740,96.275673,88.065269
668,5.566667,-0.051473,0.440402,-0.000291,0.896324,-212.427094,96.247932,88.096466
669,5.575000,-0.051803,0.440646,-0.000074,0.896185,-212.361557,96.215561,88.142654
670,5.583333,-0.051714,0.441125,-0.000231,0.895954,-212.305878,96.182747,88.180351
671,5.591667,-0.051486,0.441930,0.000048,0.895571,-212.256500,96.156090,88.212326
672,5.600000,-0.051226,0.442726,-0.000240,0.895192,-212.197067,96.131721,88.251808
673,5.608333,-0.050645,0.442805,-0.001292,0.895185,-212.130920,96.102051,88.294090
674,5.616667,-0.050463,0.443035,-0.002799,0.895078,-212.064148,96.077942,88.330307
675,5.625000,-0.049929,0.445047,-0.000542,0.894114,-211.993378,96.040977,88.374374
676,5.633333,-0.050127,0.445736,-0.000078,0.893760,-211.930756,96.019249,88.414055
677,5.641667,-0.049311,0.445446,-0.000890,0.893949,-211.873169,96.013542,88.442871
678,5.650000,-0.048498,0.445799,-0.001030,0.893818,-211.805893,96.000237,88.480453
679,5.658333,-0.049418,0.446737,-0.001492,0.893298,-211.750107,95.980476,88.518059
680,5.666667,-0.049711,0.448291,0.000963,0.892504,-211.688705,95.941231,88.564331
681,5.675000,-0.050518,0.448546,0.001372,0.892330,-211.632202,95.917198,88.603104
682,5.683333,-0.051059,0.449114,0.001803,0.892013,-211.574371,95.897957,88.642677
683,5.691667,-0.050966,0.449659,0.000952,0.891745,-211.520264,95.881149,88.687057
684,5.700000,-0.049723,0.449703,0.000554,0.891793,-211.463333,95.862137,88.728928
685,5.708333,-0.048802,0.449930,0.000159,0.891729,-211.398529,95.845688,88.767059
686,5.716667,-0.047999,0.451419,0.001867,0.891018,-211.318832,95.817024,88.815727
687,5.725000,-0.048535,0.451831,0.000911,0.890782,-211.254379,95.811333,88.843323
688,5.733333,-0.048288,0.452296,0.002020,0.890557,-211.205551,95.787582,88.879570
689,5.741667,-0.047639,0.452815,0.001574,0.890330,-211.132996,95.774063,88.914368
690,5.750000,-0.046896,0.453161,0.001071,0.890194,-211.060791,95.764328,88.944397
691,5.758333,-0.048626,0.453800,0.000431,0.889776,-210.990814,95.752357,88.977417
692,5.766667,-0.049504,0.455715,0.002688,0.888744,-210.911148,95.727470,89.021988
693,5.775000,-0.050568,0.456192,0.001397,0.888442,-210.846542,95.731514,89.045982
694,5.783333,-0.050977,0.456857,0.001643,0.888077,-210.781006,95.716057,89.079224
695,5.791667,-0.050329,0.457329,0.002109,0.887870,-210.718323,95.693550,89.124786
696,5.800000,-0.049623,0.457597,0.001725,0.887772,-210.654480,95.667641,89.159523
697,5.808333,-0.048672,0.457856,0.000901,0.887693,-210.583084,95.642464,89.188965
698,5.816667,-0.047534,0.459533,0.002725,0.886883,-210.498352,95.610939,89.241966
699,5.825000,-0.046661,0.459742,0.004583,0.886814,-210.442993,95.583199,89.277855
700,5.833333,-0.046889,0.460052,0.004357,0.886642,-210.372162,95.577515,89.305450
701,5.841667,-0.047680,0.460510,0.002286,0.886370,-210.308548,95.585983,89.327499
702,5.850000,-0.050024,0.461173,0.000635,0.885899,-210.242279,95.580490,89.348068
703,5.858333,-0.051814,0.461344,-0.000803,0.885707,-210.174988,95.582565,89.366707
704,5.866667,-0.050975,0.463166,0.001497,0.884803,-210.089447,95.546654,89.416573
705,5.875000,-0.050123,0.464292,0.002627,0.884259,-210.012100,95.528778,89.458641
706,5.883333,-0.049230,0.465371,0.004079,0.883736,-209.943558,95.506699,89.493584
707,5.891667,-0.048745,0.465401,0.002526,0.883753,-209.883118,95.495239,89.529892
708,5.900000,-0.048285,0.465987,0.002078,0.883471,-209.805435,95.467735,89.568489
709,5.908333,-0.047321,0.467615,0.004824,0.882651,-209.717987,95.422928,89.615936
710,5.916667,-0.046914,0.467674,0.006698,0.882630,-209.667450,95.393417,89.639351
711,5.925000,-0.047276,0.468853,0.005849,0.881991,-209.599258,95.392029,89.670715
712,5.933333,-0.047310,0.469443,0.005780,0.881676,-209.521439,95.384293,89.708397
713,5.941667,-0.046089,0.469336,0.003581,0.881809,-209.450363,95.397171,89.734428
714,5.950000,-0.045433,0.469835,0.002851,0.881580,-209.380508,95.391914,89.760712
715,5.958333,-0.046681,0.471489,0.004971,0.880622,-209.301346,95.350304,89.802055
716,5.966667,-0.047784,0.472258,0.005693,0.880146,-209.224182,95.327957,89.836967
717,5.975000,-0.048553,0.472235,0.006123,0.880113,-209.159302,95.314415,89.865532
718,5.983333,-0.048315,0.472685,0.007043,0.879878,-209.087784,95.299217,89.901031
719,5.991667,-0.047908,0.473646,0.007140,0.879382,-209.020370,95.284775,89.929413
720,6.000000,-0.047994,0.473924,0.004810,0.879244,-208.959167,95.281334,89.950485
721,6.008333,-0.047996,0.474832,0.004103,0.878757,-208.886169,95.262627,89.999535
722,6.016667,-0.047756,0.475340,0.005350,0.878489,-208.803513,95.231781,90.018913
723,6.025000,-0.047562,0.476433,0.005637,0.877905,-208.728668,95.216141,90.041939
724,6.033333,-0.047358,0.477413,0.006540,0.877378,-208.657974,95.197853,90.067894
725,6.041667,-0.047151,0.478072,0.006971,0.877027,-208.589417,95.183289,90.100098
726,6.050000,-0.047506,0.478237,0.005300,0.876929,-208.525269,95.185516,90.126457
727,6.058333,-0.047536,0.479055,0.005929,0.876477,-208.453537,95.170525,90.156761
728,6.066667,-0.048150,0.479878,0.005911,0.875993,-208.378387,95.160004,90.183563
729,6.075000,-0.048460,0.480862,0.006273,0.875434,-208.305618,95.144073,90.204910
730,6.083333,-0.048378,0.481244,0.006159,0.875229,-208.231491,95.138290,90.225067
731,6.091667,-0.048214,0.481833,0.006731,0.874910,-208.155640,95.126793,90.250435
732,6.100000,-0.047174,0.482334,0.007153,0.874687,-208.077454,95.098404,90.293915
733,6.108333,-0.046276,0.482661,0.007625,0.874551,-208.003647,95.069191,90.326241
734,6.116667,-0.045849,0.482945,0.007289,0.874419,-207.933777,95.053040,90.351524
735,6.125000,-0.045607,0.483777,0.007233,0.873972,-207.855515,95.038979,90.379868
736,6.133333,-0.045502,0.484815,0.006839,0.873405,-207.774094,95.027748,90.409805
737,6.141667,-0.045350,0.485443,0.006229,0.873069,-207.704453,95.023567,90.434227
738,6.150000,-0.045760,0.486669,0.006493,0.872363,-207.627991,95.005882,90.464279
739,6.158333,-0.046529,0.487287,0.007709,0.871967,-207.555084,94.985504,90.486343
740,6.166667,-0.047155,0.487890,0.008398,0.871590,-207.485916,94.973717,90.503464
741,6.175000,-0.047727,0.488290,0.008447,0.871334,-207.412766,94.968262,90.528748
742,6.183333,-0.048245,0.489107,0.008537,0.870847,-207.337021,94.959969,90.558426
743,6.191667,-0.048123,0.490278,0.008099,0.870199,-207.258469,94.951332,90.579170
744,6.200000,-0.047359,0.490960,0.007531,0.869862,-207.184433,94.939766,90.595024
745,6.208333,-0.045182,0.491810,0.008015,0.869493,-207.096527,94.904228,90.630638
746,6.216667,-0.044899,0.492035,0.007804,0.869382,-207.018188,94.887009,90.659767
747,6.225000,-0.045143,0.492317,0.007770,0.869210,-206.950638,94.877754,90.682396
748,6.233333,-0.045771,0.492860,0.007948,0.868868,-206.883057,94.870125,90.703072
749,6.241667,-0.045934,0.493763,0.008243,0.868344,-206.806091,94.857666,90.728851
750,6.250000,-0.045326,0.494633,0.008421,0.867878,-206.718918,94.842979,90.758911
751,6.258333,-0.045087,0.495363,0.008543,0.867473,-206.640549,94.819633,90.790520
752,6.266667,-0.045378,0.496212,0.008670,0.866972,-206.573059,94.810799,90.810104
753,6.275000,-0.046116,0.497101,0.008488,0.866425,-206.499939,94.811813,90.831879
754,6.283333,-0.047240,0.497574,0.008723,0.866091,-206.426956,94.810852,90.852379
755,6.291667,-0.048300,0.497976,0.008995,0.865798,-206.346863,94.801781,90.866531
756,6.300000,-0.048354,0.498984,0.009680,0.865207,-206.264526,94.788422,90.888168
757,6.308333,-0.046435,0.500701,0.011130,0.864302,-206.175110,94.761749,90.919579
758,6.316667,-0.046010,0.501015,0.008949,0.864168,-206.102493,94.756439,90.933647
759,6.325000,-0.045586,0.501623,0.008740,0.863840,-206.021698,94.740883,90.953621
760,6.333333,-0.045203,0.502293,0.008894,0.863469,-205.943085,94.721451,90.978958
761,6.341667,-0.045393,0.502720,0.009248,0.863207,-205.869080,94.707253,91.005173
762,6.350000,-0.046069,0.503244,0.009132,0.862868,-205.795715,94.697403,91.024246
763,6.358333,-0.045600,0.504370,0.009657,0.862229,-205.710693,94.676826,91.043983
764,6.366667,-0.045557,0.505008,0.009329,0.861861,-205.631256,94.668999,91.059784
765,6.375000,-0.045200,0.505414,0.009296,0.861642,-205.550797,94.659332,91.077354
766,6.383333,-0.044925,0.505967,0.009855,0.861326,-205.473633,94.645432,91.098511
767,6.391667,-0.044314,0.506757,0.011019,0.860879,-205.395386,94.629166,91.121056
768,6.400000,-0.045100,0.507272,0.010608,0.860540,-205.320328,94.627571,91.135422
769,6.408333,-0.045748,0.508472,0.010755,0.859795,-205.234955,94.615265,91.147896
770,6.416667,-0.045844,0.509511,0.011219,0.859169,-205.149811,94.601974,91.166267
771,6.425000,-0.045356,0.509482,0.010426,0.859222,-205.073074,94.586418,91.189346
772,6.433333,-0.045271,0.509997,0.009650,0.858930,-204.996185,94.575272,91.197380
773,6.441667,-0.045475,0.510644,0.009005,0.858542,-204.922821,94.571426,91.207542
774,6.450000,-0.045682,0.511310,0.009013,0.858134,-204.847672,94.565186,91.228333
775,6.458333,-0.045175,0.512076,0.009294,0.857701,-204.761078,94.555275,91.259392
776,6.466667,-0.043361,0.512577,0.010366,0.857483,-204.660767,94.531326,91.287727
777,6.475000,-0.042918,0.513253,0.011300,0.857089,-204.578644,94.509743,91.303741
778,6.483333,-0.044579,0.514003,0.011257,0.856555,-204.509064,94.491570,91.313629
779,6.491667,-0.046112,0.514852,0.010882,0.855969,-204.436035,94.480164,91.331535
780,6.500000,-0.046904,0.515419,0.010201,0.855593,-204.364014,94.479294,91.352989
781,6.508333,-0.046263,0.516741,0.011242,0.854817,-204.268906,94.459351,91.388496
782,6.516667,-0.046475,0.517742,0.011614,0.854194,-204.186539,94.450111,91.403320
783,6.525000,-0.046270,0.518558,0.011717,0.853709,-204.108139,94.436546,91.404068
784,6.533333,-0.046042,0.519279,0.012289,0.853275,-204.031158,94.419357,91.419693
785,6.541667,-0.045732,0.519217,0.012094,0.853332,-203.955154,94.411736,91.442772
786,6.550000,-0.045561,0.519565,0.011691,0.853135,-203.876526,94.405807,91.463593
787,6.558333,-0.046258,0.520298,0.011592,0.852652,-203.797241,94.388428,91.485962
788,6.566667,-0.047035,0.521045,0.012077,0.852147,-203.720276,94.379082,91.498856
789,6.575000,-0.046525,0.522310,0.012638,0.851392,-203.633163,94.362595,91.511757
790,6.583333,-0.045671,0.522943,0.012706,0.851048,-203.542740,94.343727,91.529877
791,6.591667,-0.045725,0.523152,0.012304,0.850923,-203.465057,94.334518,91.539505
792,6.600000,-0.046125,0.523941,0.012518,0.850413,-203.391907,94.324318,91.555336
793,6.608333,-0.046341,0.525104,0.012981,0.849677,-203.306396,94.314262,91.575325
794,6.616667,-0.046548,0.525806,0.013112,0.849228,-203.221466,94.306175,91.576782
795,6.625000,-0.045975,0.526479,0.013077,0.848843,-203.134842,94.287888,91.579475
796,6.633333,-0.045041,0.527310,0.013669,0.848368,-203.054077,94.263672,91.586784
797,6.641667,-0.045068,0.527814,0.014070,0.848046,-202.984314,94.252327,91.594025
798,6.650000,-0.045461,0.528366,0.013888,0.847685,-202.912231,94.248817,91.599106
799,6.658333,-0.045983,0.528826,0.013232,0.847380,-202.836014,94.252922,91.599449
800,6.666667,-0.045824,0.529611,0.013754,0.846891,-202.755646,94.244453,91.602966
801,6.675000,-0.045191,0.530344,0.013759,0.846465,-202.677460,94.233337,91.604927
802,6.683333,-0.044694,0.530799,0.014362,0.846196,-202.609833,94.222664,91.604103
803,6.691667,-0.044452,0.531189,0.014003,0.845971,-202.545547,94.215736,91.599060
804,6.700000,-0.044729,0.531652,0.013269,0.845677,-202.483337,94.218262,91.596451
805,6.708333,-0.044784,0.532503,0.012585,0.845149,-202.421326,94.226845,91.586800
806,6.716667,-0.045752,0.533318,0.012505,0.844584,-202.352020,94.220123,91.582642
807,6.725000,-0.045942,0.533879,0.012800,0.844215,-202.288849,94.216118,91.579651
808,6.733333,-0.045751,0.534352,0.013302,0.843918,-202.231812,94.208420,91.573570
809,6.741667,-0.045532,0.534694,0.013551,0.843710,-202.175812,94.198479,91.566299
810,6.750000,-0.045260,0.535004,0.013363,0.843531,-202.121979,94.191261,91.554626
811,6.758333,-0.045201,0.535548,0.012987,0.843194,-202.067612,94.181839,91.546051
812,6.766667,-0.045979,0.536135,0.012407,0.842788,-202.013092,94.170105,91.539421
813,6.775000,-0.046661,0.536951,0.012382,0.842231,-201.958542,94.154915,91.534821
814,6.783333,-0.047019,0.537662,0.013067,0.841747,-201.904724,94.131508,91.528122
815,6.791667,-0.046740,0.538336,0.013933,0.841318,-201.851440,94.104317,91.514198
816,6.800000,-0.046294,0.538719,0.014287,0.841091,-201.798889,94.080063,91.504471
817,6.808333,-0.045885,0.538971,0.014297,0.840952,-201.748657,94.060852,91.493652
818,6.816667,-0.045555,0.539271,0.014377,0.840776,-201.696823,94.039261,91.477249
819,6.825000,-0.045233,0.539731,0.014450,0.840497,-201.647095,94.012016,91.462418
820,6.833333,-0.044873,0.540241,0.014506,0.840188,-201.601700,93.983780,91.452339
821,6.841667,-0.044371,0.540619,0.014606,0.839970,-201.563858,93.956772,91.441795
822,6.850000,-0.044182,0.541165,0.014295,0.839633,-201.521606,93.911835,91.439400
823,6.858333,-0.043278,0.541850,0.013890,0.839245,-201.471451,93.869698,91.431602
824,6.866667,-0.042374,0.542449,0.013321,0.838914,-201.419540,93.837349,91.418060
825,6.875000,-0.041373,0.542999,0.013296,0.838608,-201.371735,93.813309,91.398964
826,6.883333,-0.039977,0.543201,0.013646,0.838539,-201.332901,93.796440,91.379852
827,6.891667,-0.040335,0.543394,0.014079,0.838390,-201.295425,93.766853,91.369415
828,6.900000,-0.040925,0.543503,0.014185,0.838289,-201.254303,93.728203,91.361412
829,6.908333,-0.040735,0.543849,0.014487,0.838069,-201.207352,93.684364,91.359085
830,6.916667,-0.040580,0.544464,0.014843,0.837671,-201.156616,93.636086,91.353737
831,6.925000,-0.039855,0.545274,0.015393,0.837168,-201.108368,93.590073,91.346184
832,6.933333,-0.038918,0.545692,0.016249,0.836924,-201.061829,93.543152,91.340134
833,6.941667,-0.037998,0.545694,0.016590,0.836958,-201.015610,93.497330,91.335304
834,6.950000,-0.036746,0.545628,0.015982,0.837069,-200.968292,93.449142,91.332542
835,6.958333,-0.035431,0.545844,0.015797,0.836988,-200.919266,93.407265,91.330078
836,6.966667,-0.033748,0.546438,0.016313,0.836660,-200.866623,93.364761,91.331192
837,6.975000,-0.032270,0.547214,0.016504,0.836207,-200.812531,93.323692,91.331444
838,6.983333,-0.030960,0.547909,0.016515,0.835802,-200.765198,93.288666,91.333565
839,6.991667,-0.030333,0.548444,0.017063,0.835463,-200.719879,93.258888,91.334435
840,7.000000,-0.032027,0.548862,0.017398,0.835118,-200.674011,93.226212,91.339432
841,7.008333,-0.032638,0.549217,0.018016,0.834848,-200.628326,93.201492,91.343185
842,7.016667,-0.032917,0.549451,0.018300,0.834677,-200.580597,93.185783,91.343719
843,7.025000,-0.033136,0.549943,0.018210,0.834346,-200.524994,93.175995,91.341759
844,7.033333,-0.033081,0.550506,0.017868,0.833984,-200.469452,93.171982,91.338806
845,7.041667,-0.032846,0.551025,0.017509,0.833658,-200.419022,93.173279,91.337448
846,7.050000,-0.032900,0.551471,0.017139,0.833369,-200.371582,93.172531,91.340866
847,7.058333,-0.032860,0.551821,0.017293,0.833135,-200.323364,93.171654,91.347054
848,7.066667,-0.032688,0.551824,0.017146,0.833143,-200.272110,93.172157,91.355232
849,7.075000,-0.032651,0.552004,0.017577,0.833017,-200.222397,93.181923,91.356430
850,7.083333,-0.032957,0.552407,0.017880,0.832731,-200.171661,93.193336,91.353699
851,7.091667,-0.033539,0.553094,0.017540,0.832259,-200.121185,93.211113,91.357887
852,7.100000,-0.034449,0.553932,0.017867,0.831657,-200.073334,93.236961,91.359245
853,7.108333,-0.034869,0.554791,0.017986,0.831064,-200.022415,93.260025,91.362984
854,7.116667,-0.035548,0.554877,0.017478,0.830989,-199.966705,93.276627,91.360077
855,7.125000,-0.035261,0.555151,0.017230,0.830823,-199.911499,93.293190,91.357193
856,7.133333,-0.035234,0.555282,0.016983,0.830742,-199.858276,93.305344,91.359344
857,7.141667,-0.035621,0.555592,0.017092,0.830516,-199.810165,93.312157,91.361412
858,7.150000,-0.035981,0.556054,0.017224,0.830188,-199.757050,93.317924,91.361115
859,7.158333,-0.036294,0.556460,0.017182,0.829903,-199.707504,93.325790,91.359535
860,7.166667,-0.036491,0.556925,0.017340,0.829579,-199.658478,93.326828,91.361519
861,7.175000,-0.036493,0.557185,0.017274,0.829407,-199.607559,93.322235,91.364304
862,7.183333,-0.036292,0.557723,0.017094,0.829057,-199.560089,93.317520,91.366577
863,7.191667,-0.036160,0.558274,0.016661,0.828701,-199.508972,93.310143,91.364052
864,7.200000,-0.035807,0.558503,0.016248,0.828570,-199.457382,93.304268,91.365173
865,7.208333,-0.036576,0.558643,0.015866,0.828450,-199.405197,93.292358,91.367989
866,7.216667,-0.036806,0.559057,0.016046,0.828157,-199.357162,93.280174,91.367317
867,7.225000,-0.036635,0.559410,0.016136,0.827924,-199.310120,93.272766,91.365166
868,7.233333,-0.036537,0.559885,0.016266,0.827605,-199.260880,93.267456,91.360840
869,7.241667,-0.036780,0.560243,0.016433,0.827348,-199.210709,93.264297,91.351822
870,7.250000,-0.036836,0.560621,0.016482,0.827089,-199.161285,93.263077,91.341919
871,7.258333,-0.035768,0.561034,0.016553,0.826854,-199.112549,93.264008,91.332756
872,7.266667,-0.035437,0.561444,0.016176,0.826597,-199.064789,93.258759,91.330566
873,7.275000,-0.035508,0.561974,0.015950,0.826239,-199.024063,93.250244,91.333298
874,7.283333,-0.037017,0.562788,0.016018,0.825617,-198.982651,93.228378,91.338089
875,7.291667,-0.037300,0.563441,0.016207,0.825155,-198.946030,93.209366,91.341896
876,7.300000,-0.036963,0.563699,0.016758,0.824983,-198.906784,93.188980,91.339371
877,7.308333,-0.036359,0.563758,0.017348,0.824957,-198.859207,93.169434,91.332993
878,7.316667,-0.036160,0.563892,0.017721,0.824866,-198.813934,93.155952,91.321587
879,7.325000,-0.035831,0.564066,0.017976,0.824756,-198.773727,93.147072,91.309113
880,7.333333,-0.035777,0.564383,0.017872,0.824544,-198.736984,93.139763,91.299507
881,7.341667,-0.035713,0.564876,0.017768,0.824211,-198.702377,93.136765,91.290176
882,7.350000,-0.035733,0.565298,0.017658,0.823923,-198.668976,93.132080,91.281128
883,7.358333,-0.035370,0.565728,0.017467,0.823648,-198.633591,93.121696,91.273582
884,7.366667,-0.035023,0.566159,0.017598,0.823364,-198.595001,93.104538,91.266060
885,7.375000,-0.034360,0.566752,0.017939,0.822976,-198.549957,93.088142,91.261002
886,7.383333,-0.033959,0.567135,0.018164,0.822724,-198.507660,93.070412,91.258743
887,7.391667,-0.033872,0.567490,0.018041,0.822486,-198.466782,93.046112,91.259781
888,7.400000,-0.033603,0.567915,0.018011,0.822204,-198.424545,93.013321,91.255234
889,7.408333,-0.033131,0.568228,0.017726,0.822013,-198.380737,92.978081,91.246605
890,7.416667,-0.032991,0.568316,0.017250,0.821968,-198.331207,92.935455,91.240768
891,7.425000,-0.031709,0.568540,0.017525,0.821857,-198.275131,92.892128,91.224243
892,7.433333,-0.030770,0.569000,0.018364,0.821556,-198.216064,92.840179,91.198082
893,7.441667,-0.031684,0.569725,0.018688,0.821012,-198.155548,92.778793,91.176102
894,7.450000,-0.031854,0.570593,0.018370,0.820410,-198.089676,92.726288,91.159363
895,7.458333,-0.030958,0.571153,0.018497,0.820051,-198.009735,92.677467,91.129227
896,7.466667,-0.029144,0.571957,0.019521,0.819533,-197.920258,92.626030,91.083282
897,7.475000,-0.028653,0.572714,0.018821,0.819038,-197.840530,92.589249,91.053589
898,7.483333,-0.028763,0.573735,0.018445,0.818328,-197.748489,92.551056,91.023247
899,7.491667,-0.027344,0.574647,0.019816,0.817704,-197.637589,92.503609,90.964142
900,7.500000,-0.026959,0.575563,0.019156,0.817089,-197.547073,92.485985,90.920410
901,7.508333,-0.027205,0.576752,0.018881,0.816248,-197.453568,92.470779,90.876495
902,7.516667,-0.026999,0.577563,0.018775,0.815683,-197.340408,92.466187,90.822823
903,7.525000,-0.026523,0.578650,0.018718,0.814929,-197.236908,92.465393,90.779716
904,7.533333,-0.027426,0.579463,0.018171,0.814334,-197.141342,92.456825,90.734741
905,7.541667,-0.027260,0.580607,0.018374,0.813520,-197.047699,92.448730,90.690903
906,7.550000,-0.026765,0.581507,0.018471,0.812891,-196.966293,92.461807,90.650368
907,7.558333,-0.026750,0.582043,0.018457,0.812508,-196.880875,92.482124,90.608498
908,7.566667,-0.026853,0.583088,0.018066,0.811764,-196.805283,92.491653,90.571976
909,7.575000,-0.027222,0.584023,0.017838,0.811084,-196.734238,92.487564,90.539131
910,7.583333,-0.026863,0.584550,0.017555,0.810723,-196.671371,92.485207,90.513031
911,7.591667,-0.026099,0.584713,0.017256,0.810637,-196.613602,92.478500,90.489372
912,7.600000,-0.025317,0.584893,0.016954,0.810538,-196.559875,92.470963,90.463722
913,7.608333,-0.024635,0.585111,0.017074,0.810399,-196.508743,92.468491,90.434097
914,7.616667,-0.026377,0.585402,0.016917,0.810137,-196.466522,92.462090,90.410774
915,7.625000,-0.027201,0.585833,0.016693,0.809803,-196.440552,92.465599,90.390076
916,7.633333,-0.027764,0.586206,0.016328,0.809521,-196.418396,92.469040,90.367516
917,7.641667,-0.028775,0.586486,0.015741,0.809295,-196.403763,92.468979,90.341301
918,7.650000,-0.029142,0.586739,0.014902,0.809114,-196.398453,92.452484,90.311798
919,7.658333,-0.031556,0.586636,0.013755,0.809119,-196.401764,92.387329,90.278656
920,7.666667,-0.033251,0.586393,0.012218,0.809251,-196.407959,92.305267,90.247147
921,7.675000,-0.033612,0.586228,0.012310,0.809355,-196.438400,92.290771,90.261215
922,7.683333,-0.032781,0.586322,0.013997,0.809294,-196.475143,92.294838,90.297928
923,7.691667,-0.032030,0.586201,0.016586,0.809362,-196.513840,92.297974,90.339279
924,7.700000,-0.031376,0.585687,0.018775,0.809713,-196.552139,92.289391,90.374702
925,7.708333,-0.030461,0.584742,0.020052,0.810400,-196.599442,92.288437,90.417030
926,7.716667,-0.030096,0.584335,0.021019,0.810682,-196.639236,92.288734,90.464813
927,7.725000,-0.029935,0.584528,0.022340,0.810514,-196.671829,92.286758,90.514847
928,7.733333,-0.029040,0.584610,0.024142,0.810435,-196.687332,92.275963,90.570518
929,7.741667,-0.027301,0.584992,0.025775,0.810169,-196.687302,92.265839,90.628395
930,7.750000,-0.025797,0.585377,0.026391,0.809921,-196.680710,92.266617,90.685425
931,7.758333,-0.023945,0.585619,0.026166,0.809810,-196.662048,92.273155,90.751907
932,7.766667,-0.021990,0.586342,0.027035,0.809314,-196.630325,92.273010,90.819511
933,7.775000,-0.020464,0.586326,0.027792,0.809340,-196.580780,92.264572,90.878029
934,7.783333,-0.018218,0.586159,0.026562,0.809556,-196.513504,92.256645,90.951950
935,7.791667,-0.015046,0.586432,0.025129,0.809469,-196.444244,92.251083,91.026535
936,7.800000,-0.011732,0.586042,0.023010,0.809869,-196.373413,92.257111,91.106430
937,7.808333,-0.008463,0.585573,0.021114,0.810301,-196.288925,92.264900,91.196617
938,7.816667,-0.004590,0.585170,0.020374,0.810642,-196.203232,92.275604,91.282310
939,7.825000,0.000215,0.586577,0.024699,0.809516,-196.090240,92.234253,91.391899
940,7.833333,0.002597,0.586998,0.023360,0.809247,-196.024261,92.242691,91.460121
941,7.841667,0.005134,0.587973,0.023072,0.808535,-195.978683,92.242653,91.530670
942,7.850000,0.006951,0.589269,0.023362,0.807569,-195.957245,92.241493,91.594734
943,7.858333,0.007508,0.590578,0.023935,0.806591,-195.954269,92.238251,91.651497
944,7.866667,0.008785,0.592079,0.025450,0.805430,-195.962387,92.234344,91.707077
945,7.875000,0.010142,0.593427,0.026882,0.804375,-195.970673,92.236015,91.752563
946,7.883333,0.011712,0.594974,0.027764,0.803180,-195.983017,92.243477,91.785797
947,7.891667,0.011721,0.596370,0.027872,0.802140,-195.994644,92.248466,91.801773
948,7.900000,0.011482,0.597787,0.027989,0.801084,-196.005432,92.251259,91.808121
949,7.908333,0.011052,0.599329,0.028318,0.799926,-196.015625,92.250267,91.801117
950,7.916667,0.010217,0.600980,0.028857,0.798678,-196.028320,92.251289,91.783630
951,7.925000,0.009195,0.602401,0.028770,0.797622,-196.038712,92.248146,91.758995
952,7.933333,0.008163,0.603788,0.028039,0.796610,-196.048080,92.243843,91.723877
953,7.941667,0.006966,0.605255,0.027011,0.795543,-196.059875,92.243309,91.671257
954,7.950000,0.005413,0.606798,0.025083,0.794442,-196.072327,92.243309,91.596413
955,7.958333,0.003351,0.607765,0.023694,0.793757,-196.086975,92.239670,91.522301
956,7.966667,0.000620,0.609196,0.023076,0.792684,-196.122009,92.234268,91.432800
957,7.975000,-0.002020,0.610499,0.022693,0.791689,-196.165298,92.228195,91.340286
958,7.983333,-0.004715,0.611580,0.022315,0.790854,-196.212204,92.230209,91.251495
959,7.991667,-0.008262,0.612813,0.022238,0.789872,-196.254959,92.235840,91.158691
960,8.000000,-0.011800,0.613662,0.021271,0.789194,-196.299057,92.258682,91.067802
961,8.008333,-0.014584,0.614195,0.019974,0.788767,-196.337067,92.279152,90.996567
962,8.016667,-0.017061,0.614611,0.018153,0.788437,-196.383072,92.297791,90.931023
963,8.025000,-0.018899,0.615556,0.018016,0.787661,-196.423370,92.295715,90.889130
964,8.033333,-0.020211,0.616267,0.018382,0.787063,-196.457672,92.292511,90.861763
965,8.041667,-0.020764,0.616831,0.019045,0.786592,-196.481247,92.289001,90.841972
966,8.050000,-0.020992,0.617471,0.019834,0.786063,-196.492538,92.283463,90.826668
967,8.058333,-0.021128,0.618087,0.020536,0.785557,-196.493210,92.278244,90.816292
968,8.066667,-0.021034,0.618607,0.020582,0.785149,-196.485611,92.277145,90.811447
969,8.075000,-0.020769,0.619027,0.020125,0.784837,-196.465714,92.279732,90.815239
970,8.083333,-0.020439,0.619285,0.019523,0.784658,-196.448929,92.282402,90.826164
971,8.091667,-0.019719,0.619360,0.019128,0.784627,-196.432541,92.284668,90.850464
972,8.100000,-0.018913,0.619334,0.018958,0.784671,-196.415054,92.285500,90.882828
973,8.108333,-0.017654,0.619352,0.017934,0.784710,-196.406525,92.296577,90.927330
974,8.116667,-0.016969,0.618951,0.017202,0.785058,-196.391479,92.305878,90.969482
975,8.125000,-0.015708,0.618376,0.017105,0.785539,-196.364914,92.315094,91.023895
976,8.133333,-0.010472,0.620082,0.023348,0.784120,-196.298477,92.254784,91.127151
977,8.141667,-0.007316,0.619877,0.024095,0.784295,-196.247131,92.233688,91.205856
978,8.150000,-0.004325,0.619128,0.024077,0.784909,-196.184784,92.224846,91.282120
979,8.158333,-0.001396,0.618645,0.023611,0.785315,-196.114990,92.220863,91.363579
980,8.166667,0.000866,0.618944,0.023052,0.785097,-196.060715,92.231133,91.435059
981,8.175000,0.002724,0.618829,0.022574,0.785196,-196.015472,92.243675,91.495888
982,8.183333,0.004788,0.618447,0.022896,0.785478,-195.986694,92.249138,91.550995
983,8.191667,0.006291,0.618198,0.023511,0.785645,-195.977768,92.248802,91.604027
984,8.200000,0.006653,0.618233,0.024484,0.785585,-195.983612,92.247581,91.658363
985,8.208333,0.007071,0.618607,0.025554,0.785253,-195.998764,92.246178,91.702461
986,8.216667,0.007336,0.619028,0.026314,0.784894,-196.011795,92.241615,91.730515
987,8.225000,0.007692,0.619266,0.026747,0.784688,-196.023834,92.240784,91.745392
988,8.233333,0.007556,0.619360,0.026964,0.784608,-196.035568,92.240471,91.747620
989,8.241667,0.007916,0.619684,0.027208,0.784340,-196.049362,92.245255,91.738297
990,8.250000,0.006542,0.619870,0.027094,0.784210,-196.064331,92.242950,91.716614
991,8.258333,0.005161,0.620282,0.026927,0.783900,-196.081543,92.243416,91.676826
992,8.266667,0.003489,0.620779,0.026385,0.783534,-196.103027,92.241241,91.622681
993,8.275000,0.001660,0.621120,0.025843,0.783287,-196.124084,92.238007,91.564819
994,8.283333,0.000472,0.621045,0.025090,0.783373,-196.138901,92.238907,91.491875
995,8.291667,-0.001120,0.621357,0.024925,0.783130,-196.152557,92.234627,91.400383
996,8.300000,-0.003376,0.621921,0.023611,0.782717,-196.171448,92.228958,91.300713
997,8.308333,-0.005783,0.622517,0.022397,0.782264,-196.188965,92.225388,91.203552
998,8.316667,-0.008185,0.623087,0.021946,0.781802,-196.205597,92.236946,91.118881
999,8.325000,-0.010591,0.623048,0.019232,0.781875,-196.223511,92.260033,91.035126
1000,8.333333,-0.012305,0.623269,0.017472,0.781716,-196.229874,92.274162,90.964172
1001,8.341667,-0.014130,0.623400,0.016441,0.781602,-196.231445,92.280678,90.905464
1002,8.350000,-0.015350,0.623545,0.015624,0.781481,-196.233551,92.285019,90.863373
1003,8.358333,-0.015857,0.623695,0.014982,0.781363,-196.237885,92.292114,90.834587
1004,8.366667,-0.015963,0.623987,0.015386,0.781120,-196.238007,92.287697,90.821121
1005,8.375000,-0.016369,0.624080,0.015011,0.781045,-196.245590,92.291245,90.820290
1006,8.383333,-0.016542,0.624084,0.015011,0.781038,-196.250580,92.292976,90.836647
1007,8.391667,-0.016084,0.623975,0.015328,0.781128,-196.257202,92.291107,90.858452
1008,8.400000,-0.015545,0.623827,0.015971,0.781244,-196.261505,92.286217,90.891373
1009,8.408333,-0.013720,0.624082,0.017089,0.781052,-196.269272,92.282799,90.946899
1010,8.416667,-0.012580,0.623928,0.018151,0.781170,-196.274963,92.277786,91.007721
1011,8.425000,-0.011381,0.623947,0.019929,0.781130,-196.273041,92.266846,91.075272
1012,8.433333,-0.008469,0.624227,0.024234,0.780821,-196.256561,92.233917,91.170578
1013,8.441667,-0.006244,0.623757,0.025544,0.781176,-196.249893,92.230194,91.260086
1014,8.450000,-0.003406,0.623399,0.025924,0.781467,-196.239944,92.231194,91.355171
1015,8.458333,-0.001957,0.623294,0.026664,0.781530,-196.227005,92.232887,91.447151
1016,8.466667,-0.000394,0.623197,0.027524,0.781580,-196.210602,92.230438,91.531570
1017,8.475000,0.001720,0.623026,0.028282,0.781688,-196.194473,92.234245,91.594139
1018,8.483333,0.003147,0.622939,0.028578,0.781742,-196.180969,92.237923,91.637115
1019,8.491667,0.004228,0.622822,0.028824,0.781821,-196.167557,92.239670,91.669914
1020,8.500000,0.004929,0.622806,0.028946,0.781825,-196.153305,92.242203,91.693375
1021,8.508333,0.005455,0.622723,0.028746,0.781895,-196.138763,92.243416,91.707748
1022,8.516667,0.005915,0.622748,0.028415,0.781884,-196.125488,92.245102,91.705620
1023,8.525000,0.005862,0.622910,0.027816,0.781777,-196.113586,92.246071,91.691170
1024,8.533333,0.004591,0.623595,0.026525,0.781284,-196.093994,92.254181,91.666916
1025,8.541667,0.002661,0.623709,0.025747,0.781228,-196.086288,92.251404,91.628227
1026,8.550000,0.002191,0.623434,0.025496,0.781457,-196.087814,92.240540,91.581451
1027,8.558333,0.001457,0.623121,0.024540,0.781739,-196.085281,92.237625,91.520782
1028,8.566667,0.000226,0.622957,0.023139,0.781914,-196.077271,92.237503,91.439400
1029,8.575000,-0.001114,0.623264,0.022265,0.781693,-196.082809,92.234024,91.353027
1030,8.583333,-0.003596,0.623528,0.020977,0.781511,-196.119568,92.232666,91.261215
1031,8.591667,-0.006390,0.623811,0.021496,0.781253,-196.167679,92.234818,91.188217
1032,8.600000,-0.008540,0.624257,0.022640,0.780845,-196.217255,92.240448,91.125633
1033,8.608333,-0.010538,0.624306,0.022374,0.780788,-196.263275,92.245140,91.072731
1034,8.616667,-0.012823,0.624008,0.020705,0.781039,-196.307846,92.263100,91.028336
1035,8.625000,-0.014575,0.623897,0.019477,0.781128,-196.344360,92.277733,90.995430
1036,8.633333,-0.016452,0.623503,0.018384,0.781431,-196.384460,92.292542,90.971306
1037,8.641667,-0.018130,0.622931,0.017233,0.781877,-196.422256,92.307869,90.952560
1038,8.650000,-0.018957,0.622643,0.017000,0.782092,-196.447021,92.312691,90.946884
1039,8.658333,-0.018941,0.622617,0.017354,0.782105,-196.455643,92.310555,90.956871
1040,8.666667,-0.018776,0.622448,0.017695,0.782236,-196.455566,92.307770,90.968689
1041,8.675000,-0.018287,0.622229,0.017450,0.782427,-196.443207,92.308914,90.985023
1042,8.683333,-0.017447,0.622039,0.017234,0.782602,-196.422760,92.311470,91.003326
1043,8.691667,-0.013394,0.623543,0.022682,0.781345,-196.368057,92.259506,91.063446
1044,8.700000,-0.011459,0.623471,0.023703,0.781403,-196.326797,92.247917,91.102203
1045,8.708333,-0.009349,0.623006,0.024275,0.781784,-196.279861,92.236732,91.146362
1046,8.716667,-0.007032,0.622370,0.023617,0.782336,-196.226700,92.227722,91.201553
1047,8.725000,-0.004284,0.621720,0.022638,0.782901,-196.160858,92.225014,91.266777
1048,8.733333,-0.001821,0.621261,0.021963,0.783293,-196.101822,92.227188,91.333427
1049,8.741667,0.000071,0.621202,0.021776,0.783348,-196.058716,92.231384,91.405922
1050,8.750000,0.001319,0.621237,0.022031,0.783312,-196.039886,92.239586,91.465088
1051,8.758333,0.002401,0.621193,0.023169,0.783311,-196.035080,92.242203,91.517105
1052,8.766667,0.003303,0.621137,0.024365,0.783317,-196.043442,92.240799,91.564331
1053,8.775000,0.003394,0.621084,0.025170,0.783333,-196.053665,92.241440,91.601295
1054,8.783333,0.003030,0.621491,0.025313,0.783006,-196.054153,92.250404,91.622772
1055,8.791667,0.002756,0.621495,0.025342,0.783003,-196.064346,92.253349,91.632446
1056,8.800000,0.002326,0.621574,0.025482,0.782937,-196.077255,92.253693,91.628670
1057,8.808333,0.002705,0.621499,0.025922,0.782981,-196.097626,92.243729,91.616699
1058,8.816667,0.001900,0.621409,0.025938,0.783054,-196.118423,92.238876,91.591606
1059,8.825000,0.000853,0.621345,0.025705,0.783115,-196.135651,92.237427,91.554314
1060,8.833333,0.000082,0.621105,0.025247,0.783320,-196.145889,92.238098,91.503891
1061,8.841667,-0.000949,0.621110,0.024977,0.783325,-196.156769,92.236069,91.434517
1062,8.850000,-0.002634,0.621465,0.024652,0.783049,-196.168930,92.229790,91.350487
1063,8.858333,-0.004839,0.622017,0.023198,0.782645,-196.185287,92.224937,91.269859
1064,8.866667,-0.006584,0.622422,0.022390,0.782334,-196.196747,92.227104,91.193138
1065,8.875000,-0.008275,0.622794,0.022345,0.782023,-196.207504,92.239090,91.132156
1066,8.883333,-0.009583,0.622911,0.021536,0.781938,-196.215240,92.247131,91.080849
1067,8.891667,-0.010427,0.622956,0.020330,0.781923,-196.222321,92.255142,91.038437
1068,8.900000,-0.011144,0.623199,0.019796,0.781733,-196.224640,92.259735,91.009674
1069,8.908333,-0.011598,0.623452,0.019520,0.781532,-196.226624,92.261848,90.993774
1070,8.916667,-0.011648,0.623611,0.019517,0.781405,-196.226929,92.259933,90.993576
1071,8.925000,-0.011300,0.623753,0.019773,0.781290,-196.228333,92.258316,91.009827
1072,8.933333,-0.010710,0.623800,0.020316,0.781247,-196.227051,92.253914,91.035706
1073,8.941667,-0.009675,0.624125,0.021514,0.780968,-196.222412,92.245323,91.079491
1074,8.950000,-0.008626,0.624177,0.022542,0.780910,-196.216095,92.239342,91.129662
1075,8.958333,-0.007546,0.624014,0.023331,0.781029,-196.208603,92.234505,91.189865
1076,8.966667,-0.005957,0.623765,0.023611,0.781232,-196.198456,92.226463,91.258911
1077,8.975000,-0.003354,0.623568,0.024338,0.781383,-196.184616,92.225769,91.337372
1078,8.983333,-0.001586,0.623504,0.024967,0.781419,-196.172989,92.231979,91.410049
1079,8.991667,-0.000763,0.623428,0.025448,0.781466,-196.162384,92.234734,91.480492
1080,9.000000,-0.000175,0.623484,0.025968,0.781405,-196.153488,92.235321,91.535042
1081,9.008333,0.000535,0.623595,0.026414,0.781301,-196.142059,92.235977,91.573212
1082,9.016667,0.000649,0.624132,0.026013,0.780886,-196.120270,92.245605,91.593918
1083,9.025000,0.001480,0.623950,0.026246,0.781022,-196.113876,92.239960,91.603973
1084,9.033333,0.001988,0.623694,0.026247,0.781225,-196.107132,92.237350,91.602844
1085,9.041667,0.002124,0.623629,0.026029,0.781284,-196.097534,92.236832,91.591141
1086,9.050000,0.001853,0.623564,0.025613,0.781351,-196.087021,92.237518,91.568314
1087,9.058333,0.001238,0.623418,0.024782,0.781495,-196.077484,92.237000,91.531586
1088,9.066667,0.000826,0.623177,0.023672,0.781722,-196.066940,92.237495,91.480515
1089,9.075000,-0.000146,0.623144,0.022757,0.781776,-196.065857,92.236107,91.417030
1090,9.083333,-0.001812,0.623301,0.022140,0.781666,-196.084839,92.231255,91.343407
1091,9.091667,-0.004025,0.623393,0.021774,0.781595,-196.127686,92.227257,91.271713
1092,9.100000,-0.006212,0.623555,0.021829,0.781450,-196.174652,92.230019,91.212006
1093,9.108333,-0.008277,0.623713,0.022826,0.781276,-196.218613,92.236176,91.163498
1094,9.116667,-0.009808,0.623902,0.023578,0.781085,-196.260574,92.238319,91.125595
1095,9.125000,-0.011575,0.623631,0.022545,0.781308,-196.304367,92.251823,91.094795
1096,9.133333,-0.012947,0.623365,0.021833,0.781519,-196.337906,92.263191,91.075768
1097,9.141667,-0.014104,0.623028,0.021110,0.781787,-196.366211,92.274864,91.065369
1098,9.150000,-0.014947,0.622541,0.020296,0.782181,-196.385361,92.284325,91.060219
1099,9.158333,-0.015225,0.621776,0.019055,0.782815,-196.392746,92.298248,91.063980
1100,9.166667,-0.015569,0.621034,0.018343,0.783414,-196.391373,92.308136,91.069511
1101,9.175000,-0.015077,0.620553,0.018311,0.783806,-196.376526,92.309746,91.086044
1102,9.183333,-0.011230,0.621926,0.023946,0.782629,-196.323792,92.253914,91.149811
1103,9.191667,-0.009239,0.621612,0.024565,0.782885,-196.282486,92.239922,91.187935
1104,9.200000,-0.007143,0.621056,0.024134,0.783362,-196.236237,92.226952,91.225693
1105,9.208333,-0.004733,0.620245,0.022908,0.784059,-196.168442,92.223915,91.268661
1106,9.216667,-0.002836,0.619631,0.021777,0.784586,-196.105591,92.224487,91.309471
1107,9.225000,-0.001410,0.619502,0.021015,0.784713,-196.054977,92.228325,91.355988
1108,9.233333,-0.000403,0.619771,0.021004,0.784501,-196.025421,92.233620,91.393867
1109,9.241667,0.000471,0.619822,0.021141,0.784457,-196.013184,92.239105,91.427681
1110,9.250000,0.001081,0.619606,0.021644,0.784614,-196.021378,92.241508,91.454178
1111,9.258333,0.001202,0.619462,0.022451,0.784704,-196.046814,92.238403,91.475220
1112,9.266667,0.000823,0.619382,0.023443,0.784739,-196.083191,92.237053,91.491417
1113,9.275000,0.000323,0.619236,0.024490,0.784823,-196.125290,92.237808,91.500008
1114,9.283333,-0.000131,0.618966,0.025642,0.784999,-196.166809,92.235962,91.498688
1115,9.291667,-0.000908,0.618844,0.026528,0.785065,-196.207840,92.232735,91.483009
1116,9.300000,-0.002547,0.618981,0.026979,0.784938,-196.251480,92.232971,91.454437
1117,9.308333,-0.004500,0.619580,0.027465,0.784440,-196.294571,92.231819,91.411461
1118,9.316667,-0.005963,0.620006,0.027868,0.784079,-196.328400,92.230949,91.368614
1119,9.325000,-0.007642,0.620148,0.027793,0.783955,-196.354446,92.236946,91.325188
1120,9.333333,-0.008785,0.620151,0.027671,0.783945,-196.367691,92.238960,91.288330
1121,9.341667,-0.009759,0.620067,0.027039,0.784022,-196.371780,92.243660,91.253105
1122,9.350000,-0.010479,0.620325,0.026240,0.783836,-196.363907,92.246895,91.218582
1123,9.358333,-0.010619,0.620644,0.025544,0.783604,-196.342300,92.246162,91.188171
1124,9.366667,-0.010160,0.620845,0.025034,0.783467,-196.305756,92.239304,91.167328
1125,9.375000,-0.009521,0.620613,0.022973,0.783723,-196.266479,92.245720,91.149185
1126,9.383333,-0.008094,0.620740,0.022343,0.783656,-196.216217,92.237106,91.151436
1127,9.391667,-0.006813,0.620600,0.021202,0.783811,-196.167984,92.235687,91.163162
1128,9.400000,-0.005402,0.620490,0.020118,0.783938,-196.118332,92.234421,91.188187
1129,9.408333,-0.004172,0.620185,0.019128,0.784212,-196.072144,92.239830,91.222343
1130,9.416667,-0.003149,0.620197,0.018648,0.784218,-196.039871,92.245010,91.257919
1131,9.425000,-0.002316,0.620425,0.019003,0.784032,-196.020264,92.241417,91.299065
1132,9.433333,-0.001693,0.620727,0.019941,0.783771,-196.020050,92.235054,91.337952
1133,9.441667,-0.001227,0.620842,0.020790,0.783659,-196.041275,92.232811,91.374779
1134,9.450000,-0.000793,0.620962,0.022190,0.783526,-196.083893,92.226067,91.404594
1135,9.458333,-0.000919,0.621057,0.023759,0.783405,-196.131042,92.229378,91.423370
1136,9.466667,-0.001567,0.621209,0.025231,0.783237,-196.177307,92.233559,91.441147
1137,9.475000,-0.002313,0.621417,0.026553,0.783027,-196.226028,92.236237,91.451958
1138,9.483333,-0.003598,0.621799,0.027822,0.782674,-196.272629,92.232925,91.449112
1139,9.491667,-0.004345,0.622243,0.028472,0.782294,-196.312851,92.231796,91.432289
1140,9.500000,-0.005891,0.622715,0.029208,0.781882,-196.349075,92.232262,91.409210
1141,9.508333,-0.007037,0.622943,0.029488,0.781680,-196.374573,92.232582,91.390587
1142,9.516667,-0.007761,0.622999,0.029445,0.781630,-196.387726,92.233238,91.374626
1143,9.525000,-0.007947,0.622990,0.029325,0.781640,-196.388351,92.234428,91.361542
1144,9.533333,-0.007935,0.622883,0.028967,0.781738,-196.381165,92.235374,91.349312
1145,9.541667,-0.007684,0.622757,0.028453,0.781860,-196.361954,92.236481,91.337601
1146,9.550000,-0.007390,0.622555,0.027651,0.782053,-196.332733,92.236671,91.324791
1147,9.558333,-0.006522,0.622583,0.026746,0.782069,-196.285492,92.233139,91.312988
1148,9.566667,-0.005411,0.622633,0.025337,0.782085,-196.230972,92.225769,91.307213
1149,9.575000,-0.004399,0.622447,0.023420,0.782299,-196.170624,92.224037,91.299461
1150,9.583333,-0.003845,0.622163,0.021480,0.782583,-196.111115,92.225906,91.287300
1151,9.591667,-0.003525,0.622271,0.019682,0.782546,-196.063232,92.234558,91.274887
1152,9.600000,-0.003566,0.622399,0.018372,0.782476,-196.032928,92.244637,91.264351
1153,9.608333,-0.003539,0.622443,0.017765,0.782456,-196.019318,92.250481,91.255600
1154,9.616667,-0.003689,0.622453,0.017878,0.782444,-196.020264,92.250694,91.245003
1155,9.625000,-0.004086,0.622387,0.018040,0.782491,-196.038956,92.248802,91.235527
1156,9.633333,-0.004664,0.622479,0.018817,0.782396,-196.073761,92.243881,91.225365
1157,9.641667,-0.005467,0.622540,0.020181,0.782309,-196.120895,92.235817,91.216446
1158,9.650000,-0.006107,0.622683,0.021796,0.782146,-196.170654,92.229004,91.219101
1159,9.658333,-0.006763,0.622629,0.023369,0.782139,-196.219772,92.224648,91.237358
1160,9.666667,-0.007061,0.622524,0.025089,0.782166,-196.259964,92.231514,91.261742
1161,9.675000,-0.006959,0.622289,0.026489,0.782308,-196.290817,92.235779,91.293327
1162,9.683333,-0.006618,0.622161,0.027261,0.782386,-196.309937,92.236237,91.327080
1163,9.691667,-0.005933,0.622078,0.027770,0.782440,-196.317535,92.236526,91.360756
1164,9.700000,-0.004894,0.621836,0.027864,0.782636,-196.312515,92.232582,91.397850
1165,9.708333,-0.004162,0.621622,0.027962,0.782808,-196.302429,92.231804,91.428673
1166,9.716667,-0.003802,0.621535,0.028048,0.782875,-196.289444,92.229996,91.451141
1167,9.725000,-0.003387,0.621308,0.027913,0.783062,-196.276611,92.227585,91.465790
1168,9.733333,-0.002879,0.621202,0.027761,0.783153,-196.263168,92.229523,91.468803
1169,9.741667,-0.002742,0.621093,0.027244,0.783259,-196.248596,92.232475,91.458382
1170,9.750000,-0.002907,0.621055,0.026508,0.783313,-196.232101,92.235016,91.440697
1171,9.758333,-0.003177,0.621102,0.025714,0.783302,-196.211105,92.233986,91.411385
1172,9.766667,-0.003283,0.621204,0.025185,0.783237,-196.187729,92.230637,91.374969
1173,9.775000,-0.004413,0.621063,0.023122,0.783407,-196.169708,92.238266,91.325928
1174,9.783333,-0.005542,0.621041,0.020536,0.783490,-196.151108,92.246017,91.273239
1175,9.791667,-0.005630,0.621305,0.019666,0.783302,-196.127304,92.242104,91.226753
1176,9.800000,-0.006436,0.621449,0.018365,0.783213,-196.105652,92.252876,91.187790
1177,9.808333,-0.007775,0.621708,0.017126,0.783023,-196.082245,92.268692,91.159416
1178,9.816667,-0.008166,0.621951,0.016498,0.782840,-196.062637,92.276489,91.140869
1179,9.825000,-0.008179,0.622188,0.016366,0.782654,-196.053375,92.276749,91.131714
1180,9.833333,-0.007800,0.622166,0.016601,0.782671,-196.055740,92.271767,91.132141
1181,9.841667,-0.005424,0.621951,0.018570,0.782817,-196.062988,92.240601,91.161270
1182,9.850000,-0.004911,0.621794,0.019600,0.782920,-196.077911,92.230194,91.180679
1183,9.858333,-0.004691,0.621637,0.020606,0.783020,-196.100266,92.227516,91.200958
1184,9.866667,-0.004237,0.621532,0.021781,0.783074,-196.122131,92.220558,91.232582
1185,9.875000,-0.003943,0.621437,0.022967,0.783118,-196.145279,92.216080,91.271881
1186,9.883333,-0.003504,0.621413,0.024455,0.783093,-196.168442,92.215782,91.312752
1187,9.891667,-0.003444,0.621411,0.025637,0.783058,-196.195450,92.219757,91.349098
1188,9.900000,-0.004495,0.621746,0.025322,0.782797,-196.220123,92.237389,91.383598
1189,9.908333,-0.004792,0.621753,0.025997,0.782767,-196.248703,92.240540,91.402405
1190,9.916667,-0.004536,0.621632,0.027035,0.782830,-196.276642,92.233963,91.415649
