Format Version,1.25,Take Name,Take 2025-11-28 06.59.22 PM,Take Notes,,Capture Frame Rate,120.000000,Export Frame Rate,120.000000,Capture Start Time,2025-11-28 06.59.23.215 PM,Capture Start Frame,3265002,Total Frames in Take,1103,Total Exported Frames,1103,Rotation Type,Quaternion,Length Units,Centimeters,Coordinate Space,Global

,Type,Rigid Body,Rigid Body,Rigid Body,Rigid Body,Rigid Body,Rigid Body,Rigid Body
,Name,SEE_medium,SEE_medium,SEE_medium,SEE_medium,SEE_medium,SEE_medium,SEE_medium
,ID,99D1A06ACB9411F031C44B617C101E92,99D1A06ACB9411F031C44B617C101E92,99D1A06ACB9411F031C44B617C101E92,99D1A06ACB9411F031C44B617C101E92,99D1A06ACB9411F031C44B617C101E92,99D1A06ACB9411F031C44B617C101E92,99D1A06ACB9411F031C44B617C101E92
,Parent,,,,,,,
,,Rotation,Rotation,Rotation,Rotation,Position,Position,Position
Frame,Time (Seconds),X,Y,Z,W,X,Y,Z
0,0.000000,-0.008913,-0.018952,0.014928,-0.999669,-215.271042,90.119415,84.570038
1,0.008333,-0.008963,-0.019034,0.014970,-0.999667,-215.270828,90.119156,84.570724
2,0.016667,-0.009031,-0.019047,0.014953,-0.999666,-215.270737,90.120087,84.571068
3,0.025000,-0.008935,-0.019045,0.014950,-0.999667,-215.270584,90.120178,84.570938
4,0.033333,-0.008984,-0.019013,0.015007,-0.999666,-215.271164,90.120789,84.571053
5,0.041667,-0.008986,-0.019033,0.014988,-0.999666,-215.271088,90.120140,84.570343
6,0.050000,-0.008974,-0.019003,0.014997,-0.999667,-215.270920,90.119781,84.570198
7,0.058333,-0.008951,-0.019003,0.015092,-0.999665,-215.271469,90.120941,84.570038
8,0.066667,-0.009029,-0.018923,0.014947,-0.999668,-215.270737,90.120277,84.568916
9,0.075000,-0.009072,-0.019011,0.015020,-0.999665,-215.270538,90.120300,84.568283
10,0.083333,-0.008928,-0.018999,0.015013,-0.999667,-215.270874,90.119972,84.568169
11,0.091667,-0.009043,-0.018989,0.015010,-0.999666,-215.270523,90.120155,84.567909
12,0.100000,-0.009041,-0.019008,0.015115,-0.999664,-215.270782,90.120544,84.568581
13,0.108333,-0.008930,-0.018993,0.014993,-0.999667,-215.270401,90.119820,84.568550
14,0.116667,-0.009041,-0.018997,0.015053,-0.999665,-215.270996,90.119934,84.569710
15,0.125000,-0.008961,-0.018953,0.014956,-0.999668,-215.270859,90.119011,84.569565
16,0.133333,-0.008973,-0.019033,0.014924,-0.999667,-215.270493,90.118614,84.571098
17,0.141667,-0.008915,-0.019024,0.015003,-0.999667,-215.270325,90.119484,84.571312
18,0.150000,-0.008975,-0.019012,0.014982,-0.999667,-215.269897,90.118912,84.569633
19,0.158333,-0.009004,-0.019064,0.014837,-0.999668,-215.270050,90.118721,84.570763
20,0.166667,-0.008947,-0.019022,0.014949,-0.999667,-215.269897,90.119370,84.571121
21,0.175000,-0.008936,-0.019015,0.014944,-0.999668,-215.269882,90.119156,84.570404
22,0.183333,-0.008970,-0.018954,0.015032,-0.999667,-215.270096,90.119270,84.570381
23,0.191667,-0.008985,-0.018941,0.014823,-0.999670,-215.269714,90.118492,84.569809
24,0.200000,-0.008994,-0.019059,0.014865,-0.999667,-215.269211,90.118774,84.569839
25,0.208333,-0.008976,-0.019103,0.014921,-0.999666,-215.268890,90.119141,84.569046
26,0.216667,-0.008921,-0.019074,0.014923,-0.999667,-215.269394,90.119514,84.569839
27,0.225000,-0.008995,-0.019050,0.014938,-0.999666,-215.268677,90.119080,84.568748
28,0.233333,-0.008954,-0.018996,0.015037,-0.999666,-215.270111,90.120094,84.568939
29,0.241667,-0.008972,-0.018988,0.014982,-0.999667,-215.269928,90.120056,84.569016
30,0.250000,-0.009004,-0.019004,0.014999,-0.999666,-215.269287,90.119408,84.568062
31,0.258333,-0.009033,-0.019055,0.015017,-0.999665,-215.270096,90.119408,84.569168
32,0.266667,-0.009075,-0.019000,0.015043,-0.999665,-215.269379,90.118881,84.568115
33,0.275000,-0.008983,-0.019076,0.014933,-0.999666,-215.269760,90.118820,84.569122
34,0.283333,-0.009065,-0.019008,0.014989,-0.999666,-215.269165,90.119690,84.569916
35,0.291667,-0.008988,-0.019001,0.014864,-0.999669,-215.268295,90.119514,84.570671
36,0.300000,-0.008936,-0.019038,0.014984,-0.999667,-215.267868,90.120056,84.571632
37,0.308333,-0.009001,-0.019038,0.014964,-0.999666,-215.266586,90.119698,84.571884
38,0.316667,-0.009098,-0.019105,0.014903,-0.999665,-215.266388,90.119911,84.572693
39,0.325000,-0.009000,-0.019049,0.014914,-0.999667,-215.265701,90.119568,84.573509
40,0.333333,-0.009036,-0.019031,0.015067,-0.999665,-215.265732,90.120209,84.572746
41,0.341667,-0.008992,-0.019085,0.014988,-0.999665,-215.265686,90.119148,84.573761
42,0.350000,-0.008945,-0.019043,0.015004,-0.999666,-215.265442,90.119331,84.572548
43,0.358333,-0.008981,-0.019050,0.014920,-0.999667,-215.266418,90.119789,84.572586
44,0.366667,-0.009076,-0.019006,0.015052,-0.999665,-215.266998,90.119408,84.572151
45,0.375000,-0.008972,-0.018995,0.014982,-0.999667,-215.268021,90.118797,84.570984
46,0.383333,-0.008965,-0.018992,0.015021,-0.999667,-215.268875,90.119324,84.569519
47,0.391667,-0.009012,-0.018975,0.014974,-0.999667,-215.269592,90.119438,84.567848
48,0.400000,-0.009030,-0.019004,0.014985,-0.999666,-215.269775,90.118881,84.566895
49,0.408333,-0.008980,-0.018957,0.014992,-0.999668,-215.270447,90.119377,84.566406
50,0.416667,-0.008961,-0.019017,0.014977,-0.999667,-215.270691,90.119522,84.565201
51,0.425000,-0.008987,-0.019010,0.014885,-0.999668,-215.270493,90.119362,84.565956
52,0.433333,-0.009122,-0.019032,0.014949,-0.999665,-215.270050,90.118912,84.565804
53,0.441667,-0.009109,-0.019035,0.014930,-0.999666,-215.269897,90.118874,84.566879
54,0.450000,-0.009051,-0.018994,0.014875,-0.999668,-215.269211,90.118332,84.568169
55,0.458333,-0.008989,-0.019029,0.014948,-0.999667,-215.268845,90.119102,84.569260
56,0.466667,-0.008907,-0.018987,0.014891,-0.999669,-215.268494,90.119041,84.570541
57,0.475000,-0.009011,-0.018999,0.015006,-0.999666,-215.268845,90.120056,84.570412
58,0.483333,-0.008990,-0.019025,0.014960,-0.999667,-215.268372,90.119377,84.572586
59,0.491667,-0.009013,-0.019004,0.014994,-0.999666,-215.268036,90.119255,84.572670
60,0.500000,-0.009038,-0.019069,0.014959,-0.999665,-215.268188,90.119133,84.574471
61,0.508333,-0.009030,-0.019067,0.015115,-0.999663,-215.269043,90.120155,84.573982
62,0.516667,-0.009046,-0.019026,0.015098,-0.999664,-215.269257,90.119591,84.572533
63,0.525000,-0.009042,-0.019045,0.015020,-0.999665,-215.270401,90.120422,84.573456
64,0.533333,-0.009001,-0.019007,0.015011,-0.999666,-215.270569,90.119461,84.572197
65,0.541667,-0.008960,-0.019026,0.015014,-0.999666,-215.271072,90.119621,84.571762
66,0.550000,-0.008873,-0.019074,0.014954,-0.999667,-215.271500,90.119492,84.570763
67,0.558333,-0.008789,-0.019065,0.014933,-0.999668,-215.271454,90.120094,84.569992
68,0.566667,-0.009033,-0.019006,0.015055,-0.999665,-215.271332,90.120529,84.568787
69,0.575000,-0.009030,-0.018960,0.014863,-0.999669,-215.270752,90.119438,84.567177
70,0.583333,-0.008978,-0.019015,0.014906,-0.999668,-215.270752,90.118843,84.567986
71,0.591667,-0.008996,-0.019036,0.015025,-0.999665,-215.269684,90.119736,84.566681
72,0.600000,-0.008985,-0.018973,0.015068,-0.999666,-215.269333,90.119583,84.567108
73,0.608333,-0.008901,-0.018990,0.014940,-0.999668,-215.268448,90.118515,84.567810
74,0.616667,-0.008958,-0.019020,0.014901,-0.999668,-215.268402,90.119423,84.568611
75,0.625000,-0.009034,-0.018969,0.014991,-0.999667,-215.268463,90.119667,84.568962
76,0.633333,-0.008959,-0.018961,0.014915,-0.999669,-215.268280,90.118591,84.569580
77,0.641667,-0.009040,-0.019006,0.014982,-0.999666,-215.268967,90.119972,84.569946
78,0.650000,-0.009021,-0.018974,0.015046,-0.999666,-215.269501,90.119263,84.569504
79,0.658333,-0.008968,-0.018977,0.015008,-0.999667,-215.269547,90.118942,84.570412
80,0.666667,-0.008970,-0.019022,0.014974,-0.999667,-215.270401,90.119133,84.571968
81,0.675000,-0.008904,-0.019042,0.014883,-0.999668,-215.270645,90.118866,84.571121
82,0.683333,-0.009013,-0.019045,0.015027,-0.999665,-215.271881,90.120178,84.571640
83,0.691667,-0.008947,-0.019006,0.015011,-0.999667,-215.272018,90.120605,84.570847
84,0.700000,-0.008915,-0.018955,0.014995,-0.999668,-215.272446,90.119957,84.570488
85,0.708333,-0.008924,-0.018970,0.015004,-0.999668,-215.272781,90.119370,84.570183
86,0.716667,-0.009095,-0.019008,0.015012,-0.999665,-215.272018,90.118942,84.569336
87,0.725000,-0.008990,-0.019018,0.015079,-0.999665,-215.273453,90.120415,84.569695
88,0.733333,-0.009016,-0.019051,0.015045,-0.999665,-215.272141,90.119400,84.569321
89,0.741667,-0.008927,-0.019168,0.015053,-0.999663,-215.271835,90.118149,84.569649
90,0.750000,-0.009010,-0.019364,0.015025,-0.999659,-215.271576,90.118317,84.569679
91,0.758333,-0.009075,-0.019844,0.015008,-0.999649,-215.271805,90.117447,84.568108
92,0.766667,-0.009116,-0.020350,0.015121,-0.999637,-215.272263,90.118248,84.568130
93,0.775000,-0.009350,-0.021161,0.015214,-0.999617,-215.270905,90.117401,84.565643
94,0.783333,-0.009490,-0.022004,0.015172,-0.999598,-215.272003,90.118561,84.566254
95,0.791667,-0.009500,-0.022868,0.015082,-0.999580,-215.276382,90.119987,84.565826
96,0.800000,-0.009344,-0.023051,0.014875,-0.999580,-215.280182,90.120415,84.567520
97,0.808333,-0.009142,-0.022879,0.014718,-0.999588,-215.288788,90.122482,84.568573
98,0.816667,-0.009293,-0.022891,0.014578,-0.999589,-215.298080,90.122078,84.568039
99,0.825000,-0.009289,-0.022867,0.014078,-0.999596,-215.308929,90.121941,84.571487
100,0.833333,-0.009335,-0.022943,0.013713,-0.999599,-215.318939,90.122871,84.572853
101,0.841667,-0.009332,-0.023065,0.013363,-0.999601,-215.329285,90.122742,84.573631
102,0.850000,-0.008703,-0.023621,0.012143,-0.999609,-215.336136,90.117241,84.582222
103,0.858333,-0.008408,-0.023906,0.011652,-0.999611,-215.341736,90.115524,84.586327
104,0.866667,-0.008451,-0.024026,0.011546,-0.999609,-215.346695,90.115799,84.587517
105,0.875000,-0.008573,-0.024036,0.011382,-0.999610,-215.352753,90.115540,84.590355
106,0.883333,-0.008672,-0.024083,0.011268,-0.999609,-215.359467,90.115204,84.590981
107,0.891667,-0.008687,-0.024146,0.010896,-0.999611,-215.368011,90.115623,84.591087
108,0.900000,-0.008688,-0.024127,0.010703,-0.999614,-215.374512,90.115417,84.590706
109,0.908333,-0.008843,-0.024187,0.010620,-0.999612,-215.380096,90.115738,84.592850
110,0.916667,-0.008963,-0.024179,0.010468,-0.999613,-215.381927,90.115318,84.592613
111,0.925000,-0.008955,-0.024221,0.010261,-0.999614,-215.382812,90.114243,84.593079
112,0.933333,-0.008946,-0.024256,0.010248,-0.999613,-215.382477,90.115074,84.592804
113,0.941667,-0.008868,-0.024147,0.010304,-0.999616,-215.381577,90.115135,84.592148
114,0.950000,-0.008876,-0.024240,0.010397,-0.999613,-215.383560,90.115616,84.592857
115,0.958333,-0.008947,-0.024282,0.010409,-0.999611,-215.384811,90.116486,84.592003
116,0.966667,-0.008953,-0.024321,0.010312,-0.999611,-215.386017,90.116783,84.593887
117,0.975000,-0.008888,-0.024251,0.010293,-0.999613,-215.386169,90.116234,84.593391
118,0.983333,-0.008950,-0.024236,0.010292,-0.999613,-215.384537,90.115723,84.593269
119,0.991667,-0.009335,-0.024234,0.010249,-0.999610,-215.386108,90.113579,84.591507
120,1.000000,-0.009470,-0.024329,0.010147,-0.999608,-215.384323,90.111412,84.589607
121,1.008333,-0.009547,-0.024359,0.009977,-0.999608,-215.386230,90.112610,84.591499
122,1.016667,-0.009620,-0.024412,0.009898,-0.999607,-215.386337,90.112946,84.589668
123,1.025000,-0.009553,-0.024579,0.009880,-0.999603,-215.388016,90.111855,84.588966
124,1.033333,-0.009609,-0.024499,0.009936,-0.999604,-215.389496,90.112846,84.589638
125,1.041667,-0.009460,-0.024557,0.009633,-0.999607,-215.390137,90.111099,84.588913
126,1.050000,-0.009535,-0.024607,0.009639,-0.999605,-215.394333,90.113266,84.590141
127,1.058333,-0.009629,-0.024482,0.009548,-0.999608,-215.397003,90.113373,84.589096
128,1.066667,-0.009748,-0.024566,0.009458,-0.999606,-215.400726,90.113457,84.589211
129,1.075000,-0.009742,-0.024620,0.009335,-0.999606,-215.400940,90.112579,84.590393
130,1.083333,-0.009742,-0.024614,0.009439,-0.999605,-215.398834,90.112976,84.590981
131,1.091667,-0.009783,-0.024665,0.009500,-0.999603,-215.397354,90.114677,84.593712
132,1.100000,-0.009725,-0.024678,0.009442,-0.999604,-215.395660,90.115250,84.594055
133,1.108333,-0.009672,-0.024731,0.009451,-0.999603,-215.397507,90.115662,84.596481
134,1.116667,-0.009522,-0.024702,0.009165,-0.999608,-215.402054,90.114990,84.596916
135,1.125000,-0.009643,-0.024708,0.009153,-0.999606,-215.405853,90.114288,84.597923
136,1.133333,-0.009781,-0.024895,0.009059,-0.999601,-215.407776,90.113503,84.599518
137,1.141667,-0.009721,-0.024785,0.008868,-0.999606,-215.409668,90.112976,84.598846
138,1.150000,-0.009764,-0.024805,0.009036,-0.999604,-215.409058,90.115021,84.599846
139,1.158333,-0.009693,-0.024852,0.009126,-0.999602,-215.408737,90.115547,84.598419
140,1.166667,-0.009579,-0.024895,0.009162,-0.999602,-215.409637,90.115921,84.597603
141,1.175000,-0.009677,-0.024913,0.009117,-0.999601,-215.409821,90.115784,84.598198
142,1.183333,-0.009867,-0.024900,0.009115,-0.999600,-215.409607,90.115616,84.596786
143,1.191667,-0.009781,-0.024903,0.009074,-0.999601,-215.410233,90.116219,84.596703
144,1.200000,-0.009709,-0.024939,0.008963,-0.999602,-215.409821,90.116432,84.596016
145,1.208333,-0.009593,-0.024943,0.008935,-0.999603,-215.409988,90.116859,84.596619
146,1.216667,-0.009620,-0.024936,0.008926,-0.999603,-215.409348,90.115944,84.596718
147,1.225000,-0.009679,-0.024862,0.009034,-0.999603,-215.409515,90.115425,84.596077
148,1.233333,-0.009778,-0.024877,0.009140,-0.999601,-215.410156,90.116592,84.596840
149,1.241667,-0.009733,-0.024908,0.009027,-0.999602,-215.410141,90.116104,84.597122
150,1.250000,-0.009708,-0.024930,0.009059,-0.999601,-215.410355,90.117035,84.598907
151,1.258333,-0.009602,-0.024922,0.009117,-0.999602,-215.409500,90.116066,84.599144
152,1.266667,-0.009653,-0.024904,0.009097,-0.999602,-215.409424,90.116798,84.598869
153,1.275000,-0.009237,-0.024841,0.009163,-0.999607,-215.411469,90.121910,84.602188
154,1.283333,-0.009180,-0.024744,0.009368,-0.999608,-215.410690,90.123169,84.599754
155,1.291667,-0.009117,-0.024932,0.009280,-0.999605,-215.411087,90.122070,84.600220
156,1.300000,-0.009114,-0.024887,0.009171,-0.999607,-215.410538,90.121559,84.600647
157,1.308333,-0.009041,-0.024822,0.009194,-0.999609,-215.410660,90.122490,84.600014
158,1.316667,-0.009022,-0.024851,0.009236,-0.999608,-215.410309,90.122780,84.600952
159,1.325000,-0.009140,-0.024867,0.009292,-0.999606,-215.410156,90.122810,84.599655
160,1.333333,-0.009102,-0.024851,0.009370,-0.999606,-215.410995,90.122948,84.600433
161,1.341667,-0.009084,-0.024821,0.009295,-0.999608,-215.410156,90.122856,84.599182
162,1.350000,-0.009095,-0.024815,0.009312,-0.999607,-215.410614,90.123055,84.598442
163,1.358333,-0.009094,-0.024796,0.009255,-0.999608,-215.411636,90.123039,84.597519
164,1.366667,-0.009124,-0.024770,0.009139,-0.999610,-215.411514,90.122108,84.598175
165,1.375000,-0.009142,-0.024832,0.009023,-0.999609,-215.411423,90.122406,84.598938
166,1.383333,-0.009168,-0.024807,0.009240,-0.999608,-215.412186,90.123955,84.597771
167,1.391667,-0.009089,-0.024727,0.008911,-0.999613,-215.415375,90.123070,84.598579
168,1.400000,-0.009210,-0.024713,0.008848,-0.999613,-215.416214,90.122772,84.599571
169,1.408333,-0.009298,-0.024805,0.008736,-0.999611,-215.416122,90.120277,84.600502
170,1.416667,-0.009280,-0.024827,0.008777,-0.999610,-215.416306,90.121933,84.601723
171,1.425000,-0.009323,-0.024786,0.008945,-0.999609,-215.415115,90.123940,84.599937
172,1.433333,-0.009342,-0.024803,0.008765,-0.999610,-215.414505,90.122269,84.600372
173,1.441667,-0.009424,-0.024786,0.008876,-0.999609,-215.415146,90.122253,84.600800
174,1.450000,-0.009327,-0.024834,0.008784,-0.999610,-215.415863,90.121994,84.600998
175,1.458333,-0.009373,-0.024879,0.008802,-0.999608,-215.415924,90.122131,84.601822
176,1.466667,-0.009270,-0.024844,0.008747,-0.999610,-215.414307,90.121040,84.600426
177,1.475000,-0.009291,-0.024915,0.008745,-0.999608,-215.414597,90.121582,84.600014
178,1.483333,-0.009335,-0.024807,0.008900,-0.999609,-215.414642,90.122665,84.598801
179,1.491667,-0.009270,-0.024824,0.008817,-0.999610,-215.414841,90.121689,84.597549
180,1.500000,-0.009348,-0.024818,0.008815,-0.999609,-215.415573,90.120712,84.598991
181,1.508333,-0.009312,-0.024775,0.008727,-0.999612,-215.415787,90.121582,84.598694
182,1.516667,-0.009459,-0.024847,0.008845,-0.999607,-215.415619,90.122772,84.599014
183,1.525000,-0.009308,-0.024812,0.008910,-0.999609,-215.415115,90.122833,84.598824
184,1.533333,-0.009332,-0.024806,0.008881,-0.999609,-215.415314,90.122566,84.599037
185,1.541667,-0.009429,-0.024799,0.008946,-0.999608,-215.416245,90.122360,84.598137
186,1.550000,-0.009340,-0.024815,0.008917,-0.999609,-215.415817,90.122498,84.598564
187,1.558333,-0.009318,-0.024802,0.008746,-0.999611,-215.415543,90.122299,84.599564
188,1.566667,-0.009329,-0.024828,0.008863,-0.999609,-215.415192,90.122261,84.600037
189,1.575000,-0.009278,-0.024832,0.008761,-0.999610,-215.415405,90.121910,84.601173
190,1.583333,-0.009341,-0.024786,0.008797,-0.999610,-215.415100,90.122299,84.600739
191,1.591667,-0.009270,-0.024777,0.008835,-0.999611,-215.415527,90.121841,84.600883
192,1.600000,-0.009301,-0.024803,0.008817,-0.999610,-215.415924,90.122353,84.601730
193,1.608333,-0.009174,-0.024800,0.008795,-0.999612,-215.415787,90.121841,84.600632
194,1.616667,-0.009641,-0.024866,0.008728,-0.999606,-215.414307,90.118942,84.600929
195,1.625000,-0.009777,-0.024857,0.008725,-0.999605,-215.413849,90.117058,84.598755
196,1.633333,-0.009818,-0.024912,0.008615,-0.999604,-215.414246,90.115974,84.598518
197,1.641667,-0.009794,-0.024899,0.008698,-0.999604,-215.413834,90.117027,84.598671
198,1.650000,-0.009878,-0.024838,0.008919,-0.999603,-215.413620,90.118408,84.596992
199,1.658333,-0.009836,-0.024873,0.008807,-0.999603,-215.413544,90.117905,84.597328
200,1.666667,-0.009846,-0.024931,0.008727,-0.999603,-215.414139,90.116386,84.597572
201,1.675000,-0.009850,-0.024914,0.008614,-0.999604,-215.414764,90.116623,84.597641
202,1.683333,-0.009785,-0.024850,0.008735,-0.999605,-215.414719,90.117157,84.598251
203,1.691667,-0.009764,-0.024914,0.008710,-0.999604,-215.413849,90.115967,84.597786
204,1.700000,-0.009834,-0.025025,0.008705,-0.999601,-215.414429,90.115738,84.598930
205,1.708333,-0.009898,-0.024959,0.008698,-0.999602,-215.417648,90.117142,84.598831
206,1.716667,-0.009982,-0.024943,0.008494,-0.999603,-215.419189,90.117058,84.600372
207,1.725000,-0.010262,-0.024971,0.008591,-0.999599,-215.418930,90.117203,84.599564
208,1.733333,-0.010097,-0.025067,0.008509,-0.999599,-215.419006,90.115585,84.599457
209,1.741667,-0.010032,-0.025031,0.008587,-0.999600,-215.417786,90.115646,84.600296
210,1.750000,-0.009974,-0.025041,0.008545,-0.999600,-215.417648,90.115578,84.600296
211,1.758333,-0.010061,-0.025004,0.008310,-0.999602,-215.417953,90.115326,84.600937
212,1.766667,-0.010163,-0.025056,0.008331,-0.999600,-215.418243,90.115479,84.599983
213,1.775000,-0.010369,-0.025074,0.008464,-0.999596,-215.417618,90.112907,84.598885
214,1.783333,-0.010476,-0.025084,0.008493,-0.999594,-215.417404,90.112167,84.598793
215,1.791667,-0.010521,-0.025039,0.008458,-0.999595,-215.417175,90.111595,84.597862
216,1.800000,-0.010549,-0.025091,0.008503,-0.999593,-215.418152,90.112457,84.597565
217,1.808333,-0.010473,-0.025118,0.008555,-0.999593,-215.417831,90.112175,84.596619
218,1.816667,-0.010433,-0.025109,0.008361,-0.999595,-215.417694,90.111473,84.598427
219,1.825000,-0.010501,-0.025118,0.008359,-0.999594,-215.417648,90.111885,84.597107
220,1.833333,-0.010536,-0.025051,0.008395,-0.999595,-215.417572,90.111580,84.596458
221,1.841667,-0.010563,-0.025130,0.008435,-0.999593,-215.417664,90.110466,84.597107
222,1.850000,-0.010533,-0.025119,0.008468,-0.999593,-215.417236,90.109947,84.596863
223,1.858333,-0.010611,-0.025144,0.008438,-0.999592,-215.417572,90.110107,84.597519
224,1.866667,-0.010670,-0.025166,0.008450,-0.999591,-215.417908,90.110535,84.597824
225,1.875000,-0.010558,-0.025126,0.008418,-0.999593,-215.417664,90.111504,84.597725
226,1.883333,-0.010640,-0.025090,0.008344,-0.999594,-215.416855,90.111053,84.597908
227,1.891667,-0.010466,-0.025124,0.008277,-0.999595,-215.417130,90.110428,84.598183
228,1.900000,-0.010553,-0.025122,0.008372,-0.999594,-215.417236,90.110222,84.599167
229,1.908333,-0.010683,-0.025073,0.008384,-0.999593,-215.416000,90.109276,84.598053
230,1.916667,-0.010752,-0.025031,0.008329,-0.999594,-215.416794,90.110313,84.597954
231,1.925000,-0.010707,-0.025093,0.008365,-0.999593,-215.416885,90.110695,84.598038
232,1.933333,-0.010638,-0.025069,0.008379,-0.999594,-215.417023,90.110519,84.597366
233,1.941667,-0.010665,-0.025086,0.008362,-0.999593,-215.417435,90.110764,84.597580
234,1.950000,-0.010555,-0.025091,0.008274,-0.999595,-215.417221,90.109741,84.596603
235,1.958333,-0.010505,-0.025149,0.008257,-0.999594,-215.418030,90.110199,84.596954
236,1.966667,-0.010509,-0.025124,0.008348,-0.999594,-215.417984,90.111328,84.597237
237,1.975000,-0.010457,-0.025080,0.008334,-0.999596,-215.417313,90.111534,84.596344
238,1.983333,-0.010561,-0.025098,0.008323,-0.999595,-215.417816,90.111816,84.596901
239,1.991667,-0.010580,-0.025060,0.008292,-0.999596,-215.417572,90.110664,84.597054
240,2.000000,-0.010481,-0.025093,0.008290,-0.999596,-215.419037,90.111969,84.598862
241,2.008333,-0.010378,-0.025120,0.008387,-0.999595,-215.419098,90.112915,84.599091
242,2.016667,-0.010394,-0.025178,0.008416,-0.999594,-215.420792,90.112984,84.598778
243,2.025000,-0.010340,-0.025284,0.008333,-0.999592,-215.422012,90.113518,84.600327
244,2.033333,-0.010440,-0.025294,0.008446,-0.999590,-215.421875,90.113869,84.598175
245,2.041667,-0.010361,-0.025335,0.008333,-0.999591,-215.422470,90.112457,84.599922
246,2.050000,-0.010365,-0.025279,0.008419,-0.999591,-215.421295,90.112801,84.599686
247,2.058333,-0.010201,-0.025101,0.008466,-0.999597,-215.421844,90.115669,84.599861
248,2.066667,-0.010121,-0.025117,0.008373,-0.999598,-215.421478,90.116135,84.599915
249,2.075000,-0.010035,-0.025146,0.008364,-0.999598,-215.421326,90.116463,84.599998
250,2.083333,-0.010022,-0.025146,0.008489,-0.999597,-215.422607,90.116737,84.600624
251,2.091667,-0.010059,-0.025203,0.008539,-0.999595,-215.421890,90.116585,84.600174
252,2.100000,-0.010004,-0.025180,0.008546,-0.999596,-215.422653,90.116905,84.599495
253,2.108333,-0.010005,-0.025174,0.008424,-0.999598,-215.423172,90.117111,84.599617
254,2.116667,-0.010006,-0.025180,0.008364,-0.999598,-215.423111,90.117256,84.599007
255,2.125000,-0.010049,-0.025196,0.008398,-0.999597,-215.423279,90.117020,84.599907
256,2.133333,-0.009986,-0.025168,0.008430,-0.999598,-215.422562,90.116913,84.598938
257,2.141667,-0.010037,-0.025168,0.008581,-0.999596,-215.422607,90.118050,84.599014
258,2.150000,-0.009979,-0.025190,0.008494,-0.999597,-215.422394,90.118042,84.599457
259,2.158333,-0.009979,-0.025169,0.008438,-0.999598,-215.421768,90.117638,84.599724
260,2.166667,-0.009949,-0.025204,0.008431,-0.999597,-215.421982,90.117958,84.600685
261,2.175000,-0.009876,-0.025159,0.008354,-0.999600,-215.421036,90.117195,84.600464
262,2.183333,-0.009950,-0.025194,0.008526,-0.999597,-215.421036,90.117470,84.601547
263,2.191667,-0.009894,-0.025138,0.008500,-0.999599,-215.420883,90.116798,84.600273
264,2.200000,-0.009938,-0.025189,0.008652,-0.999596,-215.421219,90.117439,84.600922
265,2.208333,-0.009671,-0.025057,0.008817,-0.999600,-215.423965,90.123817,84.601448
266,2.216667,-0.009432,-0.025011,0.008489,-0.999607,-215.423065,90.122307,84.600952
267,2.225000,-0.009498,-0.025068,0.008644,-0.999603,-215.424179,90.123108,84.601730
268,2.233333,-0.009351,-0.025059,0.008509,-0.999606,-215.423553,90.122932,84.601364
269,2.241667,-0.009451,-0.025060,0.008562,-0.999605,-215.423584,90.122604,84.601379
270,2.250000,-0.009471,-0.025086,0.008541,-0.999604,-215.424301,90.122353,84.601616
271,2.258333,-0.009418,-0.025066,0.008549,-0.999605,-215.424057,90.122284,84.601265
272,2.266667,-0.009407,-0.025143,0.008416,-0.999604,-215.425034,90.122620,84.601967
273,2.275000,-0.009487,-0.025111,0.008596,-0.999603,-215.424606,90.122597,84.600395
274,2.283333,-0.009497,-0.025072,0.008647,-0.999603,-215.425034,90.123055,84.600258
275,2.291667,-0.009428,-0.025081,0.008378,-0.999606,-215.424759,90.121956,84.601265
276,2.300000,-0.009445,-0.025101,0.008429,-0.999605,-215.424515,90.121498,84.602074
277,2.308333,-0.009391,-0.025117,0.008604,-0.999603,-215.424683,90.122711,84.603279
278,2.316667,-0.009428,-0.025125,0.008611,-0.999603,-215.423843,90.123840,84.601143
279,2.325000,-0.009470,-0.025101,0.008551,-0.999604,-215.423706,90.123657,84.602203
280,2.333333,-0.009366,-0.025100,0.008550,-0.999605,-215.422897,90.122597,84.602089
281,2.341667,-0.009410,-0.025104,0.008520,-0.999604,-215.423340,90.122894,84.602646
282,2.350000,-0.009526,-0.025069,0.008554,-0.999604,-215.423553,90.123535,84.602287
283,2.358333,-0.009438,-0.025000,0.008637,-0.999606,-215.423065,90.124802,84.599777
284,2.366667,-0.009472,-0.025074,0.008599,-0.999604,-215.423447,90.125137,84.601715
285,2.375000,-0.009399,-0.025029,0.008552,-0.999606,-215.422241,90.124298,84.601402
286,2.383333,-0.009275,-0.025178,0.008529,-0.999604,-215.422699,90.123894,84.601616
287,2.391667,-0.009279,-0.025137,0.008620,-0.999604,-215.422943,90.123947,84.600494
288,2.400000,-0.009266,-0.025099,0.008632,-0.999605,-215.423080,90.123360,84.599945
289,2.408333,-0.009424,-0.025134,0.008592,-0.999603,-215.424316,90.123840,84.601501
290,2.416667,-0.009436,-0.025030,0.008478,-0.999606,-215.423340,90.121460,84.599777
291,2.425000,-0.009425,-0.025095,0.008589,-0.999604,-215.424698,90.121971,84.600296
292,2.433333,-0.009331,-0.025117,0.008598,-0.999604,-215.423965,90.123840,84.600868
293,2.441667,-0.009276,-0.025118,0.008557,-0.999605,-215.423630,90.122452,84.600410
294,2.450000,-0.009463,-0.025129,0.008598,-0.999602,-215.424255,90.122307,84.601044
295,2.458333,-0.009442,-0.025127,0.008587,-0.999603,-215.424088,90.122261,84.601219
296,2.466667,-0.009412,-0.025155,0.008580,-0.999602,-215.423843,90.121910,84.602478
297,2.475000,-0.009479,-0.025115,0.008537,-0.999603,-215.423294,90.122284,84.601128
298,2.483333,-0.009402,-0.025086,0.008543,-0.999605,-215.423416,90.122314,84.601173
299,2.491667,-0.009467,-0.025011,0.008631,-0.999605,-215.423111,90.122589,84.601715
300,2.500000,-0.009380,-0.024943,0.008481,-0.999609,-215.422485,90.123161,84.601501
301,2.508333,-0.009432,-0.025116,0.008607,-0.999603,-215.422745,90.123314,84.602814
302,2.516667,-0.009337,-0.025136,0.008568,-0.999604,-215.422180,90.123833,84.602463
303,2.525000,-0.009273,-0.025157,0.008562,-0.999604,-215.422409,90.124443,84.602615
304,2.533333,-0.009295,-0.025112,0.008545,-0.999605,-215.422394,90.124825,84.602829
305,2.541667,-0.009227,-0.025063,0.008651,-0.999606,-215.423080,90.124947,84.601440
306,2.550000,-0.009237,-0.025099,0.008604,-0.999605,-215.423233,90.124054,84.600677
307,2.558333,-0.009276,-0.025139,0.008696,-0.999603,-215.424103,90.124344,84.600502
308,2.566667,-0.009388,-0.025122,0.008717,-0.999602,-215.423843,90.124428,84.599777
309,2.575000,-0.009346,-0.025120,0.008519,-0.999605,-215.423798,90.124451,84.600571
310,2.583333,-0.009207,-0.025154,0.008514,-0.999605,-215.423553,90.124420,84.599915
311,2.591667,-0.009205,-0.025153,0.008540,-0.999605,-215.423843,90.124336,84.600845
312,2.600000,-0.009290,-0.025061,0.008566,-0.999606,-215.424057,90.125160,84.600548
313,2.608333,-0.009392,-0.025060,0.008615,-0.999605,-215.423767,90.125458,84.600090
314,2.616667,-0.009282,-0.025053,0.008608,-0.999606,-215.424103,90.125488,84.601257
315,2.625000,-0.009226,-0.025030,0.008662,-0.999607,-215.424271,90.124687,84.600395
316,2.633333,-0.009202,-0.025094,0.008558,-0.999606,-215.423706,90.123405,84.601578
317,2.641667,-0.009225,-0.025083,0.008486,-0.999607,-215.423035,90.123161,84.601036
318,2.650000,-0.009265,-0.025099,0.008528,-0.999606,-215.423401,90.123550,84.601997
319,2.658333,-0.009333,-0.025071,0.008492,-0.999606,-215.423447,90.124397,84.602203
320,2.666667,-0.009229,-0.025131,0.008579,-0.999605,-215.422943,90.123184,84.601341
321,2.675000,-0.009277,-0.025147,0.008655,-0.999603,-215.423721,90.124046,84.601318
322,2.683333,-0.009207,-0.025074,0.008604,-0.999606,-215.423462,90.123520,84.600014
323,2.691667,-0.009247,-0.025130,0.008630,-0.999604,-215.423706,90.123543,84.600655
324,2.700000,-0.009303,-0.025087,0.008579,-0.999605,-215.423508,90.123543,84.600029
325,2.708333,-0.009274,-0.025051,0.008695,-0.999605,-215.424179,90.123772,84.599220
326,2.716667,-0.009275,-0.025011,0.008604,-0.999607,-215.423874,90.124207,84.598778
327,2.725000,-0.009275,-0.025034,0.008591,-0.999607,-215.424652,90.123985,84.599609
328,2.733333,-0.009222,-0.025174,0.008490,-0.999605,-215.425522,90.123947,84.600616
329,2.741667,-0.009270,-0.025190,0.008608,-0.999603,-215.425110,90.123901,84.599480
330,2.750000,-0.009232,-0.025113,0.008657,-0.999605,-215.425781,90.124336,84.601257
331,2.758333,-0.009213,-0.025061,0.008431,-0.999608,-215.425018,90.123657,84.602394
332,2.766667,-0.009282,-0.025066,0.008472,-0.999607,-215.424759,90.123520,84.601524
333,2.775000,-0.009364,-0.025135,0.008588,-0.999603,-215.424973,90.123421,84.602005
334,2.783333,-0.009284,-0.025102,0.008492,-0.999606,-215.423935,90.122276,84.601326
335,2.791667,-0.009292,-0.025058,0.008645,-0.999605,-215.423203,90.123802,84.601257
336,2.800000,-0.009237,-0.025017,0.008530,-0.999608,-215.421463,90.123276,84.600784
337,2.808333,-0.009175,-0.025063,0.008667,-0.999606,-215.420074,90.123276,84.601357
338,2.816667,-0.009313,-0.025131,0.008707,-0.999603,-215.418716,90.124382,84.601959
339,2.825000,-0.009226,-0.025067,0.008671,-0.999606,-215.416763,90.123589,84.600998
340,2.833333,-0.009208,-0.025085,0.008977,-0.999603,-215.415619,90.123581,84.600861
341,2.841667,-0.009166,-0.025146,0.008973,-0.999602,-215.414459,90.123131,84.601334
342,2.850000,-0.009303,-0.025166,0.008946,-0.999600,-215.415359,90.123749,84.604126
343,2.858333,-0.009347,-0.025118,0.008933,-0.999601,-215.415649,90.123627,84.607338
344,2.866667,-0.009595,-0.025028,0.009096,-0.999599,-215.415009,90.125084,84.613411
345,2.875000,-0.009998,-0.025081,0.009139,-0.999594,-215.415833,90.125191,84.623962
346,2.883333,-0.010351,-0.025008,0.009111,-0.999592,-215.413803,90.123161,84.636322
347,2.891667,-0.010793,-0.025034,0.009200,-0.999586,-215.412354,90.123489,84.649483
348,2.900000,-0.011864,-0.025378,0.010440,-0.999553,-215.414886,90.132668,84.668671
349,2.908333,-0.012447,-0.025335,0.010666,-0.999545,-215.412552,90.134201,84.691383
350,2.916667,-0.013133,-0.025116,0.010486,-0.999543,-215.409119,90.134338,84.716904
351,2.925000,-0.013732,-0.024917,0.010409,-0.999541,-215.406342,90.134590,84.741982
352,2.933333,-0.014459,-0.024685,0.010383,-0.999537,-215.405106,90.136894,84.769981
353,2.941667,-0.015142,-0.024485,0.010284,-0.999533,-215.402557,90.137573,84.798820
354,2.950000,-0.015977,-0.024496,0.010305,-0.999519,-215.399216,90.136322,84.828773
355,2.958333,-0.016942,-0.024480,0.010288,-0.999504,-215.397598,90.134964,84.855637
356,2.966667,-0.018004,-0.024393,0.010327,-0.999487,-215.397064,90.132614,84.877029
357,2.975000,-0.019088,-0.024415,0.010378,-0.999466,-215.398193,90.129921,84.892670
358,2.983333,-0.019825,-0.024270,0.010235,-0.999456,-215.399429,90.128761,84.903748
359,2.991667,-0.020494,-0.024226,0.010251,-0.999444,-215.398376,90.128311,84.914597
360,3.000000,-0.021025,-0.024356,0.010364,-0.999429,-215.395004,90.127930,84.925308
361,3.008333,-0.021415,-0.024382,0.010405,-0.999419,-215.391357,90.128494,84.935661
362,3.016667,-0.021697,-0.024457,0.010469,-0.999411,-215.387985,90.130035,84.946655
363,3.025000,-0.022084,-0.024466,0.010711,-0.999399,-215.386078,90.130638,84.949852
364,3.033333,-0.022215,-0.024520,0.010743,-0.999395,-215.388229,90.131310,84.954109
365,3.041667,-0.022280,-0.024576,0.010630,-0.999393,-215.391876,90.131332,84.959740
366,3.050000,-0.022573,-0.024462,0.010449,-0.999391,-215.394547,90.131790,84.965500
367,3.058333,-0.022954,-0.024515,0.010374,-0.999382,-215.397980,90.132156,84.972115
368,3.066667,-0.023380,-0.024532,0.010348,-0.999372,-215.397766,90.131256,84.983551
369,3.075000,-0.023909,-0.024606,0.010562,-0.999355,-215.396118,90.131691,84.998741
370,3.083333,-0.024308,-0.024612,0.010751,-0.999344,-215.390366,90.131256,85.010712
371,3.091667,-0.024753,-0.024677,0.010955,-0.999329,-215.385254,90.130287,85.021812
372,3.100000,-0.024926,-0.024645,0.011063,-0.999324,-215.380676,90.129158,85.032799
373,3.108333,-0.025135,-0.024620,0.011262,-0.999317,-215.377777,90.129494,85.039017
374,3.116667,-0.025258,-0.024598,0.011295,-0.999315,-215.376328,90.129761,85.042908
375,3.125000,-0.025153,-0.024633,0.011188,-0.999318,-215.376404,90.129570,85.040070
376,3.133333,-0.024966,-0.024706,0.011196,-0.999320,-215.378021,90.130096,85.032761
377,3.141667,-0.024694,-0.024792,0.011137,-0.999326,-215.380951,90.130196,85.018257
378,3.150000,-0.024420,-0.024859,0.010685,-0.999336,-215.386887,90.129471,85.000343
379,3.158333,-0.024431,-0.024929,0.010436,-0.999336,-215.393356,90.131165,84.982735
380,3.166667,-0.024647,-0.024959,0.010209,-0.999332,-215.396530,90.131256,84.966827
381,3.175000,-0.025234,-0.024962,0.010317,-0.999317,-215.398056,90.133179,84.964691
382,3.183333,-0.025422,-0.024956,0.010089,-0.999314,-215.400177,90.136009,84.968521
383,3.191667,-0.026257,-0.025077,0.010317,-0.999287,-215.403824,90.152702,84.983818
384,3.200000,-0.028360,-0.025121,0.010449,-0.999227,-215.400146,90.178482,85.018417
385,3.208333,-0.029405,-0.025036,0.010474,-0.999199,-215.395142,90.215492,85.039291
386,3.216667,-0.028860,-0.024809,0.010142,-0.999224,-215.395004,90.259560,85.041702
387,3.225000,-0.028732,-0.024671,0.009709,-0.999236,-215.391891,90.307625,85.049438
388,3.233333,-0.027847,-0.024968,0.008939,-0.999260,-215.385193,90.364273,85.078941
389,3.241667,-0.028413,-0.024789,0.010021,-0.999239,-215.383789,90.422043,85.081856
390,3.250000,-0.028708,-0.024161,0.010723,-0.999238,-215.381699,90.477066,85.086922
391,3.258333,-0.027177,-0.024982,0.008568,-0.999282,-215.379150,90.515892,85.112801
392,3.266667,-0.026142,-0.025439,0.008412,-0.999299,-215.373474,90.570877,85.130241
393,3.275000,-0.025856,-0.025592,0.009134,-0.999296,-215.370590,90.626953,85.142815
394,3.283333,-0.025937,-0.025738,0.009684,-0.999285,-215.370911,90.676178,85.157402
395,3.291667,-0.025511,-0.025863,0.010104,-0.999289,-215.369461,90.727921,85.175606
396,3.300000,-0.026244,-0.026121,0.011333,-0.999250,-215.369553,90.783073,85.188065
397,3.308333,-0.026647,-0.025783,0.010860,-0.999253,-215.368317,90.826859,85.189499
398,3.316667,-0.026431,-0.025901,0.010238,-0.999263,-215.367081,90.881355,85.202423
399,3.325000,-0.025933,-0.025970,0.009630,-0.999280,-215.361694,90.946487,85.197983
400,3.333333,-0.024972,-0.026071,0.009420,-0.999304,-215.356476,91.014633,85.200676
401,3.341667,-0.024085,-0.026017,0.009249,-0.999328,-215.352768,91.082329,85.207916
402,3.350000,-0.025076,-0.025580,0.011385,-0.999293,-215.355042,91.151382,85.203102
403,3.358333,-0.025496,-0.025172,0.012137,-0.999284,-215.355759,91.204254,85.205353
404,3.366667,-0.025585,-0.025092,0.011935,-0.999286,-215.356308,91.250977,85.209282
405,3.375000,-0.025337,-0.025052,0.011497,-0.999299,-215.356827,91.296646,85.215599
406,3.383333,-0.024864,-0.025118,0.011131,-0.999313,-215.354630,91.344971,85.222801
407,3.391667,-0.023323,-0.025613,0.010681,-0.999343,-215.346222,91.401726,85.239479
408,3.400000,-0.023208,-0.026018,0.009842,-0.999344,-215.340118,91.458054,85.244629
409,3.408333,-0.023021,-0.025896,0.009777,-0.999352,-215.336563,91.504791,85.244522
410,3.416667,-0.022633,-0.025987,0.009905,-0.999357,-215.332932,91.549736,85.251198
411,3.425000,-0.022418,-0.026047,0.009849,-0.999361,-215.328629,91.596260,85.260567
412,3.433333,-0.022417,-0.026226,0.009505,-0.999359,-215.324753,91.641869,85.268150
413,3.441667,-0.023282,-0.026160,0.011118,-0.999325,-215.325745,91.702881,85.268486
414,3.450000,-0.023395,-0.025824,0.011409,-0.999328,-215.322525,91.758820,85.259628
415,3.458333,-0.022830,-0.025674,0.011056,-0.999349,-215.318481,91.817123,85.257133
416,3.466667,-0.022251,-0.025809,0.011029,-0.999358,-215.311890,91.873894,85.257256
417,3.475000,-0.021475,-0.026014,0.011102,-0.999369,-215.304688,91.930099,85.258087
418,3.483333,-0.020045,-0.026339,0.010965,-0.999392,-215.297226,91.991096,85.265190
419,3.491667,-0.019171,-0.026412,0.010650,-0.999411,-215.293243,92.041862,85.256706
420,3.500000,-0.018490,-0.026286,0.010135,-0.999432,-215.294464,92.093452,85.254112
421,3.508333,-0.017960,-0.026009,0.009687,-0.999453,-215.298492,92.149223,85.244728
422,3.516667,-0.016957,-0.025881,0.009522,-0.999476,-215.295792,92.204765,85.241814
423,3.525000,-0.015892,-0.025885,0.009246,-0.999496,-215.292709,92.267677,85.240898
424,3.533333,-0.014916,-0.025979,0.009036,-0.999510,-215.285370,92.324287,85.237007
425,3.541667,-0.015700,-0.025740,0.010809,-0.999487,-215.283920,92.388443,85.233337
426,3.550000,-0.015644,-0.025330,0.011037,-0.999496,-215.279770,92.435760,85.231308
427,3.558333,-0.015498,-0.025231,0.011156,-0.999499,-215.277939,92.478676,85.233650
428,3.566667,-0.014647,-0.025431,0.011173,-0.999507,-215.273956,92.524788,85.248398
429,3.575000,-0.014077,-0.025709,0.011238,-0.999507,-215.267319,92.566437,85.251961
430,3.583333,-0.013043,-0.025982,0.011108,-0.999516,-215.263229,92.607880,85.253815
431,3.591667,-0.012147,-0.025953,0.010942,-0.999529,-215.263443,92.646721,85.244858
432,3.600000,-0.011563,-0.026089,0.010594,-0.999537,-215.264130,92.685097,85.240616
433,3.608333,-0.010947,-0.026252,0.010256,-0.999543,-215.263367,92.722641,85.239586
434,3.616667,-0.010405,-0.026440,0.009974,-0.999547,-215.263031,92.764954,85.235497
435,3.625000,-0.010114,-0.026566,0.009355,-0.999552,-215.265350,92.808151,85.230789
436,3.633333,-0.009601,-0.026427,0.008940,-0.999565,-215.266327,92.846321,85.225128
437,3.641667,-0.009125,-0.026326,0.008711,-0.999574,-215.267487,92.882507,85.220703
438,3.650000,-0.008292,-0.026174,0.008708,-0.999585,-215.266663,92.917091,85.215584
439,3.658333,-0.008749,-0.026008,0.010734,-0.999566,-215.267776,92.959740,85.208214
440,3.666667,-0.009071,-0.025681,0.011117,-0.999567,-215.263184,92.997185,85.198799
441,3.675000,-0.008787,-0.025749,0.010831,-0.999571,-215.259476,93.025414,85.192726
442,3.683333,-0.008550,-0.026028,0.010683,-0.999568,-215.254501,93.052002,85.192337
443,3.691667,-0.008358,-0.026223,0.010651,-0.999564,-215.249664,93.076393,85.192741
444,3.700000,-0.008206,-0.026479,0.010560,-0.999560,-215.246918,93.096909,85.192947
445,3.708333,-0.007711,-0.026980,0.010967,-0.999546,-215.241196,93.121513,85.206490
446,3.716667,-0.007369,-0.027166,0.011209,-0.999541,-215.236145,93.142700,85.211479
447,3.725000,-0.007098,-0.027273,0.011265,-0.999539,-215.235001,93.165497,85.216110
448,3.733333,-0.006801,-0.027310,0.011061,-0.999543,-215.233917,93.186600,85.217575
449,3.741667,-0.006539,-0.027361,0.011182,-0.999542,-215.233658,93.210480,85.218781
450,3.750000,-0.006421,-0.027300,0.011490,-0.999541,-215.234756,93.236282,85.218956
451,3.758333,-0.006373,-0.026932,0.011279,-0.999553,-215.238663,93.261185,85.208313
452,3.766667,-0.006507,-0.026789,0.011136,-0.999558,-215.240448,93.286285,85.203964
453,3.775000,-0.006431,-0.026714,0.010810,-0.999564,-215.239883,93.310829,85.202515
454,3.783333,-0.005583,-0.027119,0.009437,-0.999572,-215.238312,93.329254,85.208565
455,3.791667,-0.005295,-0.027390,0.009191,-0.999569,-215.234344,93.348907,85.211929
456,3.800000,-0.005077,-0.027400,0.008988,-0.999571,-215.231781,93.367729,85.213913
457,3.808333,-0.005140,-0.027320,0.008877,-0.999574,-215.231201,93.387558,85.213402
458,3.816667,-0.005341,-0.027237,0.008517,-0.999579,-215.230911,93.407082,85.212151
459,3.825000,-0.005365,-0.027178,0.008501,-0.999580,-215.228683,93.426010,85.214188
460,3.833333,-0.005173,-0.027123,0.008398,-0.999583,-215.224533,93.448860,85.214981
461,3.841667,-0.004727,-0.027066,0.008334,-0.999588,-215.219528,93.475975,85.213783
462,3.850000,-0.004340,-0.027156,0.008488,-0.999586,-215.214783,93.500633,85.212502
463,3.858333,-0.004162,-0.027163,0.008778,-0.999584,-215.208481,93.524849,85.210205
464,3.866667,-0.005063,-0.026696,0.010898,-0.999571,-215.206070,93.559654,85.201881
465,3.875000,-0.005616,-0.026249,0.011791,-0.999570,-215.200974,93.584366,85.196770
466,3.883333,-0.005568,-0.026173,0.011888,-0.999571,-215.199417,93.602211,85.196434
467,3.891667,-0.004293,-0.026917,0.009746,-0.999581,-215.197845,93.606880,85.206665
468,3.900000,-0.004510,-0.027208,0.010578,-0.999564,-215.197540,93.627655,85.208771
469,3.908333,-0.005118,-0.026553,0.011810,-0.999565,-215.197571,93.653145,85.200783
470,3.916667,-0.005138,-0.026244,0.012055,-0.999570,-215.198547,93.670387,85.198051
471,3.925000,-0.004710,-0.026494,0.012098,-0.999565,-215.195465,93.688362,85.208717
472,3.933333,-0.004700,-0.026597,0.011972,-0.999564,-215.192062,93.702156,85.210953
473,3.941667,-0.004813,-0.026706,0.011907,-0.999561,-215.187790,93.712120,85.210487
474,3.950000,-0.005022,-0.026965,0.011693,-0.999555,-215.177734,93.724602,85.208138
475,3.958333,-0.004141,-0.027697,0.010064,-0.999557,-215.163757,93.740440,85.212532
476,3.966667,-0.003254,-0.028191,0.009451,-0.999553,-215.146057,93.788338,85.207237
477,3.975000,-0.002316,-0.028453,0.009356,-0.999549,-215.123169,93.853577,85.198120
478,3.983333,-0.001662,-0.028639,0.009699,-0.999541,-215.103455,93.922722,85.187523
479,3.991667,-0.000752,-0.028889,0.009510,-0.999537,-215.087936,93.992233,85.176483
480,4.000000,0.000140,-0.029174,0.008672,-0.999537,-215.072296,94.060753,85.162003
481,4.008333,0.001116,-0.029527,0.008366,-0.999528,-215.054916,94.119644,85.152092
482,4.016667,0.002070,-0.029534,0.008792,-0.999523,-215.037628,94.166199,85.142204
483,4.025000,0.001703,-0.029358,0.011329,-0.999503,-215.028503,94.221855,85.130424
484,4.033333,0.001920,-0.029083,0.011952,-0.999504,-215.023087,94.261559,85.121765
485,4.041667,0.002435,-0.028962,0.011554,-0.999511,-215.025681,94.298950,85.110832
486,4.050000,0.003834,-0.029385,0.011393,-0.999496,-215.025803,94.344116,85.115311
487,4.058333,0.004954,-0.029507,0.011120,-0.999490,-215.027069,94.381653,85.112099
488,4.066667,0.005659,-0.029605,0.011156,-0.999483,-215.028671,94.411720,85.111664
489,4.075000,0.006134,-0.029656,0.010987,-0.999481,-215.029236,94.435760,85.108696
490,4.083333,0.006696,-0.029559,0.010813,-0.999482,-215.029572,94.453720,85.106651
491,4.091667,0.007373,-0.029912,0.009745,-0.999478,-215.033249,94.461128,85.105843
492,4.100000,0.007207,-0.029724,0.010140,-0.999481,-215.034271,94.477318,85.097664
493,4.108333,0.007694,-0.029873,0.009507,-0.999479,-215.036682,94.486732,85.099297
494,4.116667,0.008029,-0.029945,0.009382,-0.999475,-215.037704,94.495842,85.100021
495,4.125000,0.008332,-0.029918,0.009394,-0.999474,-215.038712,94.503685,85.098808
496,4.133333,0.008155,-0.029914,0.009557,-0.999474,-215.039902,94.509750,85.096481
497,4.141667,0.008251,-0.029815,0.009517,-0.999476,-215.039581,94.510040,85.095673
498,4.150000,0.008112,-0.029932,0.009549,-0.999473,-215.038818,94.506088,85.098587
499,4.158333,0.008051,-0.029922,0.009353,-0.999476,-215.036179,94.498672,85.099548
500,4.166667,0.008013,-0.030021,0.009412,-0.999473,-215.034561,94.493149,85.100716
501,4.175000,0.008051,-0.029946,0.009486,-0.999474,-215.032669,94.494370,85.101089
502,4.183333,0.008115,-0.029972,0.009380,-0.999474,-215.031021,94.498947,85.100731
503,4.191667,0.008164,-0.030018,0.009473,-0.999471,-215.030853,94.505188,85.100708
504,4.200000,0.008154,-0.029931,0.009541,-0.999473,-215.029022,94.506889,85.098915
505,4.208333,0.008194,-0.029994,0.009471,-0.999472,-215.028717,94.502167,85.100639
506,4.216667,0.008084,-0.030054,0.009409,-0.999471,-215.028961,94.497643,85.102066
507,4.225000,0.007936,-0.030007,0.009445,-0.999474,-215.028809,94.495468,85.102196
508,4.233333,0.008001,-0.029959,0.009485,-0.999474,-215.030487,94.496826,85.101562
509,4.241667,0.008119,-0.029929,0.009342,-0.999475,-215.031265,94.500549,85.100433
510,4.250000,0.008197,-0.029967,0.009413,-0.999473,-215.032501,94.505707,85.099281
511,4.258333,0.008265,-0.029970,0.009527,-0.999471,-215.033371,94.505707,85.098358
512,4.266667,0.008195,-0.029995,0.009592,-0.999470,-215.034393,94.503090,85.098717
513,4.275000,0.008166,-0.030016,0.009361,-0.999472,-215.034790,94.497589,85.099754
514,4.283333,0.008172,-0.029905,0.009413,-0.999475,-215.034775,94.496498,85.098885
515,4.291667,0.008080,-0.029947,0.009583,-0.999473,-215.035629,94.499115,85.099663
516,4.300000,0.008091,-0.029928,0.009481,-0.999474,-215.033768,94.501266,85.098671
517,4.308333,0.008079,-0.029955,0.009479,-0.999474,-215.032791,94.503716,85.098579
518,4.316667,0.008159,-0.029984,0.009487,-0.999472,-215.032028,94.503693,85.098961
519,4.325000,0.008091,-0.029966,0.009507,-0.999473,-215.031189,94.501640,85.098961
520,4.333333,0.008008,-0.030031,0.009432,-0.999472,-215.030701,94.499115,85.101196
521,4.341667,0.008025,-0.029985,0.009376,-0.999474,-215.029938,94.497772,85.101028
522,4.350000,0.008095,-0.030004,0.009409,-0.999473,-215.029449,94.498253,85.101089
523,4.358333,0.008044,-0.029943,0.009499,-0.999474,-215.029404,94.501740,85.099983
524,4.366667,0.008040,-0.029909,0.009579,-0.999474,-215.029572,94.503197,85.099617
525,4.375000,0.008169,-0.029945,0.009457,-0.999473,-215.031128,94.503143,85.100670
526,4.383333,0.008127,-0.029937,0.009334,-0.999475,-215.030914,94.498810,85.099380
527,4.391667,0.008089,-0.030052,0.009393,-0.999471,-215.032578,94.498497,85.101761
528,4.400000,0.008082,-0.030028,0.009530,-0.999471,-215.033371,94.499496,85.100578
529,4.408333,0.008289,-0.029934,0.009358,-0.999474,-215.033081,94.498909,85.099251
530,4.416667,0.008169,-0.029981,0.009465,-0.999472,-215.033844,94.502602,85.098854
531,4.425000,0.008182,-0.029926,0.009417,-0.999474,-215.033585,94.502831,85.097855
532,4.433333,0.008144,-0.030002,0.009475,-0.999472,-215.032883,94.501511,85.098900
533,4.441667,0.008077,-0.029937,0.009503,-0.999474,-215.031952,94.499756,85.098671
534,4.450000,0.008195,-0.029972,0.009410,-0.999473,-215.031479,94.497879,85.099030
535,4.458333,0.008154,-0.030006,0.009433,-0.999472,-215.030884,94.499260,85.098915
536,4.466667,0.008177,-0.029950,0.009418,-0.999474,-215.030426,94.501045,85.098305
537,4.475000,0.007997,-0.030041,0.009423,-0.999472,-215.029953,94.502457,85.100815
538,4.483333,0.008148,-0.029986,0.009408,-0.999473,-215.029572,94.501755,85.100342
539,4.491667,0.008176,-0.030055,0.009349,-0.999471,-215.029266,94.499771,85.101738
540,4.500000,0.008161,-0.030035,0.009330,-0.999472,-215.029480,94.498390,85.101517
541,4.508333,0.008218,-0.029992,0.009300,-0.999473,-215.030243,94.497993,85.101143
542,4.516667,0.008157,-0.030022,0.009413,-0.999472,-215.030914,94.500328,85.100952
543,4.525000,0.008125,-0.029957,0.009380,-0.999474,-215.030319,94.500763,85.099586
544,4.533333,0.008150,-0.029991,0.009395,-0.999473,-215.031647,94.501808,85.101059
545,4.541667,0.008094,-0.029984,0.009374,-0.999474,-215.030960,94.500679,85.100487
546,4.550000,0.008116,-0.029990,0.009635,-0.999471,-215.031815,94.500748,85.099754
547,4.558333,0.008104,-0.030046,0.009505,-0.999471,-215.031906,94.499130,85.099495
548,4.566667,0.008139,-0.029999,0.009442,-0.999472,-215.032242,94.499031,85.098625
549,4.575000,0.008109,-0.029930,0.009505,-0.999474,-215.032333,94.502029,85.099144
550,4.583333,0.008173,-0.029933,0.009458,-0.999474,-215.031128,94.502098,85.098404
551,4.591667,0.008112,-0.029939,0.009509,-0.999474,-215.030365,94.501396,85.098763
552,4.600000,0.008168,-0.029969,0.009572,-0.999472,-215.029953,94.500824,85.098686
553,4.608333,0.008087,-0.029913,0.009603,-0.999474,-215.029831,94.501030,85.097603
554,4.616667,0.008196,-0.029969,0.009441,-0.999473,-215.028687,94.499275,85.098610
555,4.625000,0.008202,-0.029960,0.009444,-0.999473,-215.028000,94.500023,85.099319
556,4.633333,0.008184,-0.029910,0.009427,-0.999475,-215.028473,94.500145,85.099533
557,4.641667,0.008068,-0.029958,0.009492,-0.999474,-215.028290,94.500969,85.100243
558,4.650000,0.008156,-0.029929,0.009461,-0.999474,-215.028198,94.500961,85.099983
559,4.658333,0.008139,-0.030038,0.009572,-0.999470,-215.029663,94.501846,85.102608
560,4.666667,0.008100,-0.029951,0.009688,-0.999472,-215.029221,94.503525,85.102646
561,4.675000,0.008036,-0.029940,0.009482,-0.999474,-215.030029,94.505295,85.102966
562,4.683333,0.008166,-0.029861,0.009444,-0.999476,-215.032867,94.510368,85.103325
563,4.691667,0.008350,-0.029878,0.009362,-0.999475,-215.034668,94.514969,85.102104
564,4.700000,0.008587,-0.029901,0.009570,-0.999470,-215.038300,94.523361,85.104111
565,4.708333,0.008778,-0.029773,0.009618,-0.999472,-215.042206,94.531860,85.105789
566,4.716667,0.008973,-0.029758,0.009551,-0.999471,-215.048935,94.541321,85.112076
567,4.725000,0.009147,-0.029768,0.009453,-0.999470,-215.054749,94.549332,85.117950
568,4.733333,0.009251,-0.029727,0.009469,-0.999470,-215.062195,94.555626,85.126183
569,4.741667,0.009336,-0.029811,0.009405,-0.999468,-215.071899,94.556015,85.139641
570,4.750000,0.008684,-0.030047,0.010410,-0.999457,-215.087051,94.554153,85.160149
571,4.758333,0.008993,-0.029664,0.010359,-0.999466,-215.106674,94.548866,85.182281
572,4.766667,0.009123,-0.029210,0.010073,-0.999481,-215.125946,94.533768,85.205132
573,4.775000,0.009340,-0.029042,0.009856,-0.999486,-215.146286,94.511086,85.241447
574,4.783333,0.009631,-0.028134,0.009968,-0.999508,-215.183502,94.487534,85.262558
575,4.791667,0.008986,-0.027120,0.009878,-0.999543,-215.222382,94.456680,85.291290
576,4.800000,0.007974,-0.026261,0.010260,-0.999571,-215.266891,94.427933,85.325790
577,4.808333,0.007007,-0.025403,0.010703,-0.999595,-215.310760,94.403587,85.352997
578,4.816667,0.006833,-0.024540,0.010778,-0.999617,-215.364075,94.388924,85.385178
579,4.825000,0.006209,-0.024074,0.010869,-0.999632,-215.411896,94.370659,85.423569
580,4.833333,0.005860,-0.023018,0.010875,-0.999659,-215.461426,94.351166,85.467361
581,4.841667,0.005612,-0.021702,0.011502,-0.999683,-215.516312,94.327690,85.505455
582,4.850000,0.005395,-0.020772,0.011509,-0.999703,-215.573807,94.297302,85.537460
583,4.858333,0.005296,-0.021169,0.011514,-0.999696,-215.642838,94.271797,85.588928
584,4.866667,0.005204,-0.020635,0.011563,-0.999707,-215.716675,94.247620,85.637657
585,4.875000,0.005208,-0.019513,0.011954,-0.999725,-215.789215,94.224358,85.683754
586,4.883333,0.005055,-0.018016,0.012193,-0.999751,-215.854813,94.205399,85.728065
587,4.891667,0.005739,-0.016825,0.010225,-0.999790,-215.926910,94.175697,85.780762
588,4.900000,0.006255,-0.015928,0.009915,-0.999804,-216.006821,94.142120,85.834152
589,4.908333,0.006464,-0.014940,0.010037,-0.999817,-216.076843,94.114082,85.876923
590,4.916667,0.006651,-0.013501,0.009946,-0.999837,-216.154816,94.091393,85.920372
591,4.925000,0.007298,-0.012742,0.009726,-0.999845,-216.232773,94.074287,85.984764
592,4.933333,0.007048,-0.011934,0.008909,-0.999864,-216.314102,94.069695,86.026566
593,4.941667,0.007925,-0.011097,0.009486,-0.999862,-216.398361,94.065170,86.081787
594,4.950000,0.008711,-0.009433,0.009579,-0.999872,-216.484024,94.059982,86.129883
595,4.958333,0.009420,-0.008186,0.009893,-0.999873,-216.573151,94.049706,86.173805
596,4.966667,0.010091,-0.006662,0.009747,-0.999879,-216.663788,94.040718,86.226128
597,4.975000,0.010332,-0.005259,0.009391,-0.999889,-216.754669,94.038216,86.279945
598,4.983333,0.009995,-0.003930,0.010666,-0.999885,-216.839630,94.053848,86.328224
599,4.991667,0.012039,-0.002878,0.010050,-0.999873,-216.933487,94.060539,86.388283
600,5.000000,0.012235,-0.002567,0.012102,-0.999849,-217.031937,94.086418,86.450485
601,5.008333,0.013625,-0.000544,0.012182,-0.999833,-217.127640,94.121979,86.496468
602,5.016667,0.014442,0.000765,0.012094,-0.999822,-217.225174,94.150391,86.539589
603,5.025000,0.016146,0.002710,0.011384,-0.999801,-217.328049,94.174179,86.591400
604,5.033333,0.017777,0.004395,0.011448,-0.999767,-217.421814,94.195839,86.638817
605,5.041667,0.019222,0.005501,0.011509,-0.999734,-217.516998,94.220718,86.686852
606,5.050000,0.020859,0.006763,0.011186,-0.999697,-217.618378,94.242653,86.732307
607,5.058333,0.023234,0.006637,0.011526,-0.999642,-217.723892,94.265495,86.795082
608,5.066667,0.025144,0.007974,0.011123,-0.999590,-217.831451,94.284477,86.834808
609,5.075000,0.025590,0.009469,0.010534,-0.999572,-217.937500,94.287514,86.874313
610,5.083333,0.025097,0.011126,0.010410,-0.999569,-218.047791,94.284348,86.919373
611,5.091667,0.024602,0.012771,0.010465,-0.999561,-218.146774,94.282242,86.961937
612,5.100000,0.025585,0.014544,0.010312,-0.999514,-218.253616,94.281975,87.002541
613,5.108333,0.027279,0.015620,0.009812,-0.999458,-218.372986,94.265419,87.047661
614,5.116667,0.027610,0.016955,0.010070,-0.999424,-218.477966,94.252495,87.089165
615,5.125000,0.027355,0.018021,0.011394,-0.999398,-218.582870,94.241135,87.130692
616,5.133333,0.028069,0.019351,0.012177,-0.999344,-218.696976,94.221985,87.169563
617,5.141667,0.028739,0.021105,0.011565,-0.999297,-218.820496,94.203903,87.195381
618,5.150000,0.029228,0.023108,0.011527,-0.999239,-218.932800,94.188080,87.215828
619,5.158333,0.029945,0.024752,0.011670,-0.999177,-219.047119,94.171516,87.245674
620,5.166667,0.030071,0.026566,0.011608,-0.999127,-219.172714,94.149689,87.279335
621,5.175000,0.029756,0.027733,0.011428,-0.999107,-219.284683,94.116455,87.307175
622,5.183333,0.030239,0.028456,0.011266,-0.999074,-219.398254,94.088554,87.356148
623,5.191667,0.029263,0.029638,0.011900,-0.999061,-219.514938,94.059921,87.400330
624,5.200000,0.028361,0.030907,0.011872,-0.999049,-219.634918,94.018982,87.427917
625,5.208333,0.027810,0.032894,0.011415,-0.999007,-219.748062,93.990303,87.467232
626,5.216667,0.027558,0.034981,0.011480,-0.998942,-219.863815,93.957809,87.498871
627,5.225000,0.027783,0.036578,0.011814,-0.998875,-219.974777,93.930702,87.521973
628,5.233333,0.028085,0.038061,0.011891,-0.998810,-220.091751,93.911125,87.547752
629,5.241667,0.028040,0.039652,0.012172,-0.998746,-220.202728,93.885902,87.575302
630,5.250000,0.028157,0.041202,0.012171,-0.998680,-220.318985,93.854179,87.600182
631,5.258333,0.029364,0.042312,0.010942,-0.998613,-220.452286,93.821800,87.639198
632,5.266667,0.029382,0.042950,0.012206,-0.998571,-220.575806,93.799675,87.666916
633,5.275000,0.029675,0.044783,0.012348,-0.998480,-220.704529,93.769920,87.687408
634,5.283333,0.030107,0.046354,0.012716,-0.998390,-220.834595,93.737000,87.713898
635,5.291667,0.029140,0.048232,0.012894,-0.998328,-220.962494,93.702446,87.735962
636,5.300000,0.028991,0.050443,0.012624,-0.998226,-221.096985,93.671082,87.767731
637,5.308333,0.028713,0.052375,0.012514,-0.998136,-221.226074,93.643501,87.793648
638,5.316667,0.028597,0.054261,0.012517,-0.998039,-221.362549,93.620293,87.804832
639,5.325000,0.030191,0.055756,0.012590,-0.997909,-221.500214,93.597069,87.814247
640,5.333333,0.030719,0.056955,0.012147,-0.997830,-221.641296,93.562782,87.833420
641,5.341667,0.030083,0.058220,0.013146,-0.997764,-221.774719,93.537865,87.867516
642,5.350000,0.029847,0.059873,0.012839,-0.997677,-221.910980,93.508110,87.894096
643,5.358333,0.028798,0.061910,0.013022,-0.997581,-222.049133,93.467827,87.920395
644,5.366667,0.028430,0.063719,0.013150,-0.997476,-222.182602,93.429688,87.945953
645,5.375000,0.028378,0.065494,0.012910,-0.997366,-222.323990,93.398796,87.960098
646,5.383333,0.028241,0.067086,0.012752,-0.997266,-222.464828,93.372261,87.967751
647,5.391667,0.028901,0.069070,0.011970,-0.997121,-222.606995,93.354607,87.981979
648,5.400000,0.029075,0.071209,0.012694,-0.996957,-222.745758,93.331375,87.999245
649,5.408333,0.029039,0.072878,0.013101,-0.996832,-222.874069,93.303230,88.018478
650,5.416667,0.029119,0.074027,0.013002,-0.996746,-223.020355,93.260681,88.042763
651,5.425000,0.028389,0.074857,0.013884,-0.996693,-223.152496,93.227737,88.062515
652,5.433333,0.027984,0.076921,0.013646,-0.996551,-223.288696,93.196503,88.075012
653,5.441667,0.028028,0.078978,0.013341,-0.996393,-223.431274,93.165184,88.085381
654,5.450000,0.027662,0.080743,0.013115,-0.996265,-223.561340,93.144997,88.091690
655,5.458333,0.027053,0.082460,0.013708,-0.996133,-223.690964,93.111786,88.093735
656,5.466667,0.026697,0.083836,0.014179,-0.996021,-223.822754,93.081108,88.101364
657,5.475000,0.025996,0.085248,0.014349,-0.995917,-223.946457,93.047173,88.100273
658,5.483333,0.025455,0.086961,0.014408,-0.995782,-224.081665,92.999603,88.106644
659,5.491667,0.024972,0.088809,0.014057,-0.995636,-224.208115,92.957634,88.119415
660,5.500000,0.024599,0.090663,0.014138,-0.995477,-224.340729,92.914459,88.130997
661,5.508333,0.025130,0.092561,0.014443,-0.995285,-224.473221,92.882278,88.140175
662,5.516667,0.025226,0.093830,0.014438,-0.995164,-224.603653,92.849548,88.143524
663,5.525000,0.025149,0.094605,0.014616,-0.995090,-224.744324,92.813469,88.146332
664,5.533333,0.024470,0.096400,0.013906,-0.994945,-224.881149,92.784622,88.153206
665,5.541667,0.024107,0.098186,0.013727,-0.994781,-225.013229,92.745529,88.155510
666,5.550000,0.024623,0.100237,0.014128,-0.994559,-225.157288,92.709793,88.155327
667,5.558333,0.024904,0.101987,0.014575,-0.994367,-225.298721,92.679016,88.147346
668,5.566667,0.024417,0.103162,0.016284,-0.994232,-225.442963,92.663269,88.144318
669,5.575000,0.024273,0.105147,0.016765,-0.994019,-225.584747,92.646172,88.137650
670,5.583333,0.023929,0.107421,0.017062,-0.993779,-225.716263,92.613777,88.133186
671,5.591667,0.023283,0.109054,0.015979,-0.993635,-225.852493,92.580788,88.121498
672,5.600000,0.023275,0.110965,0.015701,-0.993428,-225.994659,92.539490,88.116966
673,5.608333,0.023477,0.112592,0.015606,-0.993241,-226.127548,92.497559,88.116165
674,5.616667,0.023686,0.114008,0.015558,-0.993076,-226.265594,92.459854,88.113792
675,5.625000,0.023128,0.115546,0.016179,-0.992901,-226.398682,92.427895,88.105385
676,5.633333,0.021440,0.116630,0.016719,-0.992803,-226.524384,92.399422,88.086639
677,5.641667,0.020583,0.118347,0.017079,-0.992612,-226.643555,92.369637,88.068176
678,5.650000,0.020338,0.119876,0.017147,-0.992432,-226.757843,92.339203,88.056999
679,5.658333,0.020524,0.120915,0.016339,-0.992316,-226.868622,92.318634,88.049973
680,5.666667,0.020683,0.121908,0.016015,-0.992197,-226.980927,92.295227,88.037369
681,5.675000,0.020931,0.122853,0.016133,-0.992073,-227.087738,92.263359,88.015228
682,5.683333,0.021035,0.124262,0.016094,-0.991896,-227.189331,92.232742,87.995056
683,5.691667,0.020804,0.126206,0.016587,-0.991647,-227.287933,92.198273,87.971977
684,5.700000,0.020464,0.127589,0.016786,-0.991474,-227.386719,92.164490,87.956444
685,5.708333,0.020092,0.128325,0.016060,-0.991399,-227.489655,92.130142,87.935272
686,5.716667,0.019914,0.129752,0.015735,-0.991222,-227.587479,92.097511,87.905464
687,5.725000,0.020562,0.130856,0.016099,-0.991057,-227.681778,92.057777,87.878662
688,5.733333,0.020660,0.131934,0.015829,-0.990917,-227.770370,92.017784,87.855133
689,5.741667,0.020362,0.133088,0.015271,-0.990777,-227.859741,91.981911,87.833839
690,5.750000,0.019606,0.134107,0.015200,-0.990656,-227.954453,91.944923,87.811745
691,5.758333,0.018341,0.135178,0.015225,-0.990535,-228.050369,91.903656,87.789444
692,5.766667,0.017013,0.136143,0.014572,-0.990436,-228.136490,91.868683,87.769798
693,5.775000,0.016591,0.137837,0.014240,-0.990214,-228.220779,91.841812,87.748772
694,5.783333,0.015543,0.138772,0.014963,-0.990089,-228.303391,91.805031,87.726135
695,5.791667,0.014586,0.139727,0.015366,-0.989963,-228.389786,91.766151,87.711998
696,5.800000,0.013683,0.140554,0.015326,-0.989860,-228.472397,91.735909,87.693909
697,5.808333,0.013945,0.142053,0.015294,-0.989643,-228.555374,91.713371,87.674194
698,5.816667,0.013953,0.143278,0.015488,-0.989463,-228.640747,91.685509,87.658157
699,5.825000,0.013803,0.144294,0.015446,-0.989318,-228.720520,91.656975,87.645973
700,5.833333,0.013354,0.145451,0.015243,-0.989158,-228.800079,91.640633,87.631104
701,5.841667,0.013177,0.146463,0.014525,-0.989022,-228.885025,91.626457,87.609528
702,5.850000,0.012726,0.147390,0.014560,-0.988889,-228.969116,91.610870,87.597664
703,5.858333,0.012860,0.147905,0.014870,-0.988806,-229.056244,91.593544,87.589592
704,5.866667,0.013665,0.149111,0.014825,-0.988615,-229.142334,91.580460,87.575356
705,5.875000,0.014314,0.150792,0.014699,-0.988353,-229.232147,91.569809,87.562744
706,5.883333,0.014204,0.151571,0.014552,-0.988237,-229.323395,91.550461,87.547913
707,5.891667,0.013999,0.152512,0.014813,-0.988091,-229.413010,91.530182,87.534569
708,5.900000,0.013198,0.153579,0.015265,-0.987930,-229.504425,91.512619,87.510918
709,5.908333,0.012967,0.154875,0.014662,-0.987740,-229.596634,91.493759,87.498108
710,5.916667,0.012771,0.155919,0.014676,-0.987578,-229.681351,91.472748,87.491920
711,5.925000,0.013163,0.157205,0.014923,-0.987366,-229.769974,91.456795,87.480354
712,5.933333,0.013717,0.158418,0.014271,-0.987174,-229.866791,91.446564,87.458534
713,5.941667,0.013933,0.159299,0.013519,-0.987040,-229.952820,91.435173,87.439781
714,5.950000,0.014020,0.160139,0.013522,-0.986902,-230.040146,91.422462,87.423553
715,5.958333,0.013888,0.161209,0.015113,-0.986707,-230.131317,91.417969,87.410042
716,5.966667,0.014137,0.162581,0.014567,-0.986486,-230.213684,91.400764,87.395149
717,5.975000,0.013190,0.163193,0.015241,-0.986388,-230.301483,91.394829,87.378006
718,5.983333,0.012646,0.164646,0.015917,-0.986143,-230.386307,91.390289,87.351601
719,5.991667,0.013006,0.165988,0.016621,-0.985902,-230.471542,91.381218,87.323257
720,6.000000,0.013646,0.167015,0.016765,-0.985717,-230.550385,91.367981,87.303833
721,6.008333,0.013775,0.167960,0.016391,-0.985561,-230.626373,91.353485,87.290230
722,6.016667,0.013473,0.168332,0.016460,-0.985501,-230.715210,91.345680,87.283081
723,6.025000,0.013283,0.168963,0.016084,-0.985402,-230.791946,91.333321,87.275291
724,6.033333,0.013155,0.169614,0.015994,-0.985293,-230.868225,91.317238,87.263596
725,6.041667,0.012948,0.170851,0.016110,-0.985080,-230.944687,91.303230,87.244247
726,6.050000,0.012960,0.172291,0.015598,-0.984837,-231.022263,91.287918,87.223801
727,6.058333,0.012829,0.173192,0.015938,-0.984676,-231.108093,91.271713,87.208023
728,6.066667,0.012280,0.174034,0.016088,-0.984532,-231.183365,91.253166,87.192192
729,6.075000,0.012068,0.174675,0.016316,-0.984417,-231.265503,91.233337,87.169548
730,6.083333,0.011901,0.175723,0.016438,-0.984231,-231.344482,91.213066,87.145180
731,6.091667,0.011703,0.176867,0.016587,-0.984025,-231.415100,91.193649,87.129738
732,6.100000,0.011821,0.177761,0.016985,-0.983856,-231.486221,91.175407,87.116920
733,6.108333,0.012117,0.178629,0.016797,-0.983698,-231.563019,91.157265,87.095154
734,6.116667,0.012345,0.179644,0.016261,-0.983520,-231.643799,91.142288,87.067833
735,6.125000,0.011672,0.180325,0.015585,-0.983414,-231.712921,91.126694,87.048294
736,6.133333,0.010304,0.180985,0.014238,-0.983329,-231.776718,91.111633,87.030930
737,6.141667,0.010002,0.182084,0.013995,-0.983133,-231.844040,91.090553,87.010803
738,6.150000,0.009796,0.183130,0.013909,-0.982942,-231.909805,91.069084,86.988670
739,6.158333,0.009827,0.183724,0.013550,-0.982835,-231.973221,91.051262,86.969391
740,6.166667,0.009951,0.183993,0.013177,-0.982789,-232.033966,91.036240,86.952896
741,6.175000,0.010068,0.184745,0.013136,-0.982647,-232.097748,91.022903,86.936943
742,6.183333,0.010248,0.185775,0.013367,-0.982448,-232.165695,91.003212,86.918694
743,6.191667,0.010796,0.186697,0.013301,-0.982268,-232.239487,90.982323,86.894356
744,6.200000,0.010681,0.187537,0.013235,-0.982110,-232.311127,90.955841,86.870399
745,6.208333,0.010646,0.189082,0.014082,-0.981803,-232.391815,90.923492,86.841621
746,6.216667,0.010559,0.190307,0.014129,-0.981566,-232.482559,90.886375,86.802582
747,6.225000,0.009505,0.191157,0.013730,-0.981417,-232.577438,90.826210,86.759979
748,6.233333,0.008501,0.192419,0.013771,-0.981180,-232.672623,90.767159,86.718910
749,6.241667,0.008470,0.193943,0.014442,-0.980870,-232.786392,90.706398,86.680489
750,6.250000,0.007904,0.195161,0.015066,-0.980624,-232.892181,90.653503,86.637070
751,6.258333,0.007493,0.196525,0.014985,-0.980356,-233.009033,90.611275,86.588165
752,6.266667,0.006671,0.198287,0.014967,-0.980007,-233.119781,90.577591,86.540100
753,6.275000,0.005836,0.199877,0.015236,-0.979685,-233.236649,90.551262,86.482162
754,6.283333,0.005999,0.201329,0.014678,-0.979395,-233.362961,90.532791,86.429855
755,6.291667,0.006534,0.203302,0.013774,-0.978997,-233.486481,90.510841,86.375443
756,6.300000,0.005939,0.204917,0.014133,-0.978659,-233.620697,90.501038,86.321838
757,6.308333,0.004593,0.206586,0.014173,-0.978315,-233.748077,90.491104,86.260605
758,6.316667,0.003446,0.208143,0.015027,-0.977977,-233.873123,90.481476,86.205536
759,6.325000,0.003657,0.209703,0.014908,-0.977645,-234.000732,90.468826,86.147682
760,6.333333,0.004380,0.211315,0.014695,-0.977298,-234.114655,90.472473,86.103828
761,6.341667,0.004281,0.213098,0.014580,-0.976913,-234.224655,90.490219,86.052025
762,6.350000,0.003992,0.214140,0.014041,-0.976694,-234.331039,90.499428,85.996117
763,6.358333,0.004030,0.215641,0.014094,-0.976363,-234.426788,90.501007,85.949677
764,6.366667,0.004052,0.217095,0.014371,-0.976036,-234.517288,90.494499,85.906204
765,6.375000,0.004177,0.217823,0.014760,-0.975868,-234.600647,90.484840,85.868851
766,6.383333,0.004221,0.218667,0.014721,-0.975679,-234.683731,90.474930,85.831810
767,6.391667,0.004054,0.220118,0.014517,-0.975357,-234.760574,90.477539,85.792282
768,6.400000,0.004497,0.221240,0.014259,-0.975105,-234.831650,90.489922,85.755608
769,6.408333,0.003660,0.222283,0.015169,-0.974857,-234.905960,90.511116,85.716118
770,6.416667,0.003392,0.223162,0.015450,-0.974653,-234.979248,90.512901,85.678322
771,6.425000,0.003370,0.223998,0.015804,-0.974456,-235.041779,90.507690,85.647346
772,6.433333,0.003471,0.225019,0.016074,-0.974216,-235.097198,90.496559,85.615952
773,6.441667,0.003350,0.226129,0.015897,-0.973962,-235.148529,90.487221,85.588852
774,6.450000,0.003503,0.226513,0.015423,-0.973880,-235.202362,90.485054,85.562492
775,6.458333,0.003817,0.226737,0.015135,-0.973831,-235.256027,90.492180,85.536537
776,6.466667,0.003513,0.227364,0.015145,-0.973686,-235.305069,90.500839,85.507675
777,6.475000,0.003738,0.228225,0.015249,-0.973482,-235.347916,90.506737,85.488342
778,6.483333,0.003357,0.228970,0.015700,-0.973301,-235.386276,90.501854,85.470299
779,6.491667,0.003369,0.229380,0.015894,-0.973201,-235.421631,90.496086,85.454201
780,6.500000,0.003132,0.229728,0.015945,-0.973119,-235.450821,90.488144,85.442039
781,6.508333,0.002702,0.230023,0.015741,-0.973054,-235.473984,90.485588,85.435333
782,6.516667,0.002621,0.230132,0.015672,-0.973030,-235.496597,90.486496,85.425598
783,6.525000,0.002738,0.230354,0.015793,-0.972975,-235.518066,90.492264,85.416977
784,6.533333,0.002978,0.230508,0.015609,-0.972941,-235.533264,90.495476,85.404884
785,6.541667,0.003110,0.230448,0.015640,-0.972954,-235.544632,90.498772,85.397636
786,6.550000,0.003350,0.230583,0.015546,-0.972923,-235.552399,90.497162,85.392509
787,6.558333,0.003332,0.230663,0.015617,-0.972903,-235.554047,90.492577,85.391251
788,6.566667,0.003279,0.230831,0.016125,-0.972855,-235.548065,90.486183,85.392525
789,6.575000,0.003263,0.230776,0.016790,-0.972857,-235.535049,90.480835,85.395485
790,6.583333,0.003134,0.230791,0.017536,-0.972840,-235.520859,90.478531,85.399704
791,6.591667,0.003152,0.230730,0.018218,-0.972842,-235.503143,90.477364,85.401215
792,6.600000,0.003744,0.230969,0.019225,-0.972764,-235.488388,90.473076,85.396065
793,6.608333,0.004516,0.231446,0.019811,-0.972636,-235.475754,90.451141,85.383453
794,6.616667,0.005726,0.231372,0.019652,-0.972650,-235.469742,90.398453,85.367477
795,6.625000,0.005585,0.230721,0.020644,-0.972785,-235.471649,90.385170,85.378265
796,6.633333,0.004658,0.230029,0.021212,-0.972941,-235.470245,90.382278,85.399452
797,6.641667,0.003543,0.229199,0.021259,-0.973141,-235.471939,90.379013,85.431084
798,6.650000,0.002326,0.228090,0.021316,-0.973404,-235.478836,90.376717,85.466179
799,6.658333,0.000615,0.227172,0.021389,-0.973620,-235.485626,90.367851,85.505547
800,6.666667,-0.001975,0.226515,0.020837,-0.973783,-235.498077,90.367119,85.554306
801,6.675000,-0.003859,0.225943,0.021395,-0.973898,-235.511368,90.363586,85.605034
802,6.683333,-0.006132,0.225260,0.021462,-0.974043,-235.524933,90.354294,85.664978
803,6.691667,-0.008606,0.224893,0.020487,-0.974130,-235.546524,90.345993,85.730103
804,6.700000,-0.010629,0.224705,0.019702,-0.974170,-235.570557,90.341873,85.787834
805,6.708333,-0.012322,0.224490,0.019768,-0.974198,-235.585312,90.333900,85.837357
806,6.716667,-0.013301,0.223591,0.020093,-0.974385,-235.588379,90.329872,85.866425
807,6.725000,-0.013893,0.222554,0.020704,-0.974602,-235.580963,90.326851,85.879684
808,6.733333,-0.013594,0.222205,0.021064,-0.974678,-235.570786,90.323769,85.881302
809,6.741667,-0.012963,0.222826,0.021433,-0.974536,-235.559082,90.323082,85.872772
810,6.750000,-0.012207,0.224364,0.021891,-0.974183,-235.544708,90.323296,85.853905
811,6.758333,-0.011625,0.225949,0.021261,-0.973838,-235.528778,90.327263,85.822159
812,6.766667,-0.010948,0.227835,0.021295,-0.973405,-235.511261,90.332344,85.786705
813,6.775000,-0.010422,0.229421,0.021735,-0.973029,-235.510513,90.342155,85.750648
814,6.783333,-0.009275,0.230343,0.021425,-0.972829,-235.526566,90.347710,85.722687
815,6.791667,-0.008600,0.230932,0.020391,-0.972718,-235.559677,90.352417,85.698502
816,6.800000,-0.007927,0.231584,0.020053,-0.972576,-235.593079,90.350021,85.689293
817,6.808333,-0.007790,0.231769,0.019644,-0.972541,-235.617188,90.347404,85.681702
818,6.816667,-0.007518,0.231839,0.019236,-0.972535,-235.630341,90.348633,85.678619
819,6.825000,-0.007749,0.231831,0.019070,-0.972538,-235.633636,90.349495,85.679916
820,6.833333,-0.008089,0.231794,0.019281,-0.972540,-235.625626,90.346069,85.682297
821,6.841667,-0.008142,0.231807,0.019661,-0.972529,-235.611374,90.344749,85.689507
822,6.850000,-0.008221,0.231703,0.020667,-0.972532,-235.587570,90.340652,85.698853
823,6.858333,-0.008832,0.231536,0.020815,-0.972564,-235.554474,90.342613,85.709610
824,6.866667,-0.009534,0.231300,0.021361,-0.972601,-235.527542,90.344658,85.729408
825,6.875000,-0.010441,0.230906,0.021530,-0.972682,-235.513901,90.345444,85.752174
826,6.883333,-0.010352,0.230942,0.022487,-0.972653,-235.514191,90.337952,85.786018
827,6.891667,-0.010761,0.230600,0.023359,-0.972709,-235.514114,90.329979,85.812584
828,6.900000,-0.011315,0.230153,0.023810,-0.972797,-235.503677,90.320679,85.826263
829,6.908333,-0.012375,0.229201,0.022466,-0.973041,-235.493286,90.329002,85.824219
830,6.916667,-0.012548,0.228395,0.022005,-0.973239,-235.485809,90.334114,85.815521
831,6.925000,-0.012025,0.227609,0.021821,-0.973434,-235.494278,90.336884,85.805191
832,6.933333,-0.011322,0.226829,0.021206,-0.973638,-235.514481,90.336136,85.797379
833,6.941667,-0.010942,0.226149,0.020921,-0.973806,-235.528183,90.332642,85.786789
834,6.950000,-0.010618,0.225751,0.021257,-0.973895,-235.530945,90.329704,85.767708
835,6.958333,-0.010018,0.225660,0.021005,-0.973928,-235.534088,90.330452,85.747452
836,6.966667,-0.009512,0.225412,0.020804,-0.973995,-235.548691,90.334274,85.730247
837,6.975000,-0.008990,0.225349,0.020412,-0.974023,-235.561783,90.333206,85.711929
838,6.983333,-0.008436,0.225458,0.020336,-0.974004,-235.569977,90.336037,85.702499
839,6.991667,-0.008519,0.225354,0.020411,-0.974026,-235.569504,90.339310,85.706299
840,7.000000,-0.008854,0.225190,0.020463,-0.974060,-235.557480,90.335335,85.715584
841,7.008333,-0.009134,0.225200,0.020858,-0.974046,-235.543304,90.334663,85.723785
842,7.016667,-0.009421,0.225088,0.021026,-0.974066,-235.535690,90.334846,85.733498
843,7.025000,-0.009716,0.224952,0.020857,-0.974098,-235.539246,90.334526,85.744820
844,7.033333,-0.009980,0.224960,0.020945,-0.974092,-235.540192,90.333336,85.751587
845,7.041667,-0.010243,0.225076,0.020900,-0.974063,-235.530441,90.330330,85.750374
846,7.050000,-0.010283,0.225076,0.020885,-0.974063,-235.529922,90.331024,85.752449
847,7.058333,-0.010082,0.225111,0.020979,-0.974055,-235.533234,90.331406,85.755119
848,7.066667,-0.010106,0.225053,0.021140,-0.974065,-235.530121,90.332764,85.751976
849,7.075000,-0.010040,0.224956,0.021067,-0.974089,-235.533310,90.333023,85.749710
850,7.083333,-0.009922,0.224892,0.020913,-0.974109,-235.534790,90.331741,85.746063
851,7.091667,-0.009717,0.224939,0.020893,-0.974100,-235.539917,90.332329,85.741463
852,7.100000,-0.009606,0.225029,0.020869,-0.974081,-235.541656,90.332512,85.732826
853,7.108333,-0.009463,0.225125,0.020690,-0.974064,-235.547668,90.333092,85.726006
854,7.116667,-0.009156,0.225152,0.020639,-0.974062,-235.551910,90.332008,85.715797
855,7.125000,-0.008698,0.225153,0.020723,-0.974064,-235.555389,90.336594,85.712372
856,7.133333,-0.008990,0.225163,0.020751,-0.974059,-235.550003,90.335724,85.715248
857,7.141667,-0.009118,0.225099,0.020684,-0.974074,-235.549042,90.334671,85.719002
858,7.150000,-0.009270,0.225110,0.020663,-0.974070,-235.547974,90.332863,85.722603
859,7.158333,-0.009541,0.225084,0.020660,-0.974074,-235.548981,90.331810,85.723129
860,7.166667,-0.009406,0.225124,0.020685,-0.974065,-235.549683,90.330330,85.721878
861,7.175000,-0.009259,0.225122,0.020609,-0.974069,-235.551422,90.332207,85.720009
862,7.183333,-0.009235,0.225083,0.020572,-0.974079,-235.552765,90.332047,85.714981
863,7.191667,-0.009144,0.225118,0.020534,-0.974072,-235.551208,90.332092,85.715904
864,7.200000,-0.009125,0.225134,0.020715,-0.974065,-235.550430,90.332909,85.718498
865,7.208333,-0.009238,0.225113,0.020671,-0.974070,-235.548233,90.333153,85.719261
866,7.216667,-0.009129,0.225099,0.020760,-0.974072,-235.549881,90.333313,85.719421
867,7.225000,-0.009248,0.225144,0.020696,-0.974062,-235.549957,90.332573,85.716644
868,7.233333,-0.009198,0.225187,0.020536,-0.974056,-235.551590,90.333359,85.715874
869,7.241667,-0.009214,0.225118,0.020688,-0.974068,-235.550552,90.333542,85.716896
870,7.250000,-0.009073,0.225144,0.020669,-0.974064,-235.550232,90.333572,85.719147
871,7.258333,-0.009180,0.225036,0.020810,-0.974085,-235.550934,90.333466,85.718742
872,7.266667,-0.009079,0.225161,0.020632,-0.974061,-235.551025,90.333435,85.717194
873,7.275000,-0.009186,0.225090,0.020540,-0.974078,-235.552719,90.334373,85.716904
874,7.283333,-0.009222,0.225067,0.020588,-0.974082,-235.550903,90.332893,85.716240
875,7.291667,-0.009230,0.225080,0.020572,-0.974079,-235.550873,90.332581,85.716713
876,7.300000,-0.009125,0.225109,0.020555,-0.974074,-235.551529,90.332970,85.716339
877,7.308333,-0.009151,0.225119,0.020534,-0.974072,-235.551422,90.333130,85.715767
878,7.316667,-0.009234,0.225110,0.020658,-0.974071,-235.551498,90.333076,85.717682
879,7.325000,-0.009171,0.225134,0.020659,-0.974066,-235.550278,90.332321,85.717949
880,7.333333,-0.009142,0.225119,0.020725,-0.974068,-235.550507,90.334961,85.718178
881,7.341667,-0.009137,0.225085,0.020746,-0.974075,-235.550003,90.334641,85.716805
882,7.350000,-0.009160,0.225131,0.020653,-0.974067,-235.549423,90.333679,85.717102
883,7.358333,-0.009163,0.225122,0.020668,-0.974068,-235.549332,90.334076,85.718201
884,7.366667,-0.009028,0.225151,0.020615,-0.974064,-235.550186,90.334480,85.716995
885,7.375000,-0.009079,0.225120,0.020542,-0.974072,-235.550568,90.333641,85.716919
886,7.383333,-0.009215,0.225141,0.020494,-0.974067,-235.549789,90.333359,85.716782
887,7.391667,-0.009297,0.225151,0.020513,-0.974064,-235.550003,90.333832,85.717751
888,7.400000,-0.009168,0.225094,0.020531,-0.974078,-235.551071,90.334564,85.718018
889,7.408333,-0.009123,0.225115,0.020632,-0.974071,-235.549927,90.331856,85.717323
890,7.416667,-0.009148,0.225080,0.020686,-0.974078,-235.550720,90.333298,85.717163
891,7.425000,-0.009135,0.225078,0.020651,-0.974079,-235.550507,90.333588,85.716438
892,7.433333,-0.009085,0.225114,0.020631,-0.974072,-235.550507,90.334488,85.717377
893,7.441667,-0.009117,0.225095,0.020672,-0.974075,-235.550217,90.333328,85.716194
894,7.450000,-0.009140,0.225108,0.020569,-0.974074,-235.550507,90.332993,85.716522
895,7.458333,-0.009139,0.225079,0.020636,-0.974079,-235.551117,90.333649,85.716728
896,7.466667,-0.009123,0.225111,0.020585,-0.974073,-235.549896,90.332863,85.716278
897,7.475000,-0.009002,0.225106,0.020568,-0.974075,-235.550278,90.332886,85.717018
898,7.483333,-0.008985,0.225108,0.020672,-0.974073,-235.550064,90.333015,85.716339
899,7.491667,-0.009091,0.225113,0.020630,-0.974072,-235.549973,90.333656,85.717201
900,7.500000,-0.009080,0.225113,0.020561,-0.974074,-235.549881,90.333687,85.717789
901,7.508333,-0.009269,0.225083,0.020473,-0.974080,-235.549454,90.333488,85.717201
902,7.516667,-0.009131,0.225138,0.020629,-0.974066,-235.550446,90.333099,85.716827
903,7.525000,-0.009103,0.225110,0.020737,-0.974070,-235.549622,90.332741,85.716026
904,7.533333,-0.009089,0.225119,0.020577,-0.974072,-235.549347,90.332596,85.717369
905,7.541667,-0.009218,0.225052,0.020487,-0.974088,-235.550110,90.334770,85.717781
906,7.550000,-0.009176,0.225104,0.020344,-0.974079,-235.549255,90.333824,85.717651
907,7.558333,-0.009116,0.225037,0.020601,-0.974090,-235.549789,90.333588,85.717682
908,7.566667,-0.009066,0.225096,0.020548,-0.974078,-235.550354,90.333580,85.716232
909,7.575000,-0.009215,0.225051,0.020591,-0.974086,-235.550613,90.333542,85.716972
910,7.583333,-0.009157,0.225025,0.020605,-0.974092,-235.549881,90.332993,85.716690
911,7.591667,-0.009226,0.225086,0.020648,-0.974076,-235.549957,90.333191,85.716415
912,7.600000,-0.009192,0.225115,0.020627,-0.974071,-235.550568,90.333549,85.716850
913,7.608333,-0.009289,0.225097,0.020644,-0.974073,-235.550339,90.334297,85.716675
914,7.616667,-0.009171,0.225139,0.020537,-0.974067,-235.550110,90.334618,85.717926
915,7.625000,-0.009135,0.225107,0.020442,-0.974077,-235.549713,90.333977,85.716972
916,7.633333,-0.009206,0.225128,0.020569,-0.974069,-235.549789,90.333832,85.717560
917,7.641667,-0.009263,0.225093,0.020605,-0.974075,-235.549545,90.333847,85.717087
918,7.650000,-0.008980,0.225129,0.020647,-0.974069,-235.549545,90.334717,85.717400
919,7.658333,-0.009169,0.225119,0.020520,-0.974072,-235.550110,90.334824,85.718452
920,7.666667,-0.009185,0.225077,0.020588,-0.974080,-235.549881,90.334030,85.717148
921,7.675000,-0.009218,0.225071,0.020527,-0.974082,-235.550140,90.333214,85.717438
922,7.683333,-0.009073,0.225121,0.020463,-0.974074,-235.550262,90.333023,85.718765
923,7.691667,-0.009166,0.225031,0.020493,-0.974093,-235.550385,90.333382,85.717125
924,7.700000,-0.009190,0.225122,0.020503,-0.974072,-235.550186,90.333458,85.717567
925,7.708333,-0.009028,0.225103,0.020517,-0.974077,-235.550766,90.333809,85.716812
926,7.716667,-0.009140,0.225097,0.020534,-0.974077,-235.550781,90.334007,85.717484
927,7.725000,-0.009078,0.225025,0.020531,-0.974094,-235.550690,90.333740,85.717163
928,7.733333,-0.009034,0.225098,0.020588,-0.974077,-235.551025,90.333412,85.716949
929,7.741667,-0.009171,0.225111,0.020630,-0.974072,-235.551193,90.332718,85.717224
930,7.750000,-0.009102,0.225073,0.020609,-0.974082,-235.550873,90.332916,85.715546
931,7.758333,-0.009180,0.225085,0.020515,-0.974080,-235.550995,90.334244,85.716209
932,7.766667,-0.009092,0.225110,0.020546,-0.974074,-235.550095,90.334419,85.716644
933,7.775000,-0.009186,0.225088,0.020520,-0.974079,-235.550186,90.334160,85.716560
934,7.783333,-0.009187,0.225116,0.020520,-0.974072,-235.550095,90.333870,85.716629
935,7.791667,-0.009251,0.225105,0.020477,-0.974075,-235.549301,90.332855,85.717819
936,7.800000,-0.009126,0.225084,0.020442,-0.974082,-235.550095,90.333740,85.718361
937,7.808333,-0.009192,0.225078,0.020555,-0.974081,-235.549683,90.333626,85.718033
938,7.816667,-0.009172,0.225060,0.020583,-0.974084,-235.550018,90.333580,85.718010
939,7.825000,-0.009193,0.225107,0.020528,-0.974074,-235.549927,90.333237,85.717621
940,7.833333,-0.009095,0.225128,0.020500,-0.974071,-235.550720,90.333847,85.717697
941,7.841667,-0.009028,0.225157,0.020485,-0.974065,-235.551498,90.334030,85.717979
942,7.850000,-0.009148,0.225119,0.020463,-0.974074,-235.550262,90.333351,85.716423
943,7.858333,-0.009128,0.225098,0.020429,-0.974079,-235.550827,90.332611,85.716988
944,7.866667,-0.009213,0.225132,0.020433,-0.974071,-235.551361,90.333344,85.716866
945,7.875000,-0.009308,0.225134,0.020511,-0.974068,-235.551285,90.334114,85.717171
946,7.883333,-0.009213,0.225089,0.020485,-0.974079,-235.551926,90.333046,85.716888
947,7.891667,-0.009037,0.225113,0.020472,-0.974076,-235.551453,90.332886,85.716881
948,7.900000,-0.008965,0.225081,0.020672,-0.974079,-235.552002,90.332581,85.717003
949,7.908333,-0.009078,0.225111,0.020539,-0.974074,-235.551834,90.333755,85.716515
950,7.916667,-0.009188,0.225190,0.020548,-0.974055,-235.550766,90.333672,85.716537
951,7.925000,-0.009247,0.225180,0.020610,-0.974055,-235.550644,90.333923,85.716293
952,7.933333,-0.009236,0.225086,0.020604,-0.974077,-235.550354,90.333855,85.716591
953,7.941667,-0.009361,0.225038,0.020719,-0.974085,-235.550781,90.332275,85.716492
954,7.950000,-0.009263,0.225093,0.020624,-0.974075,-235.550949,90.333954,85.717606
955,7.958333,-0.009173,0.225139,0.020575,-0.974066,-235.550720,90.333496,85.718712
956,7.966667,-0.009154,0.225090,0.020555,-0.974078,-235.551285,90.332672,85.718102
957,7.975000,-0.009214,0.225119,0.020464,-0.974073,-235.551285,90.333290,85.717361
958,7.983333,-0.009133,0.225107,0.020481,-0.974076,-235.552292,90.332535,85.717018
959,7.991667,-0.009138,0.225092,0.020562,-0.974078,-235.551880,90.333115,85.717461
960,8.000000,-0.009197,0.225055,0.020682,-0.974083,-235.552597,90.333862,85.718285
961,8.008333,-0.009258,0.225049,0.020783,-0.974082,-235.553162,90.333786,85.716782
962,8.016667,-0.009298,0.225100,0.020569,-0.974074,-235.552399,90.333214,85.715935
963,8.025000,-0.009272,0.225147,0.020632,-0.974062,-235.553116,90.332619,85.716911
964,8.033333,-0.009179,0.225072,0.020543,-0.974082,-235.552948,90.332588,85.716965
965,8.041667,-0.009144,0.225108,0.020617,-0.974073,-235.553665,90.333488,85.717186
966,8.050000,-0.009220,0.225078,0.020668,-0.974078,-235.553452,90.333435,85.716385
967,8.058333,-0.009286,0.225148,0.020450,-0.974066,-235.552429,90.333282,85.716019
968,8.066667,-0.009250,0.225199,0.020602,-0.974051,-235.552475,90.332802,85.715813
969,8.075000,-0.009106,0.225190,0.020507,-0.974056,-235.552475,90.332680,85.716530
970,8.083333,-0.009259,0.225130,0.020598,-0.974067,-235.552170,90.333138,85.717331
971,8.091667,-0.009193,0.225117,0.020623,-0.974070,-235.551361,90.333191,85.716454
972,8.100000,-0.009163,0.225144,0.020548,-0.974066,-235.551376,90.332710,85.716171
973,8.108333,-0.009204,0.225111,0.020657,-0.974071,-235.550720,90.333336,85.716942
974,8.116667,-0.009197,0.225137,0.020557,-0.974067,-235.550095,90.333847,85.717133
975,8.125000,-0.009254,0.225105,0.020565,-0.974073,-235.550613,90.333778,85.717270
976,8.133333,-0.009278,0.225127,0.020563,-0.974068,-235.550781,90.333008,85.716042
977,8.141667,-0.009279,0.225141,0.020656,-0.974063,-235.551910,90.333252,85.717010
978,8.150000,-0.009252,0.225073,0.020506,-0.974082,-235.551041,90.331612,85.716400
979,8.158333,-0.009221,0.225100,0.020486,-0.974077,-235.551804,90.333466,85.716698
980,8.166667,-0.009277,0.225102,0.020417,-0.974077,-235.552567,90.333420,85.716537
981,8.175000,-0.009192,0.225127,0.020605,-0.974068,-235.552353,90.333145,85.715553
982,8.183333,-0.009129,0.225074,0.020578,-0.974082,-235.552353,90.333351,85.716721
983,8.191667,-0.009126,0.225089,0.020618,-0.974077,-235.552628,90.332481,85.717010
984,8.200000,-0.009179,0.225087,0.020607,-0.974078,-235.552139,90.332901,85.716156
985,8.208333,-0.009113,0.225109,0.020603,-0.974073,-235.552795,90.332687,85.717049
986,8.216667,-0.009229,0.225089,0.020420,-0.974081,-235.551666,90.332466,85.717438
987,8.225000,-0.009088,0.225120,0.020708,-0.974069,-235.551971,90.333023,85.717354
988,8.233333,-0.009076,0.225118,0.020563,-0.974072,-235.551620,90.333672,85.717155
989,8.241667,-0.009156,0.225084,0.020752,-0.974075,-235.550858,90.333511,85.717323
990,8.250000,-0.009185,0.225086,0.020562,-0.974079,-235.550766,90.333336,85.716637
991,8.258333,-0.009242,0.225139,0.020453,-0.974068,-235.550766,90.333817,85.716835
992,8.266667,-0.009139,0.225126,0.020471,-0.974072,-235.550812,90.333382,85.716965
993,8.275000,-0.009101,0.225067,0.020598,-0.974083,-235.550552,90.333275,85.716011
994,8.283333,-0.009134,0.225150,0.020532,-0.974065,-235.550827,90.333694,85.717049
995,8.291667,-0.009261,0.225159,0.020574,-0.974061,-235.551315,90.334282,85.716530
996,8.300000,-0.009150,0.225076,0.020738,-0.974077,-235.551239,90.332405,85.715668
997,8.308333,-0.009063,0.225151,0.020565,-0.974065,-235.551117,90.333450,85.716736
998,8.316667,-0.009008,0.225190,0.020543,-0.974057,-235.551483,90.333755,85.716095
999,8.325000,-0.008916,0.225167,0.020566,-0.974062,-235.551453,90.333733,85.715523
1000,8.333333,-0.009068,0.225104,0.020516,-0.974077,-235.551407,90.334320,85.715065
1001,8.341667,-0.009028,0.225130,0.020646,-0.974068,-235.551270,90.334305,85.715607
1002,8.350000,-0.009114,0.225167,0.020409,-0.974064,-235.550446,90.333488,85.715607
1003,8.358333,-0.009182,0.225079,0.020544,-0.974081,-235.549835,90.332954,85.716232
1004,8.366667,-0.009203,0.225117,0.020532,-0.974072,-235.550049,90.333420,85.715973
1005,8.375000,-0.009181,0.225091,0.020531,-0.974078,-235.549332,90.332428,85.715553
1006,8.383333,-0.009141,0.225134,0.020526,-0.974069,-235.549469,90.332863,85.716293
1007,8.391667,-0.009137,0.225150,0.020442,-0.974067,-235.549347,90.332642,85.715698
1008,8.400000,-0.009127,0.225126,0.020508,-0.974071,-235.549042,90.332474,85.714531
1009,8.408333,-0.009164,0.225123,0.020555,-0.974070,-235.549576,90.333305,85.715942
1010,8.416667,-0.009212,0.225129,0.020592,-0.974068,-235.549255,90.334221,85.714813
1011,8.425000,-0.009164,0.225144,0.020690,-0.974063,-235.549515,90.334305,85.714119
1012,8.433333,-0.009115,0.225133,0.020595,-0.974068,-235.549133,90.333328,85.713287
1013,8.441667,-0.009221,0.225086,0.020571,-0.974078,-235.549210,90.333084,85.713631
1014,8.450000,-0.009199,0.225187,0.020378,-0.974059,-235.549377,90.333679,85.713936
1015,8.458333,-0.009181,0.225089,0.020512,-0.974079,-235.548401,90.332726,85.713127
1016,8.466667,-0.009147,0.225152,0.020454,-0.974066,-235.548355,90.333969,85.714134
1017,8.475000,-0.009149,0.225097,0.020585,-0.974076,-235.548065,90.333992,85.713539
1018,8.483333,-0.009139,0.225148,0.020722,-0.974061,-235.547760,90.334587,85.713440
1019,8.491667,-0.009261,0.225258,0.020721,-0.974035,-235.547897,90.334885,85.713943
1020,8.500000,-0.009363,0.225197,0.020652,-0.974049,-235.547729,90.334763,85.712967
1021,8.508333,-0.009243,0.225144,0.020586,-0.974064,-235.547668,90.334892,85.713837
1022,8.516667,-0.009237,0.225133,0.020680,-0.974065,-235.547089,90.334946,85.713005
1023,8.525000,-0.009160,0.225166,0.020593,-0.974060,-235.547180,90.334305,85.713318
1024,8.533333,-0.009116,0.225103,0.020588,-0.974075,-235.548309,90.335052,85.713493
1025,8.541667,-0.009138,0.225150,0.020692,-0.974061,-235.548309,90.335587,85.713394
1026,8.550000,-0.009097,0.225183,0.020604,-0.974056,-235.548996,90.334717,85.714104
1027,8.558333,-0.009292,0.225138,0.020627,-0.974064,-235.547806,90.333900,85.713455
1028,8.566667,-0.009209,0.225181,0.020663,-0.974054,-235.547287,90.335335,85.714066
1029,8.575000,-0.009174,0.225113,0.020768,-0.974068,-235.547424,90.335007,85.713593
1030,8.583333,-0.009188,0.225183,0.020638,-0.974055,-235.547119,90.333733,85.713509
1031,8.591667,-0.009284,0.225105,0.020783,-0.974069,-235.547562,90.334106,85.713921
1032,8.600000,-0.009201,0.225117,0.020664,-0.974069,-235.547333,90.333725,85.713516
1033,8.608333,-0.009197,0.225131,0.020517,-0.974069,-235.547821,90.334427,85.713593
1034,8.616667,-0.009182,0.225153,0.020674,-0.974061,-235.546875,90.334183,85.713814
1035,8.625000,-0.009305,0.225181,0.020566,-0.974056,-235.547089,90.335152,85.713684
1036,8.633333,-0.009404,0.225221,0.020616,-0.974044,-235.547211,90.335358,85.714813
1037,8.641667,-0.009315,0.225162,0.020715,-0.974057,-235.546066,90.334831,85.714355
1038,8.650000,-0.009248,0.225147,0.020574,-0.974064,-235.546799,90.333969,85.714439
1039,8.658333,-0.009267,0.225145,0.020676,-0.974062,-235.546204,90.335152,85.714127
1040,8.666667,-0.009264,0.225161,0.020759,-0.974056,-235.546570,90.335541,85.713669
1041,8.675000,-0.009202,0.225158,0.020753,-0.974058,-235.546616,90.335770,85.713196
1042,8.683333,-0.009308,0.225125,0.020752,-0.974065,-235.546249,90.335068,85.712120
1043,8.691667,-0.009316,0.225149,0.020778,-0.974058,-235.547012,90.335472,85.712608
1044,8.700000,-0.009344,0.225161,0.020572,-0.974060,-235.547348,90.336151,85.712326
1045,8.708333,-0.009160,0.225142,0.020641,-0.974064,-235.547974,90.334595,85.712502
1046,8.716667,-0.009230,0.225077,0.020861,-0.974074,-235.548218,90.334770,85.712227
1047,8.725000,-0.009291,0.225175,0.020864,-0.974051,-235.547943,90.335907,85.712875
1048,8.733333,-0.009311,0.225147,0.020650,-0.974061,-235.548233,90.334801,85.712990
1049,8.741667,-0.009425,0.225106,0.020588,-0.974071,-235.548523,90.334457,85.711891
1050,8.750000,-0.009332,0.225171,0.020697,-0.974055,-235.548904,90.336617,85.713463
1051,8.758333,-0.009427,0.225113,0.020766,-0.974066,-235.548050,90.335602,85.713036
1052,8.766667,-0.009259,0.225117,0.020784,-0.974066,-235.547043,90.334541,85.713615
1053,8.775000,-0.009312,0.225140,0.020814,-0.974060,-235.547089,90.335342,85.714104
1054,8.783333,-0.009339,0.225165,0.020829,-0.974053,-235.546234,90.336319,85.713921
1055,8.791667,-0.009281,0.225135,0.020652,-0.974064,-235.545471,90.335754,85.714577
1056,8.800000,-0.009297,0.225050,0.020856,-0.974080,-235.545639,90.334389,85.714088
1057,8.808333,-0.009512,0.225148,0.020805,-0.974056,-235.545212,90.334686,85.713783
1058,8.816667,-0.009416,0.225181,0.020793,-0.974050,-235.545853,90.335175,85.714516
1059,8.825000,-0.009314,0.225140,0.020707,-0.974062,-235.545761,90.334122,85.713852
1060,8.833333,-0.009306,0.225098,0.020718,-0.974071,-235.546158,90.335739,85.713753
1061,8.841667,-0.009242,0.225129,0.020794,-0.974063,-235.545807,90.335999,85.713951
1062,8.850000,-0.009377,0.225138,0.020813,-0.974059,-235.545868,90.335175,85.713486
1063,8.858333,-0.009395,0.225134,0.020780,-0.974061,-235.545868,90.335716,85.713165
1064,8.866667,-0.009386,0.225153,0.020798,-0.974056,-235.545639,90.334167,85.712570
1065,8.875000,-0.009466,0.225158,0.020654,-0.974057,-235.546280,90.335670,85.713753
1066,8.883333,-0.009263,0.225130,0.020809,-0.974063,-235.545898,90.335777,85.713020
1067,8.891667,-0.009337,0.225170,0.020844,-0.974052,-235.546112,90.335197,85.712639
1068,8.900000,-0.009179,0.225087,0.020829,-0.974073,-235.545517,90.335777,85.712784
1069,8.908333,-0.008882,0.225167,0.020874,-0.974056,-235.545898,90.337593,85.713104
1070,8.916667,-0.009169,0.225164,0.020736,-0.974057,-235.545044,90.336502,85.712524
1071,8.925000,-0.009210,0.225163,0.020721,-0.974057,-235.544586,90.336189,85.713280
1072,8.933333,-0.009344,0.225123,0.020800,-0.974064,-235.544617,90.335388,85.712883
1073,8.941667,-0.009318,0.225143,0.020749,-0.974060,-235.544937,90.336571,85.713036
1074,8.950000,-0.009280,0.225110,0.020679,-0.974070,-235.544632,90.335144,85.713211
1075,8.958333,-0.009309,0.225195,0.020646,-0.974050,-235.544922,90.336975,85.714378
1076,8.966667,-0.009299,0.225116,0.020531,-0.974071,-235.544464,90.335510,85.713730
1077,8.975000,-0.009217,0.225086,0.020695,-0.974076,-235.545044,90.335587,85.712990
1078,8.983333,-0.009334,0.225111,0.020807,-0.974066,-235.544830,90.335274,85.712029
1079,8.991667,-0.009391,0.225186,0.020805,-0.974048,-235.545090,90.336021,85.712860
1080,9.000000,-0.009226,0.225198,0.020800,-0.974047,-235.545700,90.336052,85.712036
1081,9.008333,-0.009203,0.225095,0.020882,-0.974070,-235.546158,90.335732,85.712250
1082,9.016667,-0.009275,0.225117,0.020807,-0.974065,-235.546539,90.335724,85.712776
1083,9.025000,-0.009276,0.225109,0.020779,-0.974068,-235.547043,90.334732,85.712730
1084,9.033333,-0.009340,0.225141,0.020740,-0.974061,-235.547821,90.335793,85.713043
1085,9.041667,-0.009330,0.225187,0.020667,-0.974052,-235.547852,90.336517,85.713417
1086,9.050000,-0.009189,0.225176,0.020749,-0.974054,-235.548309,90.337189,85.712990
1087,9.058333,-0.009386,0.225123,0.020808,-0.974063,-235.548279,90.335480,85.712036
1088,9.066667,-0.009325,0.225148,0.020766,-0.974059,-235.548401,90.335419,85.712524
1089,9.075000,-0.009440,0.225166,0.020734,-0.974054,-235.548370,90.334717,85.712860
1090,9.083333,-0.009388,0.225156,0.020716,-0.974057,-235.549133,90.334305,85.713699
1091,9.091667,-0.009303,0.225112,0.020841,-0.974066,-235.548874,90.335236,85.714195
1092,9.100000,-0.009374,0.225138,0.020739,-0.974061,-235.548233,90.335014,85.713638
1093,9.108333,-0.009229,0.225128,0.020670,-0.974066,-235.548355,90.334541,85.713547
1094,9.116667,-0.009193,0.225145,0.020749,-0.974061,-235.549301,90.335426,85.714058
1095,9.125000,-0.009274,0.225108,0.020779,-0.974068,-235.548874,90.335175,85.713440
1096,9.133333,-0.009304,0.225119,0.020840,-0.974064,-235.549881,90.336121,85.713509
1097,9.141667,-0.009351,0.225098,0.020735,-0.974071,-235.550217,90.334946,85.712463
1098,9.150000,-0.009255,0.225141,0.020569,-0.974065,-235.551697,90.335129,85.712830
1099,9.158333,-0.009323,0.225119,0.020579,-0.974069,-235.552841,90.334595,85.712189
1100,9.166667,-0.009251,0.225137,0.020735,-0.974063,-235.553864,90.334305,85.711929
1101,9.175000,-0.008988,0.225186,0.020818,-0.974052,-235.555847,90.339325,85.712769
1102,9.183333,-0.009121,0.225141,0.020772,-0.974062,-235.555145,90.337730,85.711578
