Format Version,1.25,Take Name,G2 ML Take 2025-11-28_00_083,Take Notes,,Capture Frame Rate,120.000000,Export Frame Rate,120.000000,Capture Start Time,2025-11-28 05.55.51.094 PM,Capture Start Frame,2807558,Total Frames in Take,1042,Total Exported Frames,1042,Rotation Type,Quaternion,Length Units,Centimeters,Coordinate Space,Global

,Type,Rigid Body,Rigid Body,Rigid Body,Rigid Body,Rigid Body,Rigid Body,Rigid Body
,Name,SEE_small,SEE_small,SEE_small,SEE_small,SEE_small,SEE_small,SEE_small
,ID,E70901BFC9E711F031C44B617C101B92,E70901BFC9E711F031C44B617C101B92,E70901BFC9E711F031C44B617C101B92,E70901BFC9E711F031C44B617C101B92,E70901BFC9E711F031C44B617C101B92,E70901BFC9E711F031C44B617C101B92,E70901BFC9E711F031C44B617C101B92
,Parent,,,,,,,
,,Rotation,Rotation,Rotation,Rotation,Position,Position,Position
Frame,Time (Seconds),X,Y,Z,W,X,Y,Z
0,0.000000,0.031096,0.294759,-0.047271,0.953895,-218.937714,84.546059,85.292114
1,0.008333,0.031056,0.294871,-0.047106,0.953870,-218.937927,84.545815,85.291740
2,0.016667,0.031171,0.294901,-0.047134,0.953856,-218.937134,84.545715,85.291359
3,0.025000,0.031118,0.294834,-0.047122,0.953878,-218.937561,84.544998,85.291405
4,0.033333,0.031127,0.294847,-0.047136,0.953874,-218.937653,84.546082,85.290291
5,0.041667,0.030953,0.294763,-0.047310,0.953896,-218.937042,84.545311,85.290001
6,0.050000,0.031130,0.294744,-0.047015,0.953911,-218.936707,84.545364,85.290169
7,0.058333,0.031283,0.294774,-0.046856,0.953905,-218.936539,84.545044,85.290894
8,0.066667,0.031225,0.294758,-0.046686,0.953920,-218.936462,84.545387,85.291656
9,0.075000,0.031046,0.294829,-0.047031,0.953887,-218.936340,84.545799,85.291512
10,0.083333,0.030983,0.294805,-0.046999,0.953898,-218.936661,84.545555,85.292145
11,0.091667,0.031016,0.294875,-0.047139,0.953868,-218.936951,84.545700,85.291412
12,0.100000,0.031144,0.294812,-0.047270,0.953877,-218.937088,84.545532,85.291153
13,0.108333,0.031069,0.294825,-0.047002,0.953889,-218.937607,84.545433,85.291306
14,0.116667,0.031046,0.294783,-0.047170,0.953894,-218.937302,84.544411,85.291588
15,0.125000,0.031179,0.294884,-0.046878,0.953873,-218.938354,84.545364,85.291611
16,0.133333,0.031196,0.294858,-0.046970,0.953876,-218.937729,84.545403,85.291061
17,0.141667,0.031149,0.294872,-0.047001,0.953872,-218.938232,84.545143,85.291428
18,0.150000,0.031110,0.294872,-0.046944,0.953876,-218.938400,84.545654,85.290955
19,0.158333,0.031110,0.294849,-0.046994,0.953880,-218.937988,84.544853,85.290070
20,0.166667,0.031197,0.294769,-0.047081,0.953898,-218.937729,84.544930,85.292152
21,0.175000,0.031001,0.294801,-0.047103,0.953893,-218.937637,84.544846,85.290474
22,0.183333,0.030992,0.294808,-0.047038,0.953895,-218.937271,84.544868,85.291237
23,0.191667,0.031180,0.294844,-0.046905,0.953884,-218.936630,84.545029,85.292076
24,0.200000,0.031225,0.294843,-0.047064,0.953875,-218.935638,84.545174,85.292259
25,0.208333,0.031239,0.294798,-0.047031,0.953890,-218.936188,84.544907,85.292274
26,0.216667,0.031214,0.294857,-0.047031,0.953873,-218.936401,84.545502,85.290840
27,0.225000,0.031034,0.294794,-0.047250,0.953887,-218.936966,84.545006,85.291382
28,0.233333,0.030988,0.294770,-0.047234,0.953897,-218.936539,84.545776,85.291382
29,0.241667,0.031056,0.294839,-0.047417,0.953865,-218.936447,84.546158,85.291122
30,0.250000,0.031036,0.294831,-0.047290,0.953874,-218.936798,84.545441,85.292801
31,0.258333,0.031151,0.294839,-0.047152,0.953875,-218.936966,84.543961,85.293159
32,0.266667,0.031103,0.294818,-0.047032,0.953888,-218.937271,84.543816,85.293945
33,0.275000,0.031239,0.294839,-0.046918,0.953883,-218.937271,84.544220,85.294128
34,0.283333,0.031351,0.294860,-0.046923,0.953873,-218.937088,84.544411,85.292664
35,0.291667,0.031217,0.294823,-0.046924,0.953888,-218.937393,84.544167,85.292519
36,0.300000,0.031055,0.294853,-0.047015,0.953880,-218.937424,84.544106,85.292427
37,0.308333,0.031145,0.294841,-0.047182,0.953872,-218.937439,84.543831,85.292900
38,0.316667,0.031142,0.294844,-0.047146,0.953874,-218.937225,84.544441,85.292458
39,0.325000,0.030907,0.294847,-0.047261,0.953874,-218.937943,84.546379,85.291809
40,0.333333,0.030825,0.294883,-0.047363,0.953861,-218.938065,84.546371,85.290703
41,0.341667,0.031044,0.294872,-0.047242,0.953863,-218.937927,84.547157,85.290070
42,0.350000,0.031140,0.294848,-0.047132,0.953873,-218.938141,84.544907,85.289505
43,0.358333,0.031160,0.294844,-0.047026,0.953879,-218.938446,84.544044,85.288704
44,0.366667,0.031260,0.294837,-0.046989,0.953880,-218.938690,84.544319,85.288414
45,0.375000,0.031357,0.294821,-0.047075,0.953877,-218.938492,84.543404,85.288551
46,0.383333,0.031141,0.294816,-0.046778,0.953900,-218.938034,84.542938,85.288712
47,0.391667,0.031238,0.294847,-0.046564,0.953898,-218.938019,84.543274,85.289581
48,0.400000,0.031228,0.294788,-0.046716,0.953909,-218.937637,84.543015,85.290184
49,0.408333,0.031239,0.294805,-0.046738,0.953902,-218.937256,84.543365,85.290955
50,0.416667,0.031231,0.294777,-0.047022,0.953897,-218.937378,84.543518,85.291771
51,0.425000,0.031069,0.294790,-0.047213,0.953889,-218.936279,84.545036,85.292145
52,0.433333,0.031054,0.294860,-0.047059,0.953876,-218.936417,84.546402,85.293083
53,0.441667,0.031102,0.294878,-0.046954,0.953874,-218.937225,84.546127,85.293030
54,0.450000,0.031132,0.294771,-0.047121,0.953898,-218.937683,84.544800,85.293755
55,0.458333,0.031076,0.294862,-0.047119,0.953871,-218.937347,84.545448,85.293640
56,0.466667,0.031170,0.294833,-0.047245,0.953871,-218.937424,84.546303,85.293777
57,0.475000,0.031058,0.294769,-0.047382,0.953888,-218.937653,84.545700,85.293106
58,0.483333,0.031029,0.294815,-0.047420,0.953873,-218.937759,84.544823,85.292854
59,0.491667,0.031110,0.294772,-0.047184,0.953895,-218.937988,84.544334,85.292091
60,0.500000,0.031228,0.294755,-0.046935,0.953909,-218.938629,84.544762,85.290314
61,0.508333,0.031344,0.294743,-0.046818,0.953914,-218.938583,84.543747,85.289764
62,0.516667,0.031320,0.294709,-0.046794,0.953927,-218.937653,84.543480,85.288704
63,0.525000,0.031231,0.294788,-0.047077,0.953891,-218.937592,84.544319,85.288300
64,0.533333,0.031050,0.294778,-0.046957,0.953906,-218.937683,84.545807,85.288925
65,0.541667,0.031072,0.294827,-0.046879,0.953894,-218.936752,84.546387,85.288040
66,0.550000,0.031162,0.294823,-0.046820,0.953895,-218.936707,84.544586,85.288734
67,0.558333,0.031248,0.294879,-0.046979,0.953867,-218.936340,84.544197,85.289490
68,0.566667,0.031164,0.294833,-0.047085,0.953879,-218.936569,84.544975,85.290298
69,0.575000,0.031065,0.294755,-0.047082,0.953907,-218.936493,84.545639,85.289810
70,0.583333,0.031038,0.294799,-0.047138,0.953891,-218.936539,84.546158,85.290169
71,0.591667,0.031079,0.294839,-0.046983,0.953885,-218.937439,84.545509,85.291122
72,0.600000,0.031122,0.294850,-0.046911,0.953884,-218.936951,84.545425,85.290611
73,0.608333,0.031257,0.294797,-0.046852,0.953899,-218.937637,84.545258,85.291084
74,0.616667,0.031224,0.294826,-0.046764,0.953895,-218.937134,84.544907,85.292015
75,0.625000,0.031070,0.294820,-0.046989,0.953891,-218.936340,84.543449,85.292099
76,0.633333,0.031178,0.294848,-0.046781,0.953889,-218.937164,84.544563,85.293236
77,0.641667,0.031210,0.294840,-0.046910,0.953884,-218.936508,84.543442,85.292740
78,0.650000,0.031285,0.294768,-0.046885,0.953905,-218.936737,84.543297,85.292717
79,0.658333,0.031213,0.294789,-0.046761,0.953907,-218.936569,84.544083,85.292397
80,0.666667,0.031176,0.294826,-0.046882,0.953891,-218.935806,84.545502,85.292221
81,0.675000,0.031202,0.294826,-0.046973,0.953886,-218.935181,84.544662,85.292747
82,0.683333,0.031275,0.294821,-0.046632,0.953902,-218.935440,84.544525,85.292366
83,0.691667,0.031309,0.294834,-0.046545,0.953901,-218.935577,84.543884,85.292534
84,0.700000,0.031335,0.294768,-0.046748,0.953910,-218.935318,84.543129,85.291153
85,0.708333,0.031214,0.294812,-0.046794,0.953898,-218.935150,84.544044,85.290520
86,0.716667,0.031117,0.294855,-0.046725,0.953892,-218.935349,84.543571,85.290421
87,0.725000,0.031225,0.294867,-0.046847,0.953878,-218.935272,84.543983,85.289673
88,0.733333,0.031280,0.294785,-0.046923,0.953898,-218.934921,84.543678,85.291405
89,0.741667,0.031276,0.294705,-0.047080,0.953915,-218.935471,84.543701,85.291382
90,0.750000,0.031048,0.294878,-0.046746,0.953886,-218.937256,84.544289,85.291199
91,0.758333,0.031125,0.294920,-0.046707,0.953872,-218.937729,84.544456,85.291397
92,0.766667,0.031055,0.294948,-0.046753,0.953864,-218.941422,84.543434,85.290871
93,0.775000,0.031779,0.294553,-0.048427,0.953878,-218.945267,84.533165,85.297249
94,0.783333,0.031045,0.294913,-0.046744,0.953875,-218.952301,84.537376,85.294327
95,0.791667,0.031408,0.294526,-0.047513,0.953945,-218.959732,84.527939,85.301582
96,0.800000,0.031101,0.294858,-0.046312,0.953911,-218.965561,84.532387,85.297714
97,0.808333,0.031489,0.294646,-0.047274,0.953917,-218.970352,84.525085,85.302200
98,0.816667,0.030644,0.294728,-0.048544,0.953855,-218.973969,84.512894,85.309418
99,0.825000,0.030094,0.294765,-0.048984,0.953839,-218.976089,84.509621,85.310188
100,0.833333,0.029921,0.294845,-0.048545,0.953842,-218.979462,84.509247,85.309341
101,0.841667,0.031339,0.294896,-0.047569,0.953830,-218.983246,84.517021,85.303848
102,0.850000,0.031673,0.294647,-0.047338,0.953907,-218.987030,84.518791,85.298538
103,0.858333,0.031434,0.294485,-0.047547,0.953955,-218.988419,84.517868,85.297997
104,0.866667,0.030499,0.294813,-0.048080,0.953857,-218.989822,84.511772,85.302979
105,0.875000,0.031099,0.294857,-0.047708,0.953843,-218.991211,84.515671,85.303871
106,0.883333,0.030561,0.294888,-0.047767,0.953848,-218.990570,84.511894,85.306145
107,0.891667,0.030187,0.294938,-0.047711,0.953847,-218.989868,84.508972,85.306786
108,0.900000,0.030003,0.294838,-0.047723,0.953883,-218.991608,84.506378,85.307266
109,0.908333,0.031280,0.294825,-0.047102,0.953877,-218.991806,84.514687,85.302696
110,0.916667,0.030566,0.294888,-0.047278,0.953872,-218.992737,84.512535,85.307213
111,0.925000,0.029912,0.294841,-0.047795,0.953881,-218.991348,84.508118,85.307785
112,0.933333,0.029784,0.294880,-0.047996,0.953863,-218.992432,84.507225,85.308083
113,0.941667,0.029772,0.294834,-0.047724,0.953892,-218.992188,84.508331,85.308861
114,0.950000,0.029881,0.294798,-0.047884,0.953891,-218.991760,84.508781,85.308731
115,0.958333,0.029952,0.294764,-0.047968,0.953895,-218.992828,84.509483,85.308907
116,0.966667,0.029856,0.294783,-0.047988,0.953891,-218.992432,84.510292,85.309341
117,0.975000,0.031139,0.294885,-0.047336,0.953851,-218.996124,84.515526,85.304245
118,0.983333,0.030714,0.294901,-0.047527,0.953851,-218.997437,84.509834,85.306770
119,0.991667,0.030103,0.294972,-0.047322,0.953859,-218.997787,84.505608,85.308228
120,1.000000,0.029857,0.294822,-0.047264,0.953915,-218.999268,84.505249,85.308807
121,1.008333,0.029846,0.294915,-0.047434,0.953879,-219.000153,84.505989,85.307381
122,1.016667,0.029775,0.294873,-0.047549,0.953888,-219.003479,84.506264,85.307732
123,1.025000,0.029752,0.294954,-0.047507,0.953866,-219.003922,84.507675,85.306923
124,1.033333,0.029678,0.294864,-0.047682,0.953887,-219.004318,84.508850,85.307381
125,1.041667,0.029751,0.294877,-0.047435,0.953893,-219.004242,84.508255,85.307693
126,1.050000,0.029913,0.294849,-0.047403,0.953898,-219.003754,84.508713,85.306992
127,1.058333,0.029861,0.294922,-0.047563,0.953870,-219.003250,84.507042,85.307487
128,1.066667,0.029874,0.295000,-0.047480,0.953849,-219.004852,84.506195,85.306831
129,1.075000,0.029942,0.294929,-0.047195,0.953883,-219.005753,84.505966,85.306000
130,1.083333,0.029845,0.294897,-0.047116,0.953900,-219.006653,84.506050,85.305855
131,1.091667,0.029831,0.294873,-0.046893,0.953919,-219.009048,84.505409,85.307045
132,1.100000,0.029792,0.294916,-0.046946,0.953904,-219.010468,84.505203,85.308342
133,1.108333,0.029640,0.295029,-0.046975,0.953873,-219.011612,84.504791,85.307816
134,1.116667,0.029592,0.294977,-0.047028,0.953887,-219.012161,84.504761,85.307739
135,1.125000,0.029663,0.294825,-0.047038,0.953932,-219.012497,84.504578,85.307610
136,1.133333,0.029601,0.294896,-0.047260,0.953901,-219.012161,84.505188,85.306946
137,1.141667,0.029563,0.294908,-0.047311,0.953896,-219.012589,84.506081,85.307549
138,1.150000,0.029535,0.294957,-0.047376,0.953878,-219.012665,84.506462,85.306969
139,1.158333,0.029453,0.294934,-0.047386,0.953887,-219.012634,84.505234,85.308228
140,1.166667,0.029641,0.294860,-0.047173,0.953915,-219.012863,84.506172,85.307884
141,1.175000,0.029545,0.294904,-0.047143,0.953906,-219.011902,84.506500,85.306931
142,1.183333,0.029484,0.294892,-0.047254,0.953906,-219.011185,84.503433,85.307632
143,1.191667,0.029522,0.294957,-0.047372,0.953879,-219.011429,84.503326,85.304794
144,1.200000,0.029626,0.294860,-0.047203,0.953914,-219.012329,84.504822,85.305855
145,1.208333,0.029641,0.294883,-0.047220,0.953905,-219.012100,84.506065,85.306076
146,1.216667,0.029550,0.294916,-0.047402,0.953889,-219.011765,84.506874,85.306480
147,1.225000,0.029565,0.294945,-0.047275,0.953886,-219.012070,84.506737,85.306725
148,1.233333,0.029523,0.294902,-0.047352,0.953897,-219.012619,84.505844,85.306564
149,1.241667,0.029546,0.294876,-0.047196,0.953912,-219.013077,84.505760,85.305946
150,1.250000,0.029614,0.294885,-0.047214,0.953906,-219.013168,84.506760,85.306519
151,1.258333,0.029652,0.294926,-0.047334,0.953886,-219.013596,84.507622,85.305748
152,1.266667,0.029701,0.294941,-0.047168,0.953888,-219.013901,84.506500,85.306343
153,1.275000,0.029696,0.294886,-0.047000,0.953914,-219.013214,84.504837,85.306450
154,1.283333,0.029638,0.294894,-0.046988,0.953914,-219.014557,84.504959,85.306778
155,1.291667,0.029667,0.294949,-0.047135,0.953888,-219.013901,84.505013,85.307220
156,1.300000,0.029468,0.294918,-0.047359,0.953893,-219.014313,84.505943,85.308060
157,1.308333,0.029475,0.294886,-0.047624,0.953890,-219.013794,84.506180,85.307053
158,1.316667,0.029495,0.294951,-0.047699,0.953865,-219.013046,84.506538,85.306778
159,1.325000,0.029467,0.294910,-0.047714,0.953878,-219.012695,84.505692,85.307770
160,1.333333,0.029563,0.294891,-0.047492,0.953892,-219.012329,84.508209,85.306473
161,1.341667,0.029379,0.294883,-0.047638,0.953893,-219.012665,84.507019,85.306801
162,1.350000,0.029501,0.294920,-0.047455,0.953887,-219.012192,84.505280,85.305183
163,1.358333,0.029561,0.294944,-0.047157,0.953892,-219.011215,84.504059,85.304329
164,1.366667,0.029658,0.294869,-0.047176,0.953911,-219.011780,84.505096,85.304985
165,1.375000,0.029625,0.294934,-0.047171,0.953893,-219.012192,84.505287,85.304764
166,1.383333,0.029549,0.294900,-0.047313,0.953899,-219.012451,84.504318,85.305473
167,1.391667,0.029582,0.294903,-0.047431,0.953891,-219.012665,84.504929,85.305244
168,1.400000,0.029464,0.294894,-0.047383,0.953899,-219.012527,84.504753,85.305367
169,1.408333,0.029463,0.294912,-0.047387,0.953894,-219.013733,84.505661,85.305801
170,1.416667,0.029441,0.294926,-0.047569,0.953881,-219.013290,84.506012,85.305595
171,1.425000,0.029505,0.294880,-0.047665,0.953888,-219.013931,84.503944,85.307259
172,1.433333,0.029648,0.294928,-0.047516,0.953877,-219.013397,84.504333,85.306892
173,1.441667,0.029695,0.294898,-0.047268,0.953897,-219.014191,84.504105,85.307022
174,1.450000,0.029628,0.294987,-0.047045,0.953882,-219.013138,84.503464,85.307404
175,1.458333,0.029720,0.294924,-0.047073,0.953898,-219.012833,84.503822,85.306915
176,1.466667,0.029863,0.294906,-0.046946,0.953905,-219.013626,84.504768,85.306450
177,1.475000,0.029680,0.294862,-0.047354,0.953904,-219.013184,84.504036,85.306938
178,1.483333,0.029521,0.294879,-0.047341,0.953904,-219.013168,84.505760,85.307045
179,1.491667,0.029488,0.294926,-0.047264,0.953895,-219.012878,84.506050,85.306778
180,1.500000,0.029541,0.294900,-0.047426,0.953893,-219.012787,84.505745,85.306290
181,1.508333,0.029583,0.294914,-0.047382,0.953890,-219.013123,84.504906,85.307297
182,1.516667,0.029575,0.294919,-0.047199,0.953897,-219.013168,84.504501,85.306236
183,1.525000,0.029659,0.294923,-0.046990,0.953904,-219.013687,84.503662,85.306442
184,1.533333,0.029662,0.294905,-0.046918,0.953913,-219.014236,84.503166,85.304832
185,1.541667,0.029739,0.294870,-0.047096,0.953912,-219.014526,84.504890,85.304802
186,1.550000,0.029633,0.294845,-0.047511,0.953903,-219.015152,84.505913,85.305542
187,1.558333,0.029453,0.294914,-0.047685,0.953879,-219.014999,84.506050,85.305466
188,1.566667,0.029417,0.294852,-0.047500,0.953908,-219.014908,84.504356,85.306740
189,1.575000,0.029503,0.294922,-0.047319,0.953893,-219.014832,84.504066,85.307404
190,1.583333,0.029591,0.294951,-0.047297,0.953882,-219.014694,84.505005,85.307419
191,1.591667,0.029666,0.294919,-0.047291,0.953890,-219.015030,84.506241,85.307846
192,1.600000,0.029705,0.294919,-0.047351,0.953886,-219.015167,84.504906,85.307678
193,1.608333,0.029618,0.294845,-0.047222,0.953918,-219.015045,84.504768,85.307327
194,1.616667,0.029485,0.294943,-0.047240,0.953891,-219.013855,84.504753,85.307465
195,1.625000,0.029414,0.294885,-0.047185,0.953914,-219.014603,84.503624,85.307907
196,1.633333,0.029522,0.294912,-0.047376,0.953893,-219.013931,84.504311,85.307915
197,1.641667,0.029594,0.294939,-0.047405,0.953881,-219.014648,84.504585,85.307571
198,1.650000,0.029520,0.294867,-0.047410,0.953905,-219.014923,84.504761,85.307869
199,1.658333,0.029516,0.294898,-0.047403,0.953896,-219.014923,84.504745,85.306236
200,1.666667,0.029412,0.294946,-0.047421,0.953883,-219.015335,84.505203,85.307297
201,1.675000,0.029500,0.294970,-0.047272,0.953880,-219.014832,84.505676,85.305840
202,1.683333,0.029579,0.294933,-0.047158,0.953895,-219.015884,84.504608,85.305611
203,1.691667,0.029593,0.294925,-0.047047,0.953902,-219.016525,84.504791,85.305908
204,1.700000,0.029551,0.294915,-0.047159,0.953902,-219.015671,84.505257,85.304779
205,1.708333,0.029551,0.294879,-0.047326,0.953904,-219.017075,84.505661,85.303566
206,1.716667,0.029568,0.294903,-0.047413,0.953892,-219.017151,84.505424,85.303589
207,1.725000,0.029526,0.294927,-0.047494,0.953882,-219.016693,84.504829,85.304420
208,1.733333,0.029526,0.294969,-0.047380,0.953875,-219.016434,84.504974,85.305016
209,1.741667,0.029711,0.294969,-0.047340,0.953871,-219.015335,84.506172,85.305443
210,1.750000,0.029708,0.294944,-0.047240,0.953884,-219.015594,84.505241,85.305817
211,1.758333,0.029533,0.294882,-0.047158,0.953912,-219.016846,84.504906,85.304787
212,1.766667,0.029581,0.294877,-0.047116,0.953914,-219.016693,84.504570,85.306511
213,1.775000,0.029599,0.294916,-0.046936,0.953911,-219.016357,84.505722,85.306236
214,1.783333,0.029553,0.294859,-0.047030,0.953925,-219.015640,84.504494,85.306198
215,1.791667,0.029515,0.294853,-0.047014,0.953929,-219.016434,84.505104,85.305794
216,1.800000,0.029468,0.294815,-0.047375,0.953924,-219.016571,84.505615,85.305862
217,1.808333,0.029499,0.294838,-0.047485,0.953911,-219.017609,84.505501,85.305832
218,1.816667,0.029505,0.294878,-0.047638,0.953890,-219.017242,84.506073,85.306870
219,1.825000,0.029421,0.294804,-0.047623,0.953917,-219.017197,84.505829,85.306854
220,1.833333,0.029354,0.294901,-0.047630,0.953888,-219.017410,84.506760,85.306091
221,1.841667,0.029407,0.294893,-0.047660,0.953888,-219.018082,84.507423,85.306007
222,1.850000,0.029339,0.294848,-0.047437,0.953915,-219.019226,84.506729,85.306259
223,1.858333,0.029267,0.294914,-0.047393,0.953899,-219.019394,84.505699,85.304352
224,1.866667,0.029296,0.294901,-0.047573,0.953893,-219.019150,84.506317,85.305672
225,1.875000,0.029350,0.294811,-0.047601,0.953918,-219.019653,84.507263,85.305801
226,1.883333,0.029363,0.294826,-0.047647,0.953911,-219.020554,84.507469,85.304352
227,1.891667,0.029460,0.294912,-0.047478,0.953889,-219.019440,84.507233,85.305061
228,1.900000,0.029580,0.294886,-0.047383,0.953898,-219.018982,84.508629,85.305191
229,1.908333,0.029364,0.294869,-0.047560,0.953902,-219.018768,84.507545,85.306084
230,1.916667,0.029359,0.294863,-0.047746,0.953894,-219.017975,84.506294,85.304901
231,1.925000,0.029473,0.294873,-0.047720,0.953889,-219.016907,84.505981,85.304771
232,1.933333,0.029569,0.294861,-0.047321,0.953910,-219.017792,84.505959,85.305649
233,1.941667,0.029471,0.294851,-0.047223,0.953920,-219.017197,84.504417,85.306152
234,1.950000,0.029495,0.294874,-0.047196,0.953914,-219.016449,84.503883,85.306511
235,1.958333,0.029594,0.294905,-0.047163,0.953903,-219.015854,84.505074,85.306183
236,1.966667,0.029412,0.294853,-0.047292,0.953918,-219.016357,84.505280,85.305519
237,1.975000,0.029429,0.294856,-0.047462,0.953908,-219.016769,84.506264,85.306641
238,1.983333,0.029290,0.294838,-0.047614,0.953911,-219.016739,84.507149,85.306892
239,1.991667,0.029239,0.294848,-0.047823,0.953899,-219.017410,84.507286,85.307556
240,2.000000,0.029291,0.294829,-0.047717,0.953908,-219.017838,84.507141,85.306580
241,2.008333,0.029332,0.294858,-0.047623,0.953903,-219.018311,84.507545,85.306641
242,2.016667,0.029489,0.294877,-0.047547,0.953896,-219.018372,84.506973,85.305992
243,2.025000,0.029396,0.294909,-0.047599,0.953886,-219.018738,84.505859,85.306595
244,2.033333,0.029308,0.294848,-0.047492,0.953913,-219.019058,84.506577,85.307465
245,2.041667,0.029503,0.294823,-0.047415,0.953919,-219.019989,84.507423,85.306129
246,2.050000,0.029441,0.294833,-0.047609,0.953908,-219.019775,84.506729,85.306931
247,2.058333,0.029340,0.294800,-0.047777,0.953913,-219.020035,84.505913,85.307304
248,2.066667,0.029464,0.294939,-0.047567,0.953877,-219.018814,84.506699,85.306618
249,2.075000,0.029487,0.294806,-0.047478,0.953921,-219.019562,84.506500,85.308479
250,2.083333,0.029342,0.294913,-0.047654,0.953884,-219.018982,84.506737,85.308258
251,2.091667,0.029318,0.294829,-0.047744,0.953906,-219.019485,84.506584,85.308205
252,2.100000,0.029263,0.294845,-0.047626,0.953909,-219.018860,84.506348,85.307907
253,2.108333,0.029367,0.294859,-0.047542,0.953905,-219.019287,84.506645,85.306732
254,2.116667,0.029499,0.294733,-0.047329,0.953951,-219.020386,84.507355,85.306915
255,2.125000,0.029521,0.294852,-0.047409,0.953910,-219.019745,84.507767,85.305626
256,2.133333,0.029488,0.294875,-0.047510,0.953898,-219.020111,84.507019,85.306091
257,2.141667,0.029334,0.294938,-0.047563,0.953881,-219.019653,84.507774,85.306076
258,2.150000,0.029371,0.294851,-0.047603,0.953905,-219.020676,84.507805,85.306213
259,2.158333,0.029396,0.294794,-0.047542,0.953925,-219.021133,84.508347,85.305801
260,2.166667,0.029288,0.294788,-0.047704,0.953922,-219.020798,84.507599,85.307014
261,2.175000,0.029148,0.294824,-0.047931,0.953904,-219.020248,84.506531,85.306755
262,2.183333,0.029207,0.294900,-0.047951,0.953877,-219.019180,84.506721,85.305443
263,2.191667,0.029411,0.294798,-0.047763,0.953912,-219.019836,84.507050,85.306511
264,2.200000,0.029576,0.294889,-0.047515,0.953891,-219.018936,84.506340,85.306206
265,2.208333,0.029568,0.294881,-0.047415,0.953899,-219.017792,84.506401,85.306046
266,2.216667,0.029404,0.294860,-0.047309,0.953916,-219.017120,84.505753,85.307533
267,2.225000,0.029401,0.294930,-0.047346,0.953892,-219.016296,84.506538,85.306992
268,2.233333,0.029613,0.294865,-0.047605,0.953893,-219.016724,84.506203,85.306732
269,2.241667,0.029620,0.294908,-0.047273,0.953896,-219.016006,84.506149,85.304741
270,2.250000,0.029560,0.294862,-0.047357,0.953908,-219.016525,84.506073,85.304550
271,2.258333,0.029419,0.294837,-0.047421,0.953917,-219.017548,84.505852,85.306519
272,2.266667,0.029476,0.294901,-0.047434,0.953895,-219.016907,84.507324,85.304848
273,2.275000,0.029508,0.294903,-0.047237,0.953902,-219.017441,84.507317,85.305611
274,2.283333,0.029356,0.294837,-0.047551,0.953912,-219.018417,84.507133,85.305290
275,2.291667,0.029262,0.294833,-0.047688,0.953909,-219.018738,84.506348,85.305695
276,2.300000,0.029234,0.294839,-0.047577,0.953914,-219.019104,84.506737,85.306183
277,2.308333,0.029333,0.294872,-0.047728,0.953893,-219.018738,84.507866,85.305656
278,2.316667,0.029468,0.294938,-0.047501,0.953880,-219.018768,84.507393,85.304604
279,2.325000,0.029507,0.294953,-0.047346,0.953882,-219.017700,84.505539,85.303947
280,2.333333,0.029333,0.294895,-0.047349,0.953905,-219.016937,84.504662,85.304871
281,2.341667,0.029347,0.294764,-0.047452,0.953940,-219.017166,84.506485,85.305977
282,2.350000,0.029475,0.294926,-0.047576,0.953880,-219.016479,84.507515,85.305359
283,2.358333,0.029477,0.294846,-0.047496,0.953908,-219.015640,84.507515,85.306503
284,2.366667,0.029488,0.294887,-0.047556,0.953892,-219.015961,84.507668,85.306320
285,2.375000,0.029454,0.294887,-0.047589,0.953892,-219.016098,84.507416,85.306046
286,2.383333,0.029447,0.294895,-0.047515,0.953893,-219.016052,84.506546,85.305771
287,2.391667,0.029328,0.294908,-0.047386,0.953899,-219.016647,84.506783,85.305283
288,2.400000,0.029492,0.294845,-0.047378,0.953914,-219.017166,84.507301,85.305870
289,2.408333,0.029468,0.294858,-0.047379,0.953911,-219.016861,84.507965,85.305580
290,2.416667,0.029443,0.294921,-0.047569,0.953883,-219.017242,84.507202,85.306076
291,2.425000,0.029500,0.294847,-0.047541,0.953905,-219.017212,84.508850,85.307449
292,2.433333,0.029452,0.294873,-0.047576,0.953897,-219.017502,84.508118,85.307610
293,2.441667,0.029506,0.294819,-0.047431,0.953919,-219.017868,84.508217,85.307419
294,2.450000,0.029369,0.294972,-0.047442,0.953875,-219.016602,84.506699,85.307556
295,2.458333,0.029402,0.294916,-0.047371,0.953895,-219.016785,84.505974,85.307724
296,2.466667,0.029442,0.294879,-0.047362,0.953906,-219.017151,84.506477,85.307045
297,2.475000,0.029359,0.294856,-0.047456,0.953911,-219.017105,84.505333,85.307220
298,2.483333,0.029463,0.294860,-0.047358,0.953911,-219.016006,84.506432,85.306046
299,2.491667,0.029420,0.294879,-0.047442,0.953903,-219.015579,84.506783,85.306572
300,2.500000,0.029418,0.294767,-0.047583,0.953930,-219.016449,84.506622,85.307823
301,2.508333,0.029460,0.294873,-0.047489,0.953901,-219.015915,84.506897,85.306664
302,2.516667,0.029365,0.294886,-0.047496,0.953900,-219.015411,84.506096,85.307655
303,2.525000,0.029456,0.294787,-0.047309,0.953937,-219.014862,84.506721,85.307961
304,2.533333,0.029465,0.294868,-0.047436,0.953905,-219.014648,84.507576,85.306122
305,2.541667,0.029373,0.294884,-0.047544,0.953897,-219.015152,84.506134,85.305962
306,2.550000,0.029508,0.294915,-0.047425,0.953890,-219.015259,84.505638,85.305473
307,2.558333,0.029568,0.294866,-0.047440,0.953902,-219.016052,84.505539,85.304993
308,2.566667,0.029501,0.294865,-0.047402,0.953906,-219.016571,84.506516,85.305893
309,2.575000,0.029519,0.294885,-0.047366,0.953901,-219.017075,84.507278,85.305801
310,2.583333,0.029575,0.294944,-0.047334,0.953883,-219.017761,84.507439,85.306305
311,2.591667,0.029405,0.294903,-0.047534,0.953891,-219.018723,84.506119,85.306221
312,2.600000,0.029432,0.294870,-0.047397,0.953907,-219.018936,84.505867,85.306534
313,2.608333,0.029453,0.294935,-0.047326,0.953890,-219.019012,84.506569,85.305801
314,2.616667,0.029570,0.294815,-0.047397,0.953920,-219.019699,84.506714,85.306206
315,2.625000,0.029487,0.294851,-0.047408,0.953911,-219.019577,84.506699,85.307274
316,2.633333,0.029436,0.294840,-0.047459,0.953913,-219.019073,84.506851,85.307137
317,2.641667,0.029386,0.294832,-0.047234,0.953929,-219.019394,84.505966,85.307251
318,2.650000,0.029263,0.294892,-0.047257,0.953912,-219.018723,84.506813,85.306892
319,2.658333,0.029308,0.294880,-0.047485,0.953904,-219.018097,84.506943,85.307297
320,2.666667,0.029435,0.294830,-0.047443,0.953917,-219.018509,84.506020,85.307297
321,2.675000,0.029427,0.294860,-0.047373,0.953912,-219.018250,84.506134,85.305779
322,2.683333,0.029498,0.294867,-0.047387,0.953907,-219.018936,84.505722,85.306183
323,2.691667,0.029464,0.294937,-0.047290,0.953891,-219.018387,84.505852,85.306015
324,2.700000,0.029418,0.294900,-0.047235,0.953906,-219.018509,84.506386,85.306213
325,2.708333,0.029425,0.294900,-0.047549,0.953891,-219.019440,84.505180,85.306145
326,2.716667,0.029417,0.294906,-0.047590,0.953887,-219.018936,84.504768,85.305580
327,2.725000,0.029504,0.294919,-0.047315,0.953894,-219.020035,84.505333,85.306099
328,2.733333,0.029335,0.294881,-0.047436,0.953905,-219.020370,84.506767,85.305420
329,2.741667,0.029276,0.294872,-0.047546,0.953904,-219.020416,84.506950,85.305222
330,2.750000,0.029157,0.294908,-0.047731,0.953887,-219.019623,84.506187,85.305557
331,2.758333,0.029386,0.294801,-0.047690,0.953915,-219.019958,84.506897,85.305199
332,2.766667,0.029450,0.294864,-0.047497,0.953903,-219.019196,84.507385,85.305725
333,2.775000,0.029493,0.294849,-0.047432,0.953910,-219.018204,84.506264,85.305901
334,2.783333,0.029371,0.294803,-0.047369,0.953931,-219.017502,84.506134,85.306587
335,2.791667,0.029510,0.294836,-0.047310,0.953920,-219.016098,84.507217,85.305557
336,2.800000,0.029366,0.294841,-0.047328,0.953922,-219.015320,84.506638,85.305557
337,2.808333,0.029397,0.294883,-0.047332,0.953908,-219.013672,84.505905,85.306679
338,2.816667,0.029603,0.294870,-0.047134,0.953915,-219.011383,84.504791,85.305962
339,2.825000,0.029844,0.294927,-0.046863,0.953903,-219.009903,84.505280,85.306618
340,2.833333,0.029773,0.294889,-0.046972,0.953912,-219.007919,84.504135,85.307999
341,2.841667,0.029892,0.294809,-0.047277,0.953918,-219.005936,84.505547,85.311005
342,2.850000,0.030154,0.294850,-0.047443,0.953889,-219.004349,84.506157,85.317101
343,2.858333,0.030775,0.294802,-0.047366,0.953887,-219.002533,84.507370,85.324768
344,2.866667,0.031190,0.294833,-0.047332,0.953866,-218.999817,84.506538,85.335968
345,2.875000,0.031545,0.294846,-0.047352,0.953849,-218.996857,84.506454,85.345818
346,2.883333,0.031802,0.294845,-0.047271,0.953845,-218.994690,84.505638,85.357506
347,2.891667,0.032249,0.294815,-0.047383,0.953834,-218.991562,84.505882,85.370117
348,2.900000,0.032819,0.294810,-0.047288,0.953821,-218.988754,84.508789,85.383736
349,2.908333,0.033437,0.294780,-0.047188,0.953814,-218.983719,84.508987,85.398117
350,2.916667,0.034395,0.294766,-0.047208,0.953783,-218.978638,84.508553,85.414986
351,2.925000,0.035238,0.294864,-0.047000,0.953732,-218.975159,84.508232,85.431213
352,2.933333,0.036102,0.294929,-0.047034,0.953678,-218.970673,84.507584,85.442734
353,2.941667,0.036680,0.295013,-0.047025,0.953630,-218.968201,84.506546,85.453865
354,2.950000,0.037253,0.294964,-0.047758,0.953587,-218.965561,84.508278,85.463737
355,2.958333,0.037466,0.294942,-0.048521,0.953547,-218.963120,84.508018,85.473236
356,2.966667,0.037945,0.294903,-0.049035,0.953513,-218.962067,84.511208,85.486603
357,2.975000,0.038554,0.294865,-0.049572,0.953473,-218.958710,84.514526,85.496521
358,2.983333,0.039162,0.294848,-0.049976,0.953433,-218.956757,84.517906,85.506042
359,2.991667,0.039374,0.294846,-0.049995,0.953424,-218.954224,84.518867,85.513603
360,3.000000,0.039835,0.294876,-0.050118,0.953389,-218.953018,84.519615,85.522179
361,3.008333,0.040315,0.294880,-0.049233,0.953413,-218.952148,84.516655,85.528252
362,3.016667,0.040967,0.294927,-0.047999,0.953434,-218.949982,84.512276,85.531700
363,3.025000,0.041782,0.294963,-0.047087,0.953433,-218.949219,84.508774,85.538513
364,3.033333,0.042475,0.295031,-0.046383,0.953416,-218.948364,84.507423,85.544792
365,3.041667,0.042935,0.295030,-0.046439,0.953393,-218.947601,84.506981,85.554138
366,3.050000,0.043005,0.295153,-0.046523,0.953347,-218.947906,84.507576,85.563538
367,3.058333,0.043475,0.295100,-0.046613,0.953338,-218.946762,84.507736,85.570213
368,3.066667,0.043836,0.295126,-0.046533,0.953317,-218.945267,84.506920,85.578064
369,3.075000,0.044328,0.295251,-0.046133,0.953275,-218.944077,84.507843,85.584473
370,3.083333,0.044311,0.295266,-0.045951,0.953280,-218.944260,84.508400,85.588661
371,3.091667,0.044151,0.295181,-0.045858,0.953318,-218.945450,84.506935,85.590248
372,3.100000,0.044073,0.295245,-0.045747,0.953307,-218.947418,84.507233,85.588470
373,3.108333,0.044123,0.295146,-0.045710,0.953338,-218.950058,84.505608,85.586632
374,3.116667,0.043703,0.295135,-0.045537,0.953369,-218.953873,84.504333,85.576607
375,3.125000,0.042817,0.295033,-0.045740,0.953431,-218.961044,84.503487,85.560188
376,3.133333,0.041802,0.294952,-0.045839,0.953496,-218.968796,84.502205,85.539223
377,3.141667,0.040607,0.294906,-0.045897,0.953559,-218.976425,84.501358,85.513275
378,3.150000,0.039723,0.294690,-0.046256,0.953646,-218.981964,84.502403,85.491989
379,3.158333,0.039297,0.294692,-0.047279,0.953613,-218.987061,84.504173,85.482170
380,3.166667,0.040508,0.294792,-0.047845,0.953503,-218.992310,84.513649,85.490128
381,3.175000,0.042290,0.294925,-0.046540,0.953449,-218.993958,84.527641,85.504593
382,3.183333,0.043512,0.295343,-0.044383,0.953368,-218.995575,84.553185,85.513779
383,3.191667,0.044878,0.295733,-0.042644,0.953263,-218.995590,84.594795,85.524460
384,3.200000,0.045192,0.296036,-0.042023,0.953181,-218.991562,84.651360,85.535271
385,3.208333,0.044860,0.296056,-0.041804,0.953200,-218.989868,84.714523,85.553871
386,3.216667,0.044504,0.295911,-0.041025,0.953296,-218.987564,84.768631,85.568329
387,3.225000,0.044313,0.295659,-0.040137,0.953421,-218.983673,84.819275,85.582466
388,3.233333,0.043672,0.295491,-0.038622,0.953565,-218.980270,84.866730,85.591011
389,3.241667,0.043579,0.295353,-0.038441,0.953619,-218.975143,84.917542,85.601021
390,3.250000,0.045770,0.295619,-0.039113,0.953407,-218.977432,84.984314,85.615425
391,3.258333,0.045727,0.295777,-0.040901,0.953285,-218.972351,85.039909,85.628662
392,3.266667,0.044912,0.295991,-0.042240,0.953199,-218.969254,85.092400,85.642578
393,3.275000,0.043834,0.296004,-0.043513,0.953188,-218.968887,85.147247,85.654762
394,3.283333,0.043069,0.296053,-0.044389,0.953167,-218.969269,85.201103,85.669014
395,3.291667,0.041220,0.295700,-0.041392,0.953493,-218.972565,85.270767,85.679626
396,3.300000,0.041089,0.295546,-0.040181,0.953598,-218.972061,85.326515,85.688637
397,3.308333,0.041704,0.295478,-0.039673,0.953614,-218.970840,85.380020,85.697647
398,3.316667,0.040366,0.295307,-0.044411,0.953516,-218.971161,85.452835,85.705673
399,3.325000,0.039747,0.295585,-0.046403,0.953361,-218.968933,85.522675,85.715561
400,3.333333,0.039068,0.295695,-0.046887,0.953331,-218.963913,85.579056,85.724518
401,3.341667,0.038784,0.295931,-0.046148,0.953305,-218.960983,85.632179,85.730377
402,3.350000,0.038384,0.295598,-0.044700,0.953494,-218.961594,85.682625,85.741768
403,3.358333,0.038106,0.295485,-0.044842,0.953533,-218.960159,85.731171,85.749283
404,3.366667,0.038041,0.295378,-0.045096,0.953557,-218.957352,85.778488,85.756706
405,3.375000,0.038023,0.295192,-0.045324,0.953605,-218.953995,85.824997,85.763733
406,3.383333,0.037782,0.295166,-0.045498,0.953614,-218.951385,85.872803,85.768135
407,3.391667,0.037762,0.295241,-0.045423,0.953595,-218.948227,85.920647,85.774536
408,3.400000,0.038025,0.295351,-0.045137,0.953564,-218.941315,85.975502,85.784058
409,3.408333,0.037946,0.295363,-0.045437,0.953549,-218.932846,86.030022,85.797905
410,3.416667,0.037314,0.295587,-0.044351,0.953556,-218.923828,86.087502,85.807182
411,3.425000,0.036966,0.295813,-0.044451,0.953495,-218.914627,86.141594,85.813995
412,3.433333,0.036183,0.295928,-0.045022,0.953463,-218.908279,86.191597,85.822472
413,3.441667,0.035737,0.296079,-0.046083,0.953382,-218.905014,86.247162,85.830688
414,3.450000,0.035374,0.296250,-0.047150,0.953290,-218.902252,86.301254,85.841217
415,3.458333,0.035017,0.296367,-0.047070,0.953271,-218.899200,86.352951,85.844688
416,3.466667,0.034972,0.296388,-0.046442,0.953297,-218.892502,86.403618,85.849037
417,3.475000,0.035218,0.296489,-0.045406,0.953306,-218.884323,86.459396,85.853577
418,3.483333,0.034676,0.296591,-0.045078,0.953310,-218.877228,86.515175,85.855499
419,3.491667,0.033854,0.296813,-0.044779,0.953284,-218.872787,86.573326,85.857887
420,3.500000,0.033095,0.297010,-0.045406,0.953220,-218.868988,86.628975,85.858421
421,3.508333,0.032363,0.297007,-0.045396,0.953246,-218.867783,86.688530,85.856857
422,3.516667,0.031806,0.296954,-0.046091,0.953248,-218.869568,86.739281,85.859932
423,3.525000,0.031303,0.296685,-0.046723,0.953318,-218.870590,86.784836,85.863907
424,3.533333,0.030857,0.296296,-0.047214,0.953429,-218.872208,86.828438,85.871056
425,3.541667,0.030364,0.296127,-0.047403,0.953488,-218.872482,86.871780,85.879875
426,3.550000,0.030111,0.296173,-0.047227,0.953491,-218.871689,86.914772,85.887794
427,3.558333,0.029490,0.296019,-0.047338,0.953552,-218.870453,86.959709,85.893631
428,3.566667,0.028545,0.295977,-0.046982,0.953612,-218.868729,87.003494,85.899315
429,3.575000,0.027887,0.296134,-0.046494,0.953606,-218.867035,87.045471,85.907135
430,3.583333,0.027280,0.296189,-0.046625,0.953600,-218.864700,87.088074,85.914230
431,3.591667,0.026915,0.296220,-0.047203,0.953573,-218.863083,87.132874,85.918274
432,3.600000,0.026887,0.296586,-0.046897,0.953475,-218.862747,87.183220,85.918602
433,3.608333,0.026139,0.296540,-0.047346,0.953488,-218.863083,87.224159,85.922600
434,3.616667,0.025515,0.296587,-0.047359,0.953490,-218.863419,87.256912,85.927269
435,3.625000,0.025257,0.296567,-0.047155,0.953513,-218.861481,87.292732,85.930191
436,3.633333,0.025088,0.296628,-0.047529,0.953480,-218.860107,87.325035,85.934090
437,3.641667,0.024700,0.296506,-0.047769,0.953516,-218.857925,87.355408,85.934502
438,3.650000,0.024492,0.296552,-0.047892,0.953501,-218.855377,87.388206,85.934830
439,3.658333,0.024125,0.296755,-0.048032,0.953440,-218.850662,87.422325,85.936913
440,3.666667,0.023749,0.296953,-0.048517,0.953363,-218.846649,87.454056,85.940331
441,3.675000,0.023196,0.296848,-0.049513,0.953358,-218.844147,87.483444,85.940422
442,3.683333,0.022898,0.296822,-0.050274,0.953333,-218.840927,87.510292,85.940910
443,3.691667,0.022607,0.296706,-0.050722,0.953353,-218.838745,87.531128,85.944458
444,3.700000,0.022573,0.296713,-0.050833,0.953346,-218.836853,87.550232,85.947556
445,3.708333,0.021502,0.296645,-0.047623,0.953557,-218.837906,87.584755,85.948601
446,3.716667,0.023178,0.296774,-0.046329,0.953542,-218.838318,87.621216,85.949615
447,3.725000,0.023704,0.296466,-0.046673,0.953608,-218.835800,87.645744,85.951172
448,3.733333,0.023571,0.296215,-0.047530,0.953647,-218.834946,87.669479,85.953758
449,3.741667,0.023001,0.296070,-0.048645,0.953649,-218.832993,87.694389,85.957817
450,3.750000,0.022688,0.296007,-0.049562,0.953629,-218.832352,87.722054,85.959335
451,3.758333,0.022953,0.295574,-0.051335,0.953664,-218.831757,87.741646,85.964226
452,3.766667,0.022308,0.295484,-0.050948,0.953727,-218.830704,87.767723,85.964127
453,3.775000,0.022075,0.295533,-0.050598,0.953736,-218.827911,87.784340,85.964188
454,3.783333,0.022253,0.295659,-0.050039,0.953723,-218.824646,87.799469,85.963608
455,3.791667,0.021792,0.295481,-0.051309,0.953721,-218.822098,87.821831,85.958153
456,3.800000,0.021300,0.295473,-0.052559,0.953666,-218.817230,87.843605,85.957199
457,3.808333,0.021052,0.296085,-0.053232,0.953445,-218.810455,87.864014,85.954018
458,3.816667,0.021093,0.295827,-0.053008,0.953536,-218.810486,87.885551,85.959511
459,3.825000,0.020939,0.296146,-0.052367,0.953476,-218.806046,87.905922,85.957512
460,3.833333,0.020994,0.296237,-0.052182,0.953457,-218.804123,87.924889,85.957397
461,3.841667,0.020744,0.296216,-0.052130,0.953472,-218.802673,87.948364,85.958176
462,3.850000,0.020383,0.295919,-0.052065,0.953575,-218.803452,87.974548,85.964386
463,3.858333,0.019913,0.295911,-0.051642,0.953611,-218.804031,87.998795,85.967957
464,3.866667,0.019986,0.295908,-0.051010,0.953644,-218.802353,88.016220,85.967873
465,3.875000,0.019901,0.295849,-0.050601,0.953686,-218.802094,88.032181,85.968452
466,3.883333,0.019792,0.295959,-0.050430,0.953663,-218.803101,88.052368,85.969093
467,3.891667,0.019942,0.296004,-0.050242,0.953656,-218.801193,88.071304,85.972847
468,3.900000,0.019713,0.295994,-0.049821,0.953686,-218.800140,88.087349,85.975899
469,3.908333,0.019833,0.296101,-0.049116,0.953687,-218.799713,88.104889,85.977135
470,3.916667,0.019976,0.296067,-0.048750,0.953713,-218.795807,88.119087,85.978058
471,3.925000,0.020285,0.296208,-0.048563,0.953672,-218.789597,88.132332,85.975754
472,3.933333,0.020632,0.296452,-0.048687,0.953583,-218.779938,88.144684,85.971329
473,3.941667,0.021129,0.296651,-0.048379,0.953526,-218.767090,88.164696,85.968544
474,3.950000,0.021264,0.296690,-0.047144,0.953573,-218.751999,88.203346,85.969986
475,3.958333,0.020115,0.297142,-0.046591,0.953484,-218.730545,88.263741,85.979546
476,3.966667,0.017796,0.297640,-0.047273,0.953341,-218.706848,88.350266,85.985992
477,3.975000,0.015092,0.297731,-0.052347,0.953094,-218.687027,88.441780,85.992775
478,3.983333,0.013679,0.298055,-0.055503,0.952836,-218.667480,88.515381,85.999786
479,3.991667,0.012858,0.298393,-0.056390,0.952689,-218.648010,88.573303,86.003082
480,4.000000,0.012359,0.298649,-0.054866,0.952704,-218.631821,88.615608,86.007538
481,4.008333,0.012224,0.298771,-0.052478,0.952802,-218.622040,88.650200,86.008400
482,4.016667,0.012009,0.298701,-0.050687,0.952924,-218.619354,88.685387,86.004654
483,4.025000,0.011414,0.298855,-0.050148,0.952912,-218.620178,88.723068,86.002701
484,4.033333,0.010804,0.298991,-0.050459,0.952860,-218.622803,88.763390,86.002243
485,4.041667,0.010567,0.298831,-0.050938,0.952887,-218.625183,88.799271,86.005081
486,4.050000,0.010237,0.298740,-0.051654,0.952881,-218.625641,88.828362,86.006737
487,4.058333,0.009949,0.298646,-0.051920,0.952899,-218.624329,88.851524,86.007744
488,4.066667,0.010198,0.298749,-0.051361,0.952894,-218.623169,88.866028,86.011444
489,4.075000,0.010621,0.298726,-0.050637,0.952936,-218.621964,88.877426,86.012421
490,4.083333,0.010505,0.298733,-0.048898,0.953025,-218.624069,88.895897,86.011604
491,4.091667,0.010140,0.298585,-0.048560,0.953093,-218.625504,88.907440,86.010406
492,4.100000,0.010085,0.298569,-0.048498,0.953102,-218.626923,88.916809,86.010498
493,4.108333,0.009931,0.298659,-0.048790,0.953060,-218.626312,88.926262,86.009491
494,4.116667,0.009919,0.298621,-0.049139,0.953054,-218.624832,88.929977,86.009560
495,4.125000,0.009838,0.298639,-0.049256,0.953043,-218.623734,88.929489,86.010712
496,4.133333,0.009826,0.298701,-0.049335,0.953020,-218.622498,88.925270,86.008965
497,4.141667,0.009846,0.298667,-0.049053,0.953045,-218.622375,88.917107,86.009346
498,4.150000,0.010062,0.298736,-0.048728,0.953038,-218.622208,88.913246,86.008820
499,4.158333,0.010088,0.298691,-0.048612,0.953057,-218.621964,88.916801,86.007904
500,4.166667,0.010096,0.298630,-0.048394,0.953088,-218.621475,88.923698,86.008080
501,4.175000,0.010004,0.298653,-0.048704,0.953066,-218.619080,88.927773,86.008980
502,4.183333,0.009940,0.298641,-0.048966,0.953057,-218.619827,88.927055,86.011795
503,4.191667,0.009838,0.298651,-0.049211,0.953042,-218.620087,88.922569,86.013351
504,4.200000,0.009863,0.298723,-0.049120,0.953024,-218.621063,88.918449,86.013260
505,4.208333,0.010125,0.298746,-0.048713,0.953035,-218.622116,88.916878,86.012856
506,4.216667,0.010122,0.298718,-0.048626,0.953048,-218.622894,88.917877,86.011482
507,4.225000,0.009930,0.298610,-0.048607,0.953085,-218.625549,88.923355,86.011391
508,4.233333,0.009922,0.298693,-0.048973,0.953040,-218.625122,88.926704,86.010963
509,4.241667,0.009797,0.298654,-0.049124,0.953046,-218.626923,88.925438,86.012909
510,4.250000,0.009823,0.298676,-0.049249,0.953032,-218.628647,88.922493,86.012856
511,4.258333,0.009858,0.298674,-0.048917,0.953050,-218.630722,88.917633,86.011925
512,4.266667,0.009985,0.298763,-0.048390,0.953047,-218.631149,88.918945,86.010406
513,4.275000,0.010027,0.298673,-0.048643,0.953062,-218.630524,88.921532,86.008507
514,4.283333,0.010137,0.298682,-0.048735,0.953054,-218.630814,88.925919,86.011902
515,4.291667,0.009977,0.298660,-0.049074,0.953045,-218.629913,88.926575,86.012192
516,4.300000,0.009897,0.298678,-0.049070,0.953040,-218.630554,88.925323,86.012199
517,4.308333,0.009770,0.298761,-0.049058,0.953016,-218.630508,88.921104,86.012939
518,4.316667,0.009798,0.298788,-0.049092,0.953005,-218.629486,88.918182,86.012001
519,4.325000,0.009879,0.298805,-0.048763,0.953016,-218.629211,88.920471,86.013306
520,4.333333,0.010002,0.298689,-0.048736,0.953053,-218.628906,88.923103,86.012802
521,4.341667,0.009914,0.298637,-0.048737,0.953070,-218.629288,88.925255,86.013657
522,4.350000,0.009940,0.298727,-0.049023,0.953027,-218.628479,88.925285,86.013542
523,4.358333,0.009792,0.298700,-0.049258,0.953025,-218.628433,88.922707,86.013123
524,4.366667,0.009928,0.298799,-0.048770,0.953017,-218.629074,88.920769,86.014511
525,4.375000,0.010018,0.298652,-0.048783,0.953062,-218.628784,88.919571,86.012596
526,4.383333,0.010209,0.298553,-0.048811,0.953089,-218.629166,88.922348,86.011765
527,4.391667,0.010121,0.298658,-0.048910,0.953053,-218.628098,88.924706,86.010536
528,4.400000,0.009982,0.298643,-0.049020,0.953053,-218.627472,88.925056,86.011093
529,4.408333,0.009832,0.298653,-0.049114,0.953046,-218.626266,88.924149,86.012001
530,4.416667,0.009868,0.298700,-0.049283,0.953023,-218.624786,88.922295,86.011642
531,4.425000,0.009844,0.298655,-0.049370,0.953032,-218.623230,88.921127,86.010796
532,4.433333,0.009925,0.298676,-0.048876,0.953051,-218.621948,88.922478,86.009705
533,4.441667,0.009988,0.298676,-0.048815,0.953053,-218.620972,88.923981,86.008850
534,4.450000,0.009853,0.298691,-0.048706,0.953055,-218.619675,88.924171,86.011192
535,4.458333,0.010029,0.298696,-0.048899,0.953042,-218.618301,88.924561,86.010498
536,4.466667,0.009990,0.298660,-0.048794,0.953059,-218.617218,88.924316,86.010681
537,4.475000,0.009858,0.298627,-0.048812,0.953070,-218.616776,88.922974,86.010895
538,4.483333,0.009754,0.298690,-0.049085,0.953037,-218.616013,88.921921,86.011032
539,4.491667,0.009831,0.298682,-0.049269,0.953029,-218.616669,88.922890,86.010704
540,4.500000,0.009949,0.298691,-0.049287,0.953024,-218.615906,88.923393,86.010185
541,4.508333,0.009853,0.298704,-0.049211,0.953025,-218.616745,88.922684,86.011032
542,4.516667,0.009881,0.298736,-0.049156,0.953018,-218.617554,88.923203,86.010010
543,4.525000,0.009934,0.298711,-0.048753,0.953046,-218.619507,88.922432,86.011642
544,4.533333,0.009757,0.298679,-0.048983,0.953046,-218.619781,88.920532,86.010536
545,4.541667,0.009875,0.298743,-0.048912,0.953028,-218.621414,88.921684,86.010605
546,4.550000,0.010069,0.298679,-0.048999,0.953042,-218.622772,88.922562,86.011337
547,4.558333,0.009918,0.298685,-0.048984,0.953042,-218.623230,88.923111,86.010674
548,4.566667,0.009790,0.298616,-0.048976,0.953066,-218.624466,88.923920,86.010323
549,4.575000,0.009930,0.298694,-0.049147,0.953031,-218.624802,88.922844,86.010292
550,4.583333,0.009921,0.298797,-0.049108,0.953001,-218.624588,88.922592,86.010582
551,4.591667,0.010000,0.298787,-0.048962,0.953010,-218.625977,88.921562,86.011383
552,4.600000,0.009931,0.298730,-0.048954,0.953030,-218.625610,88.921753,86.009178
553,4.608333,0.010036,0.298632,-0.048852,0.953064,-218.626755,88.923485,86.011360
554,4.616667,0.010108,0.298711,-0.048852,0.953039,-218.625015,88.924561,86.010490
555,4.625000,0.009981,0.298668,-0.048918,0.953050,-218.626312,88.924164,86.011917
556,4.633333,0.009837,0.298698,-0.049076,0.953034,-218.626541,88.920990,86.012474
557,4.641667,0.009996,0.298706,-0.049017,0.953033,-218.626694,88.920853,86.012856
558,4.650000,0.010090,0.298802,-0.049051,0.953000,-218.627502,88.923332,86.012672
559,4.658333,0.009988,0.298716,-0.049191,0.953021,-218.627716,88.923813,86.012909
560,4.666667,0.009872,0.298714,-0.049064,0.953030,-218.629379,88.922585,86.013214
561,4.675000,0.009862,0.298686,-0.049030,0.953040,-218.629639,88.922653,86.012939
562,4.683333,0.009858,0.298671,-0.049178,0.953037,-218.629745,88.921623,86.012360
563,4.691667,0.009855,0.298631,-0.048772,0.953071,-218.631119,88.924164,86.013123
564,4.700000,0.009972,0.298746,-0.048841,0.953030,-218.630508,88.924438,86.013374
565,4.708333,0.010250,0.298773,-0.048640,0.953029,-218.632324,88.927498,86.016106
566,4.716667,0.009849,0.298815,-0.048665,0.953019,-218.631531,88.930519,86.016342
567,4.725000,0.009894,0.298748,-0.048695,0.953038,-218.631287,88.936134,86.018867
568,4.733333,0.009832,0.298766,-0.048858,0.953024,-218.633347,88.942078,86.021767
569,4.741667,0.009640,0.298761,-0.048861,0.953028,-218.633392,88.951469,86.025253
570,4.750000,0.009485,0.298750,-0.048811,0.953035,-218.634628,88.961777,86.031860
571,4.758333,0.009286,0.298747,-0.048762,0.953041,-218.636841,88.970398,86.039345
572,4.766667,0.009139,0.298675,-0.048792,0.953063,-218.641800,88.980202,86.049019
573,4.775000,0.008916,0.298464,-0.049300,0.953105,-218.648438,88.984695,86.062668
574,4.783333,0.008579,0.298280,-0.050008,0.953129,-218.655258,88.987625,86.077866
575,4.791667,0.008421,0.298087,-0.050986,0.953139,-218.663834,88.982468,86.096001
576,4.800000,0.008253,0.297966,-0.052211,0.953112,-218.673584,88.969193,86.116043
577,4.808333,0.008179,0.297685,-0.052904,0.953162,-218.691727,88.946854,86.137390
578,4.816667,0.008543,0.297261,-0.052314,0.953324,-218.719833,88.921295,86.156532
579,4.825000,0.009498,0.296326,-0.052101,0.953617,-218.757446,88.885635,86.180542
580,4.833333,0.010251,0.295991,-0.051757,0.953732,-218.797394,88.851532,86.202843
581,4.841667,0.010037,0.295814,-0.049744,0.953897,-218.849045,88.834053,86.228729
582,4.850000,0.010102,0.295220,-0.050985,0.954015,-218.898529,88.818130,86.256615
583,4.858333,0.010179,0.294475,-0.052431,0.954166,-218.951599,88.806664,86.289146
584,4.866667,0.010206,0.293576,-0.053921,0.954359,-219.005112,88.792015,86.320297
585,4.875000,0.010833,0.292403,-0.054364,0.954687,-219.059204,88.768478,86.346893
586,4.883333,0.011083,0.291843,-0.053715,0.954892,-219.118408,88.739441,86.377403
587,4.891667,0.010817,0.291370,-0.052647,0.955099,-219.183762,88.706337,86.419968
588,4.900000,0.010922,0.290358,-0.052881,0.955394,-219.261642,88.677269,86.458107
589,4.908333,0.011065,0.289367,-0.052776,0.955698,-219.330811,88.661087,86.491318
590,4.916667,0.010719,0.288553,-0.052785,0.955948,-219.396561,88.647881,86.525391
591,4.925000,0.010430,0.287054,-0.053982,0.956335,-219.480637,88.628189,86.570923
592,4.933333,0.011303,0.286171,-0.054366,0.956568,-219.563416,88.612610,86.614304
593,4.941667,0.011783,0.285551,-0.054384,0.956747,-219.628738,88.590691,86.650513
594,4.950000,0.012270,0.284427,-0.053605,0.957119,-219.704697,88.562569,86.685677
595,4.958333,0.011219,0.283331,-0.052873,0.957498,-219.785172,88.527214,86.734566
596,4.966667,0.010224,0.282579,-0.052168,0.957770,-219.863007,88.509827,86.777893
597,4.975000,0.009710,0.281390,-0.051807,0.958145,-219.952850,88.497902,86.828926
598,4.983333,0.009655,0.279709,-0.051162,0.958672,-220.038177,88.487595,86.869614
599,4.991667,0.009383,0.278579,-0.051297,0.958997,-220.123123,88.479355,86.912338
600,5.000000,0.010373,0.278048,-0.051121,0.959150,-220.217010,88.486931,86.961014
601,5.008333,0.010079,0.276851,-0.051138,0.959498,-220.310562,88.494156,87.014992
602,5.016667,0.008086,0.275337,-0.052081,0.959902,-220.394470,88.493797,87.076042
603,5.025000,0.006449,0.274362,-0.053183,0.960133,-220.490570,88.501648,87.129341
604,5.033333,0.005633,0.273237,-0.053559,0.960438,-220.589188,88.514664,87.186409
605,5.041667,0.004978,0.271394,-0.053723,0.960955,-220.687775,88.536545,87.236221
606,5.050000,0.005369,0.270277,-0.053313,0.961290,-220.788712,88.565872,87.292580
607,5.058333,0.004416,0.268664,-0.052620,0.961786,-220.886642,88.589844,87.349091
608,5.066667,0.003352,0.267202,-0.051161,0.962276,-220.976257,88.618355,87.406822
609,5.075000,-0.000488,0.266712,-0.054766,0.962219,-221.079086,88.656082,87.469185
610,5.083333,-0.002162,0.265389,-0.057327,0.962433,-221.182419,88.680832,87.520760
611,5.091667,-0.002316,0.263498,-0.057565,0.962938,-221.284561,88.696739,87.572945
612,5.100000,-0.002815,0.262144,-0.056558,0.963366,-221.394516,88.704514,87.615677
613,5.108333,-0.002397,0.261316,-0.054693,0.963700,-221.494476,88.706955,87.656326
614,5.116667,-0.002140,0.259369,-0.053592,0.964288,-221.596008,88.709068,87.698822
615,5.125000,-0.002681,0.257883,-0.053589,0.964685,-221.698502,88.719543,87.736877
616,5.133333,-0.004317,0.256678,-0.054870,0.964929,-221.817535,88.716408,87.784920
617,5.141667,-0.005300,0.255405,-0.056104,0.965190,-221.927979,88.713051,87.820129
618,5.150000,-0.005139,0.254466,-0.056626,0.965409,-222.027924,88.703468,87.853828
619,5.158333,-0.004991,0.253479,-0.057100,0.965641,-222.140381,88.682625,87.883034
620,5.166667,-0.004755,0.252420,-0.057905,0.965872,-222.251465,88.662308,87.910370
621,5.175000,-0.004443,0.250309,-0.057679,0.966436,-222.369354,88.641579,87.940002
622,5.183333,-0.004297,0.248569,-0.057090,0.966921,-222.487289,88.621704,87.965103
623,5.191667,-0.005291,0.247796,-0.057893,0.967066,-222.603363,88.595528,87.989731
624,5.200000,-0.005640,0.246434,-0.057928,0.967411,-222.722366,88.576332,88.013641
625,5.208333,-0.006210,0.244216,-0.058014,0.967964,-222.844528,88.556984,88.036850
626,5.216667,-0.006395,0.242588,-0.058118,0.968366,-222.963089,88.532104,88.063103
627,5.225000,-0.006538,0.241544,-0.057503,0.968663,-223.082901,88.497368,88.090881
628,5.233333,-0.005841,0.240080,-0.057269,0.969045,-223.203857,88.467842,88.112053
629,5.241667,-0.004936,0.238703,-0.056755,0.969420,-223.323654,88.436409,88.123497
630,5.250000,-0.004415,0.236785,-0.056697,0.969896,-223.448532,88.407982,88.141022
631,5.258333,-0.005311,0.235991,-0.055852,0.970134,-223.568893,88.377785,88.169098
632,5.266667,-0.005712,0.234301,-0.055173,0.970580,-223.691010,88.356033,88.195541
633,5.275000,-0.006050,0.232632,-0.055185,0.970979,-223.814056,88.335991,88.214317
634,5.283333,-0.006131,0.231585,-0.054479,0.971269,-223.939896,88.309143,88.228645
635,5.291667,-0.006880,0.229946,-0.059582,0.971354,-224.068710,88.293167,88.244987
636,5.300000,-0.006257,0.228298,-0.062071,0.971590,-224.191910,88.270424,88.260460
637,5.308333,-0.005473,0.226490,-0.061482,0.972056,-224.311905,88.238403,88.274399
638,5.316667,-0.005475,0.224923,-0.060599,0.972475,-224.450821,88.204704,88.293877
639,5.325000,-0.004685,0.223725,-0.058463,0.972886,-224.582703,88.163452,88.316422
640,5.333333,-0.004519,0.222337,-0.056583,0.973316,-224.710556,88.121468,88.324821
641,5.341667,-0.004285,0.220519,-0.055205,0.973810,-224.848099,88.088837,88.335648
642,5.350000,-0.005910,0.219073,-0.051695,0.974320,-224.983551,88.080025,88.340691
643,5.358333,-0.006659,0.216801,-0.056072,0.974581,-225.126389,88.063362,88.355270
644,5.366667,-0.006049,0.215184,-0.058680,0.974790,-225.247925,88.032158,88.368019
645,5.375000,-0.005210,0.214190,-0.059783,0.974947,-225.378723,88.001900,88.377945
646,5.383333,-0.004832,0.212514,-0.060682,0.975260,-225.520996,87.969498,88.382378
647,5.391667,-0.003902,0.211114,-0.060076,0.975606,-225.660355,87.928413,88.395378
648,5.400000,-0.004469,0.209204,-0.056103,0.976251,-225.805328,87.904556,88.401978
649,5.408333,-0.003822,0.207035,-0.055238,0.976765,-225.953705,87.862190,88.407791
650,5.416667,-0.004323,0.206016,-0.057292,0.976861,-226.094131,87.832733,88.417313
651,5.425000,-0.004637,0.204167,-0.058346,0.977185,-226.234009,87.804413,88.419380
652,5.433333,-0.004772,0.202479,-0.058059,0.977552,-226.368683,87.778824,88.418053
653,5.441667,-0.004661,0.201047,-0.057946,0.977855,-226.507401,87.748810,88.422020
654,5.450000,-0.004943,0.199153,-0.057210,0.978284,-226.653473,87.725685,88.425850
655,5.458333,-0.004349,0.197353,-0.056707,0.978681,-226.789673,87.691971,88.435905
656,5.466667,-0.003849,0.195924,-0.055475,0.979041,-226.920456,87.659058,88.437370
657,5.475000,-0.003292,0.194214,-0.055829,0.979364,-227.059128,87.631157,88.432014
658,5.483333,-0.003134,0.193249,-0.055822,0.979555,-227.194427,87.602081,88.427231
659,5.491667,-0.003629,0.191539,-0.055148,0.979928,-227.328445,87.580910,88.412910
660,5.500000,-0.003681,0.189280,-0.054924,0.980379,-227.463623,87.555473,88.405090
661,5.508333,-0.003431,0.188112,-0.054697,0.980617,-227.580429,87.531158,88.396545
662,5.516667,-0.004600,0.185778,-0.058362,0.980846,-227.715378,87.524246,88.392662
663,5.525000,-0.005542,0.184261,-0.060702,0.980985,-227.849060,87.499405,88.392975
664,5.533333,-0.005243,0.183165,-0.061950,0.981114,-227.967957,87.458611,88.385529
665,5.541667,-0.004449,0.181872,-0.060747,0.981434,-228.099792,87.411949,88.381401
666,5.550000,-0.003698,0.180292,-0.058400,0.981871,-228.233551,87.362915,88.368073
667,5.558333,-0.002818,0.179276,-0.055259,0.982242,-228.373749,87.312325,88.358009
668,5.566667,-0.001744,0.177485,-0.053866,0.982647,-228.515152,87.275848,88.348480
669,5.575000,-0.001978,0.175450,-0.056590,0.982859,-228.658752,87.261818,88.345680
670,5.583333,-0.001716,0.173092,-0.057609,0.983218,-228.800751,87.239006,88.332336
671,5.591667,-0.001626,0.171420,-0.057074,0.983542,-228.937820,87.203995,88.316788
672,5.600000,-0.001965,0.170128,-0.057233,0.983757,-229.078003,87.170082,88.302818
673,5.608333,-0.001916,0.168733,-0.057676,0.983971,-229.219574,87.136803,88.282845
674,5.616667,-0.001317,0.167259,-0.056648,0.984283,-229.353195,87.107971,88.273109
675,5.625000,-0.000733,0.165214,-0.055603,0.984689,-229.494339,87.084587,88.258362
676,5.633333,0.000021,0.163886,-0.054724,0.984960,-229.628845,87.048599,88.237762
677,5.641667,0.000105,0.162602,-0.053287,0.985252,-229.771042,87.003807,88.221527
678,5.650000,0.002528,0.160498,-0.050105,0.985761,-229.910095,86.965019,88.188248
679,5.658333,0.003311,0.158650,-0.049998,0.986063,-230.035187,86.926582,88.160309
680,5.666667,0.003067,0.156926,-0.054060,0.986125,-230.163223,86.909447,88.143906
681,5.675000,0.002974,0.155662,-0.054689,0.986291,-230.291245,86.880676,88.120865
682,5.683333,0.003114,0.154000,-0.054589,0.986557,-230.412369,86.850487,88.085785
683,5.691667,0.003309,0.152745,-0.053061,0.986835,-230.531525,86.815109,88.049355
684,5.700000,0.003365,0.151681,-0.053447,0.986978,-230.641174,86.782082,88.016548
685,5.708333,0.002268,0.150036,-0.052208,0.987298,-230.754257,86.762550,87.987885
686,5.716667,0.002408,0.148733,-0.050762,0.987571,-230.858871,86.732132,87.960960
687,5.725000,0.002925,0.147623,-0.051184,0.987714,-230.959015,86.701584,87.932938
688,5.733333,0.002721,0.145465,-0.059140,0.987590,-231.063431,86.682518,87.901024
689,5.741667,0.002933,0.144291,-0.060916,0.987654,-231.157822,86.652908,87.864731
690,5.750000,0.003332,0.143626,-0.060549,0.987772,-231.251602,86.618156,87.831070
691,5.758333,0.002898,0.142714,-0.060640,0.987900,-231.347321,86.579109,87.801643
692,5.766667,0.004283,0.141386,-0.059182,0.988175,-231.440979,86.544250,87.770500
693,5.775000,0.005237,0.140178,-0.057648,0.988433,-231.528656,86.505028,87.732002
694,5.783333,0.005992,0.138452,-0.057212,0.988697,-231.622864,86.457443,87.691605
695,5.791667,0.006319,0.137918,-0.055801,0.988850,-231.706528,86.411690,87.657036
696,5.800000,0.006740,0.137153,-0.054782,0.989011,-231.786316,86.372772,87.624474
697,5.808333,0.007124,0.135881,-0.054739,0.989186,-231.866028,86.344978,87.591499
698,5.816667,0.007977,0.135266,-0.055053,0.989247,-231.946609,86.312469,87.554565
699,5.825000,0.008428,0.134289,-0.055716,0.989339,-232.031662,86.274040,87.518158
700,5.833333,0.008585,0.133212,-0.056404,0.989444,-232.114166,86.239456,87.475861
701,5.841667,0.008685,0.131558,-0.056452,0.989662,-232.199524,86.206039,87.439568
702,5.850000,0.008931,0.130712,-0.056360,0.989777,-232.277039,86.176315,87.412750
703,5.858333,0.008515,0.130070,-0.056242,0.989872,-232.355789,86.144371,87.392906
704,5.866667,0.008548,0.128982,-0.055231,0.990071,-232.439896,86.121735,87.371460
705,5.875000,0.007839,0.128234,-0.052778,0.990308,-232.520706,86.112320,87.345367
706,5.883333,0.007532,0.127202,-0.052870,0.990438,-232.600494,86.099998,87.326553
707,5.891667,0.007392,0.126260,-0.053664,0.990517,-232.685089,86.082878,87.304848
708,5.900000,0.007462,0.124956,-0.053149,0.990710,-232.781006,86.065094,87.276810
709,5.908333,0.007705,0.124234,-0.052578,0.990829,-232.867737,86.042007,87.252357
710,5.916667,0.008046,0.123425,-0.052382,0.990938,-232.963104,86.019676,87.228264
711,5.925000,0.008764,0.121954,-0.050563,0.991208,-233.054947,86.001823,87.206619
712,5.933333,0.009519,0.120728,-0.049058,0.991427,-233.145477,85.986351,87.186020
713,5.941667,0.009788,0.119122,-0.050114,0.991566,-233.235809,85.972832,87.169373
714,5.950000,0.009861,0.118047,-0.050790,0.991659,-233.324463,85.957527,87.148026
715,5.958333,0.009914,0.117147,-0.049650,0.991823,-233.411438,85.935219,87.116760
716,5.966667,0.010146,0.116793,-0.047414,0.991972,-233.498550,85.910645,87.101402
717,5.975000,0.010719,0.115383,-0.046752,0.992162,-233.584305,85.890915,87.073990
718,5.983333,0.009289,0.113948,-0.058400,0.991725,-233.684296,85.922821,87.062744
719,5.991667,0.009617,0.113255,-0.058386,0.991802,-233.773300,85.914703,87.037354
720,6.000000,0.010067,0.111884,-0.057868,0.991984,-233.854767,85.902580,87.009819
721,6.008333,0.010349,0.110711,-0.057571,0.992130,-233.939362,85.890900,86.986526
722,6.016667,0.009992,0.109955,-0.057563,0.992218,-234.019394,85.880554,86.962799
723,6.025000,0.009522,0.108693,-0.057330,0.992375,-234.105331,85.870079,86.936935
724,6.033333,0.010732,0.107265,-0.054184,0.992695,-234.195328,85.872467,86.905907
725,6.041667,0.011703,0.106292,-0.052768,0.992865,-234.272049,85.857620,86.881134
726,6.050000,0.012326,0.105634,-0.052488,0.992942,-234.345749,85.845261,86.856873
727,6.058333,0.012492,0.104823,-0.052050,0.993049,-234.424545,85.830513,86.832939
728,6.066667,0.012319,0.103854,-0.051594,0.993177,-234.509018,85.811768,86.809753
729,6.075000,0.012437,0.102640,-0.052161,0.993272,-234.587311,85.785797,86.788048
730,6.083333,0.011093,0.101666,-0.050903,0.993454,-234.666962,85.781029,86.760742
731,6.091667,0.010755,0.100962,-0.050332,0.993558,-234.742386,85.768730,86.736481
732,6.100000,0.010998,0.100132,-0.049032,0.993704,-234.815598,85.744598,86.712189
733,6.108333,0.011442,0.099463,-0.049370,0.993750,-234.883469,85.725899,86.689743
734,6.116667,0.011552,0.098405,-0.049752,0.993835,-234.959702,85.712578,86.660103
735,6.125000,0.011622,0.097433,-0.050254,0.993905,-235.035126,85.690598,86.627167
736,6.133333,0.011541,0.096455,-0.049942,0.994017,-235.111664,85.664474,86.595795
737,6.141667,0.011387,0.095397,-0.049714,0.994132,-235.183304,85.644180,86.566284
738,6.150000,0.011220,0.094338,-0.049553,0.994243,-235.257690,85.624092,86.535606
739,6.158333,0.011339,0.093505,-0.049295,0.994333,-235.326202,85.603493,86.504128
740,6.166667,0.011720,0.092975,-0.049174,0.994384,-235.383301,85.580696,86.475906
741,6.175000,0.012298,0.092537,-0.048929,0.994430,-235.439987,85.561218,86.450180
742,6.183333,0.012782,0.091924,-0.047197,0.994565,-235.499161,85.540878,86.424446
743,6.191667,0.012754,0.090696,-0.046156,0.994727,-235.564713,85.524170,86.400848
744,6.200000,0.012537,0.090191,-0.046093,0.994778,-235.617752,85.509857,86.373726
745,6.208333,0.012099,0.089750,-0.046586,0.994801,-235.676193,85.494217,86.350403
746,6.216667,0.011982,0.088774,-0.046734,0.994883,-235.746582,85.475098,86.327972
747,6.225000,0.011360,0.087228,-0.051548,0.994789,-235.822037,85.477638,86.298904
748,6.233333,0.011764,0.086136,-0.053089,0.994798,-235.897308,85.458183,86.269135
749,6.241667,0.013211,0.085727,-0.053869,0.994774,-235.977249,85.429466,86.231857
750,6.250000,0.013849,0.084588,-0.054288,0.994840,-236.062317,85.396606,86.186775
751,6.258333,0.013933,0.083525,-0.052988,0.994998,-236.148148,85.351555,86.137138
752,6.266667,0.014177,0.082597,-0.052051,0.995122,-236.239243,85.296936,86.086113
753,6.275000,0.015036,0.081187,-0.051715,0.995243,-236.335999,85.230949,86.027435
754,6.283333,0.015440,0.079883,-0.050843,0.995387,-236.436935,85.164352,85.967270
755,6.291667,0.015527,0.078348,-0.051238,0.995488,-236.545609,85.107361,85.903030
756,6.300000,0.015299,0.076783,-0.051705,0.995589,-236.656647,85.069588,85.833427
757,6.308333,0.016005,0.074888,-0.051704,0.995722,-236.770004,85.043129,85.775909
758,6.316667,0.016858,0.073318,-0.050068,0.995908,-236.883514,85.028725,85.714333
759,6.325000,0.016902,0.071885,-0.048012,0.996113,-237.001389,85.014862,85.641464
760,6.333333,0.017451,0.071049,-0.047465,0.996190,-237.113373,84.989777,85.574097
761,6.341667,0.018425,0.069346,-0.047205,0.996305,-237.239594,84.962257,85.503960
762,6.350000,0.018999,0.067520,-0.046504,0.996452,-237.365250,84.940216,85.441032
763,6.358333,0.019910,0.065756,-0.045521,0.996598,-237.485840,84.946846,85.361382
764,6.366667,0.020539,0.063781,-0.045077,0.996734,-237.601776,84.950371,85.298630
765,6.375000,0.020425,0.061677,-0.051107,0.996578,-237.724884,84.978508,85.233833
766,6.383333,0.019880,0.060348,-0.051782,0.996635,-237.831848,84.989441,85.172531
767,6.391667,0.017568,0.059629,-0.048572,0.996884,-237.928909,85.002182,85.113632
768,6.400000,0.016682,0.058936,-0.046663,0.997031,-238.020401,85.001678,85.059608
769,6.408333,0.017046,0.057526,-0.046126,0.997132,-238.114960,84.988564,85.006630
770,6.416667,0.018288,0.055889,-0.046233,0.997198,-238.205673,84.965889,84.965096
771,6.425000,0.019573,0.054290,-0.047156,0.997219,-238.293045,84.945282,84.910851
772,6.433333,0.020028,0.053124,-0.048670,0.997200,-238.371735,84.938881,84.860054
773,6.441667,0.021007,0.052511,-0.050320,0.997131,-238.436935,84.938187,84.817879
774,6.450000,0.020749,0.051626,-0.050454,0.997175,-238.501617,84.956429,84.777573
775,6.458333,0.020234,0.050774,-0.048859,0.997309,-238.566040,84.969505,84.739807
776,6.466667,0.018953,0.049729,-0.052305,0.997212,-238.631943,84.992256,84.699669
777,6.475000,0.018593,0.049022,-0.051754,0.997283,-238.680405,84.984230,84.656540
778,6.483333,0.019240,0.048344,-0.050015,0.997392,-238.736649,84.988594,84.613617
779,6.491667,0.019697,0.047216,-0.049102,0.997483,-238.792450,84.986206,84.582832
780,6.500000,0.019673,0.046835,-0.050548,0.997429,-238.846512,84.990005,84.558006
781,6.508333,0.020060,0.046232,-0.052275,0.997360,-238.895889,84.985748,84.525856
782,6.516667,0.020590,0.045420,-0.053873,0.997302,-238.939697,84.981850,84.501038
783,6.525000,0.020803,0.044667,-0.053698,0.997341,-238.977432,84.978333,84.478508
784,6.533333,0.020663,0.044290,-0.053164,0.997389,-239.010529,84.975533,84.458916
785,6.541667,0.020704,0.043770,-0.052663,0.997438,-239.038605,84.974075,84.445862
786,6.550000,0.020930,0.043503,-0.052284,0.997465,-239.067764,84.972748,84.432793
787,6.558333,0.021259,0.043224,-0.052512,0.997458,-239.092850,84.972496,84.419106
788,6.566667,0.021714,0.043452,-0.052206,0.997454,-239.115738,84.973625,84.407555
789,6.575000,0.021881,0.043562,-0.053005,0.997404,-239.131973,84.975487,84.400131
790,6.583333,0.021709,0.043617,-0.052613,0.997426,-239.143188,84.973755,84.391815
791,6.591667,0.021659,0.043496,-0.052305,0.997448,-239.153671,84.970116,84.387711
792,6.600000,0.021751,0.043515,-0.052437,0.997439,-239.160736,84.965843,84.386589
793,6.608333,0.021820,0.043433,-0.052315,0.997447,-239.160538,84.959961,84.383949
794,6.616667,0.022311,0.043759,-0.053555,0.997356,-239.155411,84.963394,84.389969
795,6.625000,0.022206,0.043937,-0.054355,0.997307,-239.145401,84.966293,84.391327
796,6.633333,0.022038,0.044408,-0.054366,0.997290,-239.137222,84.968880,84.394127
797,6.641667,0.021100,0.044551,-0.055360,0.997249,-239.129501,84.967308,84.387314
798,6.650000,0.019564,0.045081,-0.056160,0.997212,-239.124207,84.957001,84.382858
799,6.658333,0.016289,0.045049,-0.056640,0.997245,-239.120819,84.917084,84.373276
800,6.666667,0.017271,0.044448,-0.056632,0.997256,-239.118774,84.910469,84.379044
801,6.675000,0.019414,0.044569,-0.057068,0.997186,-239.121536,84.909233,84.399559
802,6.683333,0.022310,0.045326,-0.057360,0.997075,-239.124649,84.904739,84.432983
803,6.691667,0.024373,0.046249,-0.057315,0.996986,-239.131638,84.895905,84.464478
804,6.700000,0.026335,0.047460,-0.057055,0.996895,-239.145020,84.887878,84.497032
805,6.708333,0.027891,0.048894,-0.056432,0.996818,-239.162796,84.879204,84.531708
806,6.716667,0.030107,0.049926,-0.054596,0.996805,-239.181946,84.870590,84.587448
807,6.725000,0.032178,0.050943,-0.053011,0.996774,-239.203186,84.855865,84.646484
808,6.733333,0.035002,0.051672,-0.046525,0.996966,-239.225983,84.825066,84.715546
809,6.741667,0.037177,0.051552,-0.049372,0.996756,-239.255234,84.835602,84.766052
810,6.750000,0.039740,0.052233,-0.046645,0.996753,-239.267090,84.817856,84.798492
811,6.758333,0.039712,0.052452,-0.053194,0.996415,-239.271194,84.836197,84.801292
812,6.766667,0.039113,0.052569,-0.055956,0.996281,-239.256409,84.842148,84.784157
813,6.775000,0.037973,0.053241,-0.056467,0.996260,-239.249161,84.843452,84.766525
814,6.783333,0.036737,0.053608,-0.056248,0.996300,-239.249939,84.844948,84.749977
815,6.791667,0.036629,0.053835,-0.049447,0.996652,-239.245895,84.824524,84.755798
816,6.800000,0.036485,0.053181,-0.051731,0.996576,-239.253235,84.836983,84.762100
817,6.808333,0.036983,0.052602,-0.053839,0.996477,-239.252975,84.844955,84.764107
818,6.816667,0.037412,0.052734,-0.055199,0.996380,-239.249496,84.846893,84.770462
819,6.825000,0.037860,0.052756,-0.055290,0.996357,-239.247818,84.845116,84.770081
820,6.833333,0.037685,0.052887,-0.055169,0.996363,-239.248795,84.842842,84.765968
821,6.841667,0.037278,0.052912,-0.054884,0.996393,-239.250824,84.840706,84.762848
822,6.850000,0.036770,0.052844,-0.054452,0.996439,-239.254501,84.839783,84.756401
823,6.858333,0.036605,0.052913,-0.054309,0.996449,-239.255524,84.842010,84.758392
824,6.866667,0.036781,0.052831,-0.054481,0.996438,-239.255737,84.842758,84.760468
825,6.875000,0.037211,0.052776,-0.053937,0.996454,-239.254517,84.841110,84.763840
826,6.883333,0.037478,0.052689,-0.055059,0.996387,-239.255814,84.842720,84.765327
827,6.891667,0.037596,0.052668,-0.054873,0.996394,-239.256027,84.841385,84.765015
828,6.900000,0.037673,0.052655,-0.055081,0.996381,-239.256577,84.841660,84.767174
829,6.908333,0.037580,0.052668,-0.055065,0.996384,-239.256378,84.841194,84.766197
830,6.916667,0.037610,0.052711,-0.054945,0.996387,-239.256363,84.840843,84.767769
831,6.925000,0.037616,0.052675,-0.054743,0.996400,-239.256866,84.839119,84.766220
832,6.933333,0.037653,0.052768,-0.054845,0.996388,-239.256363,84.838409,84.765457
833,6.941667,0.037728,0.052762,-0.055359,0.996358,-239.256027,84.841187,84.765938
834,6.950000,0.037630,0.052725,-0.054990,0.996384,-239.255020,84.838936,84.762154
835,6.958333,0.037368,0.052790,-0.055507,0.996361,-239.255112,84.839119,84.761086
836,6.966667,0.037276,0.052878,-0.055350,0.996369,-239.254837,84.836792,84.758926
837,6.975000,0.037399,0.052798,-0.055249,0.996374,-239.255783,84.837112,84.757088
838,6.983333,0.037392,0.052810,-0.055254,0.996373,-239.256424,84.837273,84.757927
839,6.991667,0.037311,0.052823,-0.054961,0.996392,-239.255951,84.837471,84.758987
840,7.000000,0.037418,0.052900,-0.054696,0.996399,-239.255402,84.837807,84.761581
841,7.008333,0.037454,0.052832,-0.054996,0.996384,-239.255951,84.838226,84.762070
842,7.016667,0.037595,0.052845,-0.054931,0.996382,-239.254974,84.836372,84.762314
843,7.025000,0.037618,0.052781,-0.055319,0.996363,-239.256210,84.834953,84.761978
844,7.033333,0.037626,0.052881,-0.055264,0.996360,-239.256805,84.834679,84.761467
845,7.041667,0.037675,0.052881,-0.055499,0.996345,-239.257004,84.836037,84.759995
846,7.050000,0.037517,0.052865,-0.055444,0.996355,-239.256332,84.839447,84.759537
847,7.058333,0.037113,0.052891,-0.054998,0.996394,-239.257019,84.841743,84.759567
848,7.066667,0.036813,0.052876,-0.054927,0.996410,-239.257782,84.841263,84.759666
849,7.075000,0.036927,0.052760,-0.054699,0.996424,-239.257004,84.840950,84.759483
850,7.083333,0.037227,0.052853,-0.054866,0.996399,-239.256577,84.840134,84.761543
851,7.091667,0.037421,0.052772,-0.055141,0.996381,-239.255524,84.838997,84.760635
852,7.100000,0.037479,0.052820,-0.055390,0.996362,-239.254303,84.836876,84.763550
853,7.108333,0.037312,0.052897,-0.055130,0.996379,-239.253052,84.836998,84.762703
854,7.116667,0.037255,0.052867,-0.054857,0.996398,-239.252884,84.839493,84.762108
855,7.125000,0.037169,0.052890,-0.054879,0.996398,-239.252945,84.841217,84.763351
856,7.133333,0.037169,0.052871,-0.054259,0.996433,-239.253159,84.839294,84.759972
857,7.141667,0.037082,0.052754,-0.054686,0.996419,-239.254242,84.841515,84.759262
858,7.150000,0.037069,0.052803,-0.054727,0.996415,-239.254303,84.841713,84.757141
859,7.158333,0.037052,0.052954,-0.054606,0.996414,-239.254929,84.843048,84.757645
860,7.166667,0.037074,0.052923,-0.054119,0.996442,-239.255615,84.844002,84.760849
861,7.175000,0.036976,0.052961,-0.053604,0.996471,-239.255173,84.844620,84.758789
862,7.183333,0.036887,0.052987,-0.053787,0.996463,-239.255447,84.843933,84.759537
863,7.191667,0.036807,0.052958,-0.053992,0.996457,-239.255234,84.843864,84.759483
864,7.200000,0.036901,0.053089,-0.053987,0.996446,-239.255219,84.845016,84.760269
865,7.208333,0.036946,0.053145,-0.053651,0.996460,-239.255219,84.844185,84.761612
866,7.216667,0.036952,0.053007,-0.053600,0.996470,-239.255936,84.845268,84.759048
867,7.225000,0.037002,0.053038,-0.053919,0.996449,-239.256027,84.845284,84.760315
868,7.233333,0.037602,0.053616,-0.047841,0.996706,-239.253098,84.820923,84.768417
869,7.241667,0.037159,0.053027,-0.052855,0.996501,-239.258698,84.839783,84.763908
870,7.250000,0.037001,0.052778,-0.054452,0.996434,-239.256912,84.844185,84.760269
871,7.258333,0.037166,0.053019,-0.054369,0.996420,-239.252945,84.844627,84.761192
872,7.266667,0.037188,0.052981,-0.054687,0.996403,-239.251801,84.845825,84.759224
873,7.275000,0.036932,0.052916,-0.054774,0.996412,-239.252716,84.844383,84.757515
874,7.283333,0.036691,0.053037,-0.054692,0.996418,-239.253998,84.841972,84.757217
875,7.291667,0.036868,0.052942,-0.054560,0.996424,-239.255020,84.842033,84.758621
876,7.300000,0.037104,0.052900,-0.054313,0.996431,-239.255386,84.840950,84.758301
877,7.308333,0.037144,0.052857,-0.054808,0.996405,-239.256241,84.839714,84.758484
878,7.316667,0.037089,0.052792,-0.054999,0.996400,-239.256073,84.839241,84.756195
879,7.325000,0.037066,0.052856,-0.055195,0.996386,-239.256149,84.839790,84.758667
880,7.333333,0.037070,0.052805,-0.055020,0.996399,-239.256805,84.840027,84.758446
881,7.341667,0.037197,0.052813,-0.054937,0.996398,-239.256882,84.839394,84.759888
882,7.350000,0.037245,0.052813,-0.054971,0.996394,-239.257675,84.837830,84.759232
883,7.358333,0.037292,0.052731,-0.054785,0.996407,-239.257309,84.839264,84.758720
884,7.366667,0.037098,0.052782,-0.054723,0.996415,-239.257462,84.839668,84.759720
885,7.375000,0.037100,0.052744,-0.054695,0.996419,-239.256882,84.840439,84.758652
886,7.383333,0.037139,0.052742,-0.054998,0.996401,-239.256027,84.840462,84.758064
887,7.391667,0.037058,0.052741,-0.054968,0.996405,-239.255341,84.839127,84.757141
888,7.400000,0.037149,0.052796,-0.055236,0.996384,-239.254547,84.839996,84.758659
889,7.408333,0.037277,0.052820,-0.055080,0.996387,-239.254883,84.840431,84.758430
890,7.416667,0.037200,0.052761,-0.054559,0.996422,-239.254852,84.838699,84.758507
891,7.425000,0.037075,0.052791,-0.054398,0.996433,-239.256317,84.838448,84.759613
892,7.433333,0.036997,0.052657,-0.054536,0.996436,-239.257217,84.839401,84.757172
893,7.441667,0.037002,0.052778,-0.054694,0.996421,-239.256500,84.840302,84.759064
894,7.450000,0.037074,0.052736,-0.055080,0.996399,-239.255829,84.840973,84.759346
895,7.458333,0.037255,0.052733,-0.054950,0.996399,-239.256241,84.840157,84.757774
896,7.466667,0.037692,0.053385,-0.049611,0.996628,-239.254684,84.818420,84.765968
897,7.475000,0.037414,0.052904,-0.052902,0.996495,-239.260529,84.831886,84.762497
898,7.483333,0.037279,0.052693,-0.054469,0.996427,-239.258911,84.838882,84.758110
899,7.491667,0.037189,0.052803,-0.055240,0.996382,-239.256531,84.841934,84.759155
900,7.500000,0.037123,0.052838,-0.055261,0.996382,-239.255478,84.841759,84.758141
901,7.508333,0.037216,0.053015,-0.054829,0.996393,-239.254974,84.839745,84.760536
902,7.516667,0.037358,0.052860,-0.054402,0.996419,-239.254807,84.839310,84.759392
903,7.525000,0.037314,0.052782,-0.054400,0.996425,-239.256042,84.839401,84.759697
904,7.533333,0.037301,0.052829,-0.054679,0.996408,-239.257339,84.839157,84.759735
905,7.541667,0.037358,0.052827,-0.054530,0.996414,-239.255783,84.839302,84.759285
906,7.550000,0.037187,0.052862,-0.054890,0.996398,-239.255707,84.840378,84.758034
907,7.558333,0.037057,0.052889,-0.054706,0.996412,-239.254120,84.841087,84.757408
908,7.566667,0.037193,0.052875,-0.054796,0.996403,-239.253876,84.841827,84.758980
909,7.575000,0.037183,0.052851,-0.054654,0.996412,-239.254089,84.842072,84.758804
910,7.583333,0.037136,0.052906,-0.055044,0.996390,-239.253860,84.843132,84.758331
911,7.591667,0.037276,0.052941,-0.054884,0.996391,-239.253784,84.842125,84.760460
912,7.600000,0.037436,0.052912,-0.054515,0.996407,-239.255096,84.840187,84.758606
913,7.608333,0.037335,0.052912,-0.054672,0.996402,-239.255096,84.840027,84.759293
914,7.616667,0.037275,0.052927,-0.054925,0.996390,-239.254974,84.842239,84.759995
915,7.625000,0.037136,0.052900,-0.054604,0.996414,-239.254623,84.842018,84.759277
916,7.633333,0.037015,0.052912,-0.054568,0.996420,-239.254181,84.841919,84.759048
917,7.641667,0.036906,0.052943,-0.054801,0.996410,-239.254257,84.842392,84.757004
918,7.650000,0.037125,0.052970,-0.055110,0.996383,-239.253448,84.844955,84.759010
919,7.658333,0.037037,0.052920,-0.054831,0.996404,-239.253113,84.843513,84.759277
920,7.666667,0.036922,0.052868,-0.054611,0.996423,-239.253693,84.842758,84.758965
921,7.675000,0.036858,0.052964,-0.054420,0.996431,-239.254349,84.842064,84.759361
922,7.683333,0.037020,0.052945,-0.054452,0.996424,-239.254471,84.841789,84.759422
923,7.691667,0.037396,0.053529,-0.049201,0.996652,-239.251923,84.819839,84.766037
924,7.700000,0.037224,0.053069,-0.052415,0.996519,-239.257004,84.834641,84.761688
925,7.708333,0.036964,0.052964,-0.054411,0.996428,-239.255386,84.842705,84.756683
926,7.716667,0.036901,0.053053,-0.054943,0.996396,-239.253235,84.844452,84.757927
927,7.725000,0.036977,0.053034,-0.054774,0.996404,-239.252655,84.843590,84.758797
928,7.733333,0.036980,0.052972,-0.054264,0.996435,-239.253815,84.841827,84.759369
929,7.741667,0.036986,0.052906,-0.054216,0.996441,-239.255219,84.843277,84.757660
930,7.750000,0.037015,0.052988,-0.054248,0.996433,-239.255661,84.844292,84.758705
931,7.758333,0.036953,0.052920,-0.054291,0.996437,-239.255142,84.843979,84.758629
932,7.766667,0.036995,0.052954,-0.054277,0.996434,-239.255478,84.843689,84.758965
933,7.775000,0.037077,0.052938,-0.054223,0.996435,-239.255646,84.843002,84.758377
934,7.783333,0.037061,0.052913,-0.054405,0.996427,-239.256210,84.843025,84.757599
935,7.791667,0.037182,0.052888,-0.054539,0.996417,-239.255615,84.842720,84.758896
936,7.800000,0.037301,0.052845,-0.054285,0.996428,-239.255356,84.842285,84.759392
937,7.808333,0.037289,0.052956,-0.054241,0.996425,-239.254883,84.842613,84.758636
938,7.816667,0.037175,0.052986,-0.054088,0.996436,-239.254883,84.844749,84.759941
939,7.825000,0.037106,0.052914,-0.054034,0.996445,-239.254181,84.846100,84.759415
940,7.833333,0.037093,0.052968,-0.054109,0.996439,-239.254120,84.845314,84.761078
941,7.841667,0.036980,0.053027,-0.053934,0.996450,-239.254761,84.843864,84.758308
942,7.850000,0.036956,0.052985,-0.054280,0.996434,-239.254944,84.844696,84.757668
943,7.858333,0.037053,0.053047,-0.054361,0.996423,-239.254883,84.844978,84.759102
944,7.866667,0.037144,0.052954,-0.054108,0.996438,-239.254547,84.843727,84.757980
945,7.875000,0.037135,0.052991,-0.054285,0.996427,-239.254837,84.842781,84.758934
946,7.883333,0.037065,0.052934,-0.054222,0.996436,-239.255875,84.843979,84.758064
947,7.891667,0.037067,0.052947,-0.054167,0.996438,-239.255524,84.843781,84.758461
948,7.900000,0.037042,0.052923,-0.054113,0.996443,-239.255112,84.845230,84.758354
949,7.908333,0.037116,0.053020,-0.054384,0.996421,-239.255188,84.845009,84.759155
950,7.916667,0.037138,0.052999,-0.054427,0.996418,-239.256210,84.842644,84.757683
951,7.925000,0.037232,0.052962,-0.054330,0.996422,-239.256454,84.842461,84.757172
952,7.933333,0.037151,0.052875,-0.054680,0.996411,-239.255905,84.843124,84.758148
953,7.941667,0.037239,0.052918,-0.054477,0.996416,-239.254730,84.841263,84.758385
954,7.950000,0.037217,0.052931,-0.054556,0.996412,-239.254883,84.842781,84.758331
955,7.958333,0.037681,0.053517,-0.049047,0.996650,-239.252777,84.823326,84.767044
956,7.966667,0.037211,0.053086,-0.052121,0.996534,-239.257507,84.836372,84.761902
957,7.975000,0.037125,0.052886,-0.053516,0.996474,-239.256454,84.841927,84.758804
958,7.983333,0.037149,0.052937,-0.054328,0.996427,-239.254974,84.843536,84.758362
959,7.991667,0.037050,0.052923,-0.054589,0.996417,-239.254135,84.842972,84.758743
960,8.000000,0.037154,0.052965,-0.054610,0.996410,-239.253708,84.841972,84.759064
961,8.008333,0.037728,0.053548,-0.047908,0.996702,-239.252548,84.817772,84.766479
962,8.016667,0.037659,0.053469,-0.046219,0.996788,-239.255936,84.812866,84.763809
963,8.025000,0.037047,0.053056,-0.051690,0.996564,-239.259384,84.834435,84.758690
964,8.033333,0.036784,0.052956,-0.053591,0.996479,-239.255875,84.843971,84.757347
965,8.041667,0.036804,0.052980,-0.054360,0.996436,-239.253662,84.847984,84.758766
966,8.050000,0.036958,0.053091,-0.054480,0.996417,-239.252777,84.847427,84.758156
967,8.058333,0.037049,0.053111,-0.054329,0.996421,-239.253662,84.844498,84.760056
968,8.066667,0.037031,0.052951,-0.054034,0.996446,-239.255402,84.843697,84.756729
969,8.075000,0.037088,0.052919,-0.054197,0.996437,-239.256210,84.843315,84.758186
970,8.083333,0.037135,0.052940,-0.054455,0.996420,-239.256454,84.842346,84.759209
971,8.091667,0.037285,0.053016,-0.054200,0.996424,-239.256027,84.841591,84.759209
972,8.100000,0.037085,0.052887,-0.054359,0.996430,-239.256210,84.841919,84.758751
973,8.108333,0.036927,0.052925,-0.054365,0.996434,-239.255264,84.843048,84.758163
974,8.116667,0.037498,0.053590,-0.048211,0.996693,-239.252884,84.820099,84.767723
975,8.125000,0.037246,0.053166,-0.051327,0.996570,-239.258438,84.834633,84.762062
976,8.133333,0.037059,0.052973,-0.052918,0.996504,-239.257187,84.840408,84.758766
977,8.141667,0.037028,0.053065,-0.053676,0.996460,-239.256241,84.842346,84.760101
978,8.150000,0.037116,0.052946,-0.053983,0.996446,-239.255692,84.842674,84.758026
979,8.158333,0.037206,0.052930,-0.054496,0.996416,-239.256531,84.842918,84.758270
980,8.166667,0.037282,0.052927,-0.054542,0.996411,-239.256287,84.842834,84.757393
981,8.175000,0.037257,0.052991,-0.054542,0.996408,-239.255829,84.842850,84.758400
982,8.183333,0.037260,0.052991,-0.054139,0.996430,-239.255386,84.843658,84.758812
983,8.191667,0.037098,0.052978,-0.053922,0.996449,-239.255615,84.843163,84.758636
984,8.200000,0.037072,0.052926,-0.054030,0.996446,-239.255951,84.843552,84.758415
985,8.208333,0.037096,0.052927,-0.054099,0.996442,-239.255432,84.843704,84.757393
986,8.216667,0.037007,0.053001,-0.054348,0.996428,-239.255219,84.843552,84.758827
987,8.225000,0.037091,0.053039,-0.054148,0.996433,-239.254623,84.843185,84.758766
988,8.233333,0.037120,0.052952,-0.053926,0.996449,-239.254730,84.843048,84.758774
989,8.241667,0.037105,0.052936,-0.053971,0.996448,-239.254883,84.844391,84.760056
990,8.250000,0.037619,0.053525,-0.048734,0.996667,-239.252182,84.823883,84.765594
991,8.258333,0.037354,0.053020,-0.052932,0.996490,-239.258987,84.839432,84.762680
992,8.266667,0.037782,0.053454,-0.048447,0.996679,-239.254623,84.821686,84.766502
993,8.275000,0.037356,0.052997,-0.052900,0.996493,-239.258621,84.838448,84.761826
994,8.283333,0.037236,0.052914,-0.054534,0.996413,-239.255951,84.843704,84.758339
995,8.291667,0.037213,0.052936,-0.054910,0.996392,-239.253738,84.846306,84.758827
996,8.300000,0.037231,0.052986,-0.054731,0.996399,-239.252304,84.846092,84.759010
997,8.308333,0.037128,0.052919,-0.054504,0.996419,-239.254028,84.843925,84.758713
998,8.316667,0.037093,0.052936,-0.054286,0.996431,-239.254547,84.842484,84.758957
999,8.325000,0.037077,0.052904,-0.054232,0.996436,-239.254852,84.842911,84.759041
1000,8.333333,0.037120,0.052968,-0.054629,0.996410,-239.254257,84.843811,84.758156
1001,8.341667,0.037139,0.052998,-0.054566,0.996411,-239.253586,84.843277,84.758316
1002,8.350000,0.037588,0.053564,-0.048740,0.996666,-239.251450,84.822472,84.765068
1003,8.358333,0.037270,0.053116,-0.052525,0.996509,-239.258194,84.838768,84.763100
1004,8.366667,0.037223,0.052884,-0.054049,0.996442,-239.256287,84.844200,84.757751
1005,8.375000,0.037125,0.052968,-0.054185,0.996434,-239.253403,84.844452,84.760063
1006,8.383333,0.037140,0.053027,-0.054786,0.996397,-239.252640,84.844269,84.760124
1007,8.391667,0.037160,0.053056,-0.054817,0.996393,-239.253281,84.843971,84.758430
1008,8.400000,0.037222,0.053022,-0.054516,0.996409,-239.253372,84.843506,84.758736
1009,8.408333,0.037212,0.052934,-0.054363,0.996423,-239.253906,84.843918,84.758224
1010,8.416667,0.037295,0.053004,-0.054580,0.996404,-239.255402,84.843803,84.759331
1011,8.425000,0.037369,0.052968,-0.054372,0.996414,-239.255112,84.841393,84.759369
1012,8.433333,0.037814,0.053475,-0.048738,0.996662,-239.253159,84.820503,84.766678
1013,8.441667,0.037372,0.053037,-0.052418,0.996515,-239.259048,84.835167,84.763535
1014,8.450000,0.037175,0.052852,-0.053688,0.996465,-239.256836,84.841118,84.756645
1015,8.458333,0.037104,0.052926,-0.054668,0.996410,-239.254028,84.843842,84.758728
1016,8.466667,0.037111,0.053039,-0.054799,0.996397,-239.252762,84.844414,84.759193
1017,8.475000,0.037112,0.053030,-0.054707,0.996402,-239.252716,84.845612,84.758743
1018,8.483333,0.037057,0.052950,-0.054532,0.996418,-239.252518,84.843704,84.758240
1019,8.491667,0.037151,0.053011,-0.054164,0.996432,-239.252426,84.844002,84.759193
1020,8.500000,0.037190,0.053051,-0.053869,0.996444,-239.253754,84.843842,84.759399
1021,8.508333,0.037106,0.052928,-0.053886,0.996453,-239.253967,84.844139,84.758705
1022,8.516667,0.037108,0.052879,-0.054136,0.996442,-239.253235,84.845306,84.758217
1023,8.525000,0.037019,0.052961,-0.054253,0.996434,-239.253143,84.844131,84.758499
1024,8.533333,0.037045,0.052879,-0.054150,0.996443,-239.253052,84.844490,84.757156
1025,8.541667,0.037148,0.053051,-0.054139,0.996431,-239.253281,84.843864,84.760796
1026,8.550000,0.037195,0.053045,-0.054193,0.996427,-239.254044,84.842949,84.759979
1027,8.558333,0.037289,0.052969,-0.054129,0.996431,-239.253998,84.843376,84.759666
1028,8.566667,0.037221,0.052985,-0.054266,0.996425,-239.253693,84.843597,84.759384
1029,8.575000,0.037248,0.052983,-0.054270,0.996424,-239.253311,84.843597,84.758293
1030,8.583333,0.037031,0.053039,-0.054472,0.996418,-239.253281,84.843735,84.759323
1031,8.591667,0.036885,0.052965,-0.054270,0.996438,-239.252899,84.845421,84.757904
1032,8.600000,0.037488,0.053586,-0.047809,0.996713,-239.250366,84.823143,84.767624
1033,8.608333,0.037247,0.053184,-0.051305,0.996570,-239.255951,84.836777,84.763031
1034,8.616667,0.037016,0.053018,-0.052744,0.996512,-239.254974,84.842972,84.759277
1035,8.625000,0.036954,0.053110,-0.053466,0.996471,-239.252823,84.844299,84.758713
1036,8.633333,0.037010,0.053039,-0.053735,0.996459,-239.252258,84.844765,84.758080
1037,8.641667,0.036985,0.053098,-0.054025,0.996441,-239.252686,84.844894,84.760376
1038,8.650000,0.037688,0.053582,-0.048259,0.996684,-239.250732,84.820885,84.766586
1039,8.658333,0.037370,0.053064,-0.052771,0.996495,-239.257217,84.838249,84.761368
1040,8.666667,0.037147,0.052936,-0.054002,0.996445,-239.255066,84.842468,84.759315
1041,8.675000,0.037096,0.052929,-0.054444,0.996423,-239.251953,84.844742,84.758713
